ISO-10303-21;
HEADER;
FILE_DESCRIPTION(('KiCad electronic assembly'),'2;1');
FILE_NAME('Aegis60.step','2026-04-03T09:53:05',('Pcbnew'),('Kicad'),
  'Open CASCADE STEP processor 7.9','KiCad to STEP converter','Unknown'
  );
FILE_SCHEMA(('AUTOMOTIVE_DESIGN { 1 0 10303 214 1 1 1 1 }'));
ENDSEC;
DATA;
#1 = APPLICATION_PROTOCOL_DEFINITION('international standard',
  'automotive_design',2000,#2);
#2 = APPLICATION_CONTEXT(
  'core data for automotive mechanical design processes');
#3 = SHAPE_DEFINITION_REPRESENTATION(#4,#10);
#4 = PRODUCT_DEFINITION_SHAPE('','',#5);
#5 = PRODUCT_DEFINITION('design','',#6,#9);
#6 = PRODUCT_DEFINITION_FORMATION('','',#7);
#7 = PRODUCT('Aegis60 1','Aegis60 1','',(#8));
#8 = PRODUCT_CONTEXT('',#2,'mechanical');
#9 = PRODUCT_DEFINITION_CONTEXT('part definition',#2,'design');
#10 = SHAPE_REPRESENTATION('',(#11,#15),#19);
#11 = AXIS2_PLACEMENT_3D('',#12,#13,#14);
#12 = CARTESIAN_POINT('',(0.,0.,0.));
#13 = DIRECTION('',(0.,0.,1.));
#14 = DIRECTION('',(1.,0.,-0.));
#15 = AXIS2_PLACEMENT_3D('',#16,#17,#18);
#16 = CARTESIAN_POINT('',(0.,0.,0.));
#17 = DIRECTION('',(0.,0.,1.));
#18 = DIRECTION('',(1.,0.,-0.));
#19 = ( GEOMETRIC_REPRESENTATION_CONTEXT(3) 
GLOBAL_UNCERTAINTY_ASSIGNED_CONTEXT((#23)) GLOBAL_UNIT_ASSIGNED_CONTEXT(
(#20,#21,#22)) REPRESENTATION_CONTEXT('Context #1',
  '3D Context with UNIT and UNCERTAINTY') );
#20 = ( LENGTH_UNIT() NAMED_UNIT(*) SI_UNIT(.MILLI.,.METRE.) );
#21 = ( NAMED_UNIT(*) PLANE_ANGLE_UNIT() SI_UNIT($,.RADIAN.) );
#22 = ( NAMED_UNIT(*) SI_UNIT($,.STERADIAN.) SOLID_ANGLE_UNIT() );
#23 = UNCERTAINTY_MEASURE_WITH_UNIT(LENGTH_MEASURE(1.E-07),#20,
  'distance_accuracy_value','confusion accuracy');
#24 = PRODUCT_RELATED_PRODUCT_CATEGORY('part',$,(#7));
#25 = SHAPE_DEFINITION_REPRESENTATION(#26,#32);
#26 = PRODUCT_DEFINITION_SHAPE('','',#27);
#27 = PRODUCT_DEFINITION('design','',#28,#31);
#28 = PRODUCT_DEFINITION_FORMATION('','',#29);
#29 = PRODUCT('Aegis60_PCB','Aegis60_PCB','',(#30));
#30 = PRODUCT_CONTEXT('',#2,'mechanical');
#31 = PRODUCT_DEFINITION_CONTEXT('part definition',#2,'design');
#32 = ADVANCED_BREP_SHAPE_REPRESENTATION('',(#11,#33),#19645);
#33 = MANIFOLD_SOLID_BREP('',#34);
#34 = CLOSED_SHELL('',(#35,#75,#106,#137,#5618,#11099,#11116,#11133,
    #11150,#11167,#11184,#11201,#11218,#11235,#11252,#11269,#11286,
    #11303,#11320,#11337,#11349,#11366,#11383,#11400,#11417,#11434,
    #11451,#11468,#11485,#11502,#11519,#11536,#11553,#11570,#11587,
    #11604,#11621,#11638,#11655,#11672,#11689,#11706,#11723,#11740,
    #11757,#11774,#11791,#11808,#11825,#11842,#11859,#11876,#11893,
    #11910,#11927,#11944,#11961,#11978,#11995,#12012,#12029,#12046,
    #12063,#12080,#12097,#12114,#12131,#12148,#12165,#12182,#12199,
    #12216,#12233,#12250,#12272,#12289,#12306,#12323,#12340,#12352,
    #12369,#12386,#12403,#12420,#12437,#12454,#12471,#12488,#12505,
    #12522,#12539,#12556,#12573,#12590,#12607,#12624,#12641,#12658,
    #12675,#12692,#12709,#12726,#12743,#12760,#12777,#12794,#12811,
    #12828,#12845,#12862,#12879,#12896,#12913,#12930,#12947,#12964,
    #12981,#12998,#13015,#13032,#13049,#13066,#13083,#13100,#13117,
    #13134,#13151,#13168,#13185,#13202,#13219,#13236,#13253,#13270,
    #13287,#13304,#13321,#13338,#13355,#13372,#13389,#13406,#13423,
    #13440,#13457,#13474,#13491,#13508,#13525,#13542,#13559,#13576,
    #13593,#13610,#13627,#13644,#13661,#13678,#13695,#13712,#13729,
    #13746,#13763,#13780,#13797,#13814,#13831,#13848,#13865,#13882,
    #13899,#13916,#13933,#13950,#13967,#13984,#14001,#14018,#14035,
    #14052,#14069,#14086,#14103,#14120,#14137,#14154,#14171,#14188,
    #14205,#14222,#14239,#14256,#14273,#14290,#14307,#14324,#14341,
    #14358,#14375,#14392,#14409,#14426,#14443,#14460,#14477,#14494,
    #14511,#14528,#14545,#14562,#14579,#14596,#14613,#14630,#14647,
    #14664,#14681,#14698,#14715,#14732,#14749,#14766,#14783,#14800,
    #14817,#14834,#14851,#14868,#14885,#14902,#14919,#14936,#14953,
    #14970,#14987,#15004,#15021,#15038,#15055,#15072,#15089,#15106,
    #15123,#15140,#15157,#15174,#15191,#15208,#15225,#15242,#15259,
    #15276,#15293,#15310,#15327,#15344,#15361,#15378,#15395,#15412,
    #15429,#15446,#15463,#15480,#15497,#15514,#15531,#15548,#15565,
    #15582,#15599,#15616,#15633,#15650,#15667,#15684,#15701,#15718,
    #15735,#15752,#15769,#15786,#15803,#15820,#15837,#15854,#15871,
    #15888,#15905,#15922,#15939,#15956,#15973,#15990,#16007,#16024,
    #16041,#16058,#16075,#16092,#16109,#16126,#16143,#16160,#16177,
    #16194,#16211,#16228,#16245,#16262,#16279,#16296,#16313,#16330,
    #16347,#16364,#16381,#16398,#16415,#16432,#16449,#16466,#16483,
    #16500,#16517,#16534,#16551,#16568,#16585,#16602,#16619,#16636,
    #16653,#16670,#16687,#16704,#16721,#16738,#16755,#16772,#16789,
    #16806,#16823,#16840,#16857,#16874,#16891,#16908,#16925,#16942,
    #16959,#16976,#16993,#17010,#17027,#17044,#17061,#17078,#17095,
    #17112,#17129,#17146,#17163,#17180,#17197,#17214,#17231,#17248,
    #17265,#17282,#17299,#17316,#17333,#17350,#17367,#17384,#17401,
    #17418,#17435,#17452,#17469,#17486,#17503,#17520,#17537,#17554,
    #17571,#17588,#17605,#17622,#17639,#17656,#17673,#17690,#17707,
    #17724,#17741,#17758,#17775,#17792,#17809,#17826,#17843,#17860,
    #17877,#17894,#17911,#17928,#17945,#17962,#17979,#17996,#18013,
    #18030,#18047,#18064,#18081,#18098,#18115,#18132,#18149,#18166,
    #18183,#18200,#18217,#18234,#18251,#18268,#18285,#18302,#18319,
    #18336,#18353,#18370,#18387,#18404,#18421,#18438,#18455,#18472,
    #18489,#18506,#18523,#18540,#18557,#18574,#18591,#18608,#18625,
    #18642,#18659,#18676,#18693,#18710,#18727,#18744,#18761,#18778,
    #18795,#18812,#18829,#18846,#18863,#18880,#18897,#18914,#18931,
    #18948,#18965,#18982,#18999,#19016,#19033,#19050,#19067,#19084,
    #19101,#19118,#19135,#19152,#19169,#19186,#19203,#19220,#19237,
    #19254,#19271,#19288,#19305,#19322,#19339,#19356,#19373,#19390,
    #19407,#19424,#19441,#19458,#19475,#19492,#19509,#19526,#19543,
    #19560,#19577,#19594,#19611,#19628));
#35 = ADVANCED_FACE('',(#36),#70,.T.);
#36 = FACE_BOUND('',#37,.T.);
#37 = EDGE_LOOP('',(#38,#48,#56,#64));
#38 = ORIENTED_EDGE('',*,*,#39,.T.);
#39 = EDGE_CURVE('',#40,#42,#44,.T.);
#40 = VERTEX_POINT('',#41);
#41 = CARTESIAN_POINT('',(380.371022,-109.556723,0.));
#42 = VERTEX_POINT('',#43);
#43 = CARTESIAN_POINT('',(380.371022,-109.556723,1.51));
#44 = LINE('',#45,#46);
#45 = CARTESIAN_POINT('',(380.371022,-109.556723,0.));
#46 = VECTOR('',#47,1.);
#47 = DIRECTION('',(0.,0.,1.));
#48 = ORIENTED_EDGE('',*,*,#49,.T.);
#49 = EDGE_CURVE('',#42,#50,#52,.T.);
#50 = VERTEX_POINT('',#51);
#51 = CARTESIAN_POINT('',(381.244225,-110.429926,1.51));
#52 = LINE('',#53,#54);
#53 = CARTESIAN_POINT('',(380.371022,-109.556723,1.51));
#54 = VECTOR('',#55,1.);
#55 = DIRECTION('',(0.707106781187,-0.707106781187,0.));
#56 = ORIENTED_EDGE('',*,*,#57,.F.);
#57 = EDGE_CURVE('',#58,#50,#60,.T.);
#58 = VERTEX_POINT('',#59);
#59 = CARTESIAN_POINT('',(381.244225,-110.429926,0.));
#60 = LINE('',#61,#62);
#61 = CARTESIAN_POINT('',(381.244225,-110.429926,0.));
#62 = VECTOR('',#63,1.);
#63 = DIRECTION('',(0.,0.,1.));
#64 = ORIENTED_EDGE('',*,*,#65,.F.);
#65 = EDGE_CURVE('',#40,#58,#66,.T.);
#66 = LINE('',#67,#68);
#67 = CARTESIAN_POINT('',(380.371022,-109.556723,0.));
#68 = VECTOR('',#69,1.);
#69 = DIRECTION('',(0.707106781187,-0.707106781187,0.));
#70 = PLANE('',#71);
#71 = AXIS2_PLACEMENT_3D('',#72,#73,#74);
#72 = CARTESIAN_POINT('',(380.371022,-109.556723,0.));
#73 = DIRECTION('',(0.707106781187,0.707106781187,-0.));
#74 = DIRECTION('',(0.707106781187,-0.707106781187,0.));
#75 = ADVANCED_FACE('',(#76),#101,.T.);
#76 = FACE_BOUND('',#77,.T.);
#77 = EDGE_LOOP('',(#78,#88,#94,#95));
#78 = ORIENTED_EDGE('',*,*,#79,.T.);
#79 = EDGE_CURVE('',#80,#82,#84,.T.);
#80 = VERTEX_POINT('',#81);
#81 = CARTESIAN_POINT('',(379.268396,-109.1,0.));
#82 = VERTEX_POINT('',#83);
#83 = CARTESIAN_POINT('',(379.268396,-109.1,1.51));
#84 = LINE('',#85,#86);
#85 = CARTESIAN_POINT('',(379.268396,-109.1,0.));
#86 = VECTOR('',#87,1.);
#87 = DIRECTION('',(0.,0.,1.));
#88 = ORIENTED_EDGE('',*,*,#89,.T.);
#89 = EDGE_CURVE('',#82,#42,#90,.T.);
#90 = LINE('',#91,#92);
#91 = CARTESIAN_POINT('',(379.268396,-109.1,1.51));
#92 = VECTOR('',#93,1.);
#93 = DIRECTION('',(0.92387942688,-0.382683687382,0.));
#94 = ORIENTED_EDGE('',*,*,#39,.F.);
#95 = ORIENTED_EDGE('',*,*,#96,.F.);
#96 = EDGE_CURVE('',#80,#40,#97,.T.);
#97 = LINE('',#98,#99);
#98 = CARTESIAN_POINT('',(379.268396,-109.1,0.));
#99 = VECTOR('',#100,1.);
#100 = DIRECTION('',(0.92387942688,-0.382683687382,0.));
#101 = PLANE('',#102);
#102 = AXIS2_PLACEMENT_3D('',#103,#104,#105);
#103 = CARTESIAN_POINT('',(379.268396,-109.1,0.));
#104 = DIRECTION('',(0.382683687382,0.92387942688,-0.));
#105 = DIRECTION('',(0.92387942688,-0.382683687382,0.));
#106 = ADVANCED_FACE('',(#107),#132,.T.);
#107 = FACE_BOUND('',#108,.T.);
#108 = EDGE_LOOP('',(#109,#110,#118,#126));
#109 = ORIENTED_EDGE('',*,*,#57,.T.);
#110 = ORIENTED_EDGE('',*,*,#111,.T.);
#111 = EDGE_CURVE('',#50,#112,#114,.T.);
#112 = VERTEX_POINT('',#113);
#113 = CARTESIAN_POINT('',(381.700948,-111.532552,1.51));
#114 = LINE('',#115,#116);
#115 = CARTESIAN_POINT('',(381.244225,-110.429926,1.51));
#116 = VECTOR('',#117,1.);
#117 = DIRECTION('',(0.382683687382,-0.92387942688,0.));
#118 = ORIENTED_EDGE('',*,*,#119,.F.);
#119 = EDGE_CURVE('',#120,#112,#122,.T.);
#120 = VERTEX_POINT('',#121);
#121 = CARTESIAN_POINT('',(381.700948,-111.532552,0.));
#122 = LINE('',#123,#124);
#123 = CARTESIAN_POINT('',(381.700948,-111.532552,0.));
#124 = VECTOR('',#125,1.);
#125 = DIRECTION('',(0.,0.,1.));
#126 = ORIENTED_EDGE('',*,*,#127,.F.);
#127 = EDGE_CURVE('',#58,#120,#128,.T.);
#128 = LINE('',#129,#130);
#129 = CARTESIAN_POINT('',(381.244225,-110.429926,0.));
#130 = VECTOR('',#131,1.);
#131 = DIRECTION('',(0.382683687382,-0.92387942688,0.));
#132 = PLANE('',#133);
#133 = AXIS2_PLACEMENT_3D('',#134,#135,#136);
#134 = CARTESIAN_POINT('',(381.244225,-110.429926,0.));
#135 = DIRECTION('',(0.92387942688,0.382683687382,-0.));
#136 = DIRECTION('',(0.382683687382,-0.92387942688,0.));
#137 = ADVANCED_FACE('',(#138,#261,#272,#283,#294,#305,#316,#327,#338,
    #349,#360,#371,#382,#393,#404,#415,#426,#437,#448,#459,#470,#481,
    #492,#503,#514,#525,#536,#547,#558,#569,#580,#591,#602,#613,#624,
    #635,#646,#657,#668,#679,#690,#701,#712,#723,#734,#745,#756,#767,
    #778,#789,#800,#811,#822,#833,#844,#894,#905,#916,#927,#938,#949,
    #960,#971,#982,#993,#1004,#1015,#1026,#1037,#1048,#1059,#1070,#1081,
    #1092,#1103,#1114,#1125,#1136,#1147,#1158,#1169,#1180,#1191,#1202,
    #1213,#1224,#1235,#1246,#1257,#1268,#1279,#1290,#1301,#1312,#1323,
    #1334,#1345,#1356,#1367,#1378,#1389,#1400,#1411,#1422,#1433,#1444,
    #1455,#1466,#1477,#1488,#1499,#1510,#1521,#1532,#1543,#1554,#1565,
    #1576,#1587,#1598,#1609,#1620,#1631,#1642,#1653,#1664,#1675,#1686,
    #1697,#1708,#1719,#1730,#1741,#1752,#1763,#1774,#1785,#1796,#1807,
    #1818,#1829,#1840,#1851,#1862,#1873,#1884,#1895,#1906,#1917,#1928,
    #1939,#1950,#1961,#1972,#1983,#1994,#2005,#2016,#2027,#2038,#2049,
    #2060,#2071,#2082,#2093,#2104,#2115,#2126,#2137,#2148,#2159,#2170,
    #2181,#2192,#2203,#2214,#2225,#2236,#2247,#2258,#2269,#2280,#2291,
    #2302,#2313,#2324,#2335,#2346,#2357,#2368,#2379,#2390,#2401,#2412,
    #2423,#2434,#2445,#2456,#2467,#2478,#2489,#2500,#2511,#2522,#2533,
    #2544,#2555,#2566,#2577,#2588,#2599,#2610,#2621,#2632,#2643,#2654,
    #2665,#2676,#2687,#2698,#2709,#2720,#2731,#2742,#2753,#2764,#2775,
    #2786,#2797,#2808,#2819,#2830,#2841,#2852,#2863,#2874,#2885,#2896,
    #2907,#2918,#2929,#2940,#2951,#2962,#2973,#2984,#2995,#3006,#3017,
    #3028,#3039,#3050,#3061,#3072,#3083,#3094,#3105,#3116,#3127,#3138,
    #3149,#3160,#3171,#3182,#3193,#3204,#3215,#3226,#3237,#3248,#3259,
    #3270,#3281,#3292,#3303,#3314,#3325,#3336,#3347,#3358,#3369,#3380,
    #3391,#3402,#3413,#3424,#3435,#3446,#3457,#3468,#3479,#3490,#3501,
    #3512,#3523,#3534,#3545,#3556,#3567,#3578,#3589,#3600,#3611,#3622,
    #3633,#3644,#3655,#3666,#3677,#3688,#3699,#3710,#3721,#3732,#3743,
    #3754,#3765,#3776,#3787,#3798,#3809,#3820,#3831,#3842,#3853,#3864,
    #3875,#3886,#3897,#3908,#3919,#3930,#3941,#3952,#3963,#3974,#3985,
    #3996,#4007,#4018,#4029,#4040,#4051,#4062,#4073,#4084,#4095,#4106,
    #4117,#4128,#4139,#4150,#4161,#4172,#4183,#4194,#4205,#4216,#4227,
    #4238,#4249,#4260,#4271,#4282,#4293,#4304,#4315,#4326,#4337,#4348,
    #4359,#4370,#4381,#4392,#4403,#4414,#4425,#4436,#4447,#4458,#4469,
    #4480,#4491,#4502,#4513,#4524,#4535,#4546,#4557,#4568,#4579,#4590,
    #4601,#4612,#4623,#4634,#4645,#4656,#4667,#4678,#4689,#4700,#4711,
    #4722,#4733,#4744,#4755,#4766,#4777,#4788,#4799,#4810,#4821,#4832,
    #4843,#4854,#4865,#4876,#4887,#4898,#4909,#4920,#4931,#4942,#4953,
    #4964,#4975,#4986,#4997,#5008,#5019,#5030,#5041,#5052,#5063,#5074,
    #5085,#5096,#5107,#5118,#5129,#5140,#5151,#5162,#5173,#5184,#5195,
    #5206,#5217,#5228,#5239,#5250,#5261,#5272,#5283,#5294,#5305,#5316,
    #5327,#5338,#5349,#5360,#5371,#5382,#5393,#5404,#5415,#5426,#5437,
    #5448,#5459,#5470,#5481,#5492,#5503,#5514,#5525,#5536,#5547,#5558,
    #5569,#5580,#5591,#5602),#5613,.F.);
#138 = FACE_BOUND('',#139,.F.);
#139 = EDGE_LOOP('',(#140,#141,#142,#150,#158,#166,#174,#182,#190,#198,
    #206,#214,#222,#230,#238,#246,#254,#260));
#140 = ORIENTED_EDGE('',*,*,#65,.F.);
#141 = ORIENTED_EDGE('',*,*,#96,.F.);
#142 = ORIENTED_EDGE('',*,*,#143,.F.);
#143 = EDGE_CURVE('',#144,#80,#146,.T.);
#144 = VERTEX_POINT('',#145);
#145 = CARTESIAN_POINT('',(369.744948,-109.1,0.));
#146 = LINE('',#147,#148);
#147 = CARTESIAN_POINT('',(369.744948,-109.1,0.));
#148 = VECTOR('',#149,1.);
#149 = DIRECTION('',(1.,0.,0.));
#150 = ORIENTED_EDGE('',*,*,#151,.F.);
#151 = EDGE_CURVE('',#152,#144,#154,.T.);
#152 = VERTEX_POINT('',#153);
#153 = CARTESIAN_POINT('',(92.285052,-109.1,0.));
#154 = LINE('',#155,#156);
#155 = CARTESIAN_POINT('',(92.285052,-109.1,0.));
#156 = VECTOR('',#157,1.);
#157 = DIRECTION('',(1.,0.,0.));
#158 = ORIENTED_EDGE('',*,*,#159,.F.);
#159 = EDGE_CURVE('',#160,#152,#162,.T.);
#160 = VERTEX_POINT('',#161);
#161 = CARTESIAN_POINT('',(91.182426,-109.556723,0.));
#162 = LINE('',#163,#164);
#163 = CARTESIAN_POINT('',(91.182426,-109.556723,0.));
#164 = VECTOR('',#165,1.);
#165 = DIRECTION('',(0.92387942688,0.382683687382,0.));
#166 = ORIENTED_EDGE('',*,*,#167,.F.);
#167 = EDGE_CURVE('',#168,#160,#170,.T.);
#168 = VERTEX_POINT('',#169);
#169 = CARTESIAN_POINT('',(90.309223,-110.429926,0.));
#170 = LINE('',#171,#172);
#171 = CARTESIAN_POINT('',(90.309223,-110.429926,0.));
#172 = VECTOR('',#173,1.);
#173 = DIRECTION('',(0.707106781187,0.707106781187,0.));
#174 = ORIENTED_EDGE('',*,*,#175,.F.);
#175 = EDGE_CURVE('',#176,#168,#178,.T.);
#176 = VERTEX_POINT('',#177);
#177 = CARTESIAN_POINT('',(89.8525,-111.532552,0.));
#178 = LINE('',#179,#180);
#179 = CARTESIAN_POINT('',(89.8525,-111.532552,0.));
#180 = VECTOR('',#181,1.);
#181 = DIRECTION('',(0.382683687382,0.92387942688,0.));
#182 = ORIENTED_EDGE('',*,*,#183,.F.);
#183 = EDGE_CURVE('',#184,#176,#186,.T.);
#184 = VERTEX_POINT('',#185);
#185 = CARTESIAN_POINT('',(89.8525,-208.017448,0.));
#186 = LINE('',#187,#188);
#187 = CARTESIAN_POINT('',(89.8525,-208.017448,0.));
#188 = VECTOR('',#189,1.);
#189 = DIRECTION('',(0.,1.,0.));
#190 = ORIENTED_EDGE('',*,*,#191,.F.);
#191 = EDGE_CURVE('',#192,#184,#194,.T.);
#192 = VERTEX_POINT('',#193);
#193 = CARTESIAN_POINT('',(90.309223,-209.120074,0.));
#194 = LINE('',#195,#196);
#195 = CARTESIAN_POINT('',(90.309223,-209.120074,0.));
#196 = VECTOR('',#197,1.);
#197 = DIRECTION('',(-0.382683687382,0.92387942688,0.));
#198 = ORIENTED_EDGE('',*,*,#199,.F.);
#199 = EDGE_CURVE('',#200,#192,#202,.T.);
#200 = VERTEX_POINT('',#201);
#201 = CARTESIAN_POINT('',(91.182426,-209.993277,0.));
#202 = LINE('',#203,#204);
#203 = CARTESIAN_POINT('',(91.182426,-209.993277,0.));
#204 = VECTOR('',#205,1.);
#205 = DIRECTION('',(-0.707106781187,0.707106781187,0.));
#206 = ORIENTED_EDGE('',*,*,#207,.F.);
#207 = EDGE_CURVE('',#208,#200,#210,.T.);
#208 = VERTEX_POINT('',#209);
#209 = CARTESIAN_POINT('',(92.285052,-210.45,0.));
#210 = LINE('',#211,#212);
#211 = CARTESIAN_POINT('',(92.285052,-210.45,0.));
#212 = VECTOR('',#213,1.);
#213 = DIRECTION('',(-0.92387942688,0.382683687382,0.));
#214 = ORIENTED_EDGE('',*,*,#215,.F.);
#215 = EDGE_CURVE('',#216,#208,#218,.T.);
#216 = VERTEX_POINT('',#217);
#217 = CARTESIAN_POINT('',(379.269948,-210.45,0.));
#218 = LINE('',#219,#220);
#219 = CARTESIAN_POINT('',(379.269948,-210.45,0.));
#220 = VECTOR('',#221,1.);
#221 = DIRECTION('',(-1.,0.,0.));
#222 = ORIENTED_EDGE('',*,*,#223,.F.);
#223 = EDGE_CURVE('',#224,#216,#226,.T.);
#224 = VERTEX_POINT('',#225);
#225 = CARTESIAN_POINT('',(380.372574,-209.993277,0.));
#226 = LINE('',#227,#228);
#227 = CARTESIAN_POINT('',(380.372574,-209.993277,0.));
#228 = VECTOR('',#229,1.);
#229 = DIRECTION('',(-0.92387942688,-0.382683687382,0.));
#230 = ORIENTED_EDGE('',*,*,#231,.F.);
#231 = EDGE_CURVE('',#232,#224,#234,.T.);
#232 = VERTEX_POINT('',#233);
#233 = CARTESIAN_POINT('',(381.245777,-209.120074,0.));
#234 = LINE('',#235,#236);
#235 = CARTESIAN_POINT('',(381.245777,-209.120074,0.));
#236 = VECTOR('',#237,1.);
#237 = DIRECTION('',(-0.707106781187,-0.707106781187,0.));
#238 = ORIENTED_EDGE('',*,*,#239,.F.);
#239 = EDGE_CURVE('',#240,#232,#242,.T.);
#240 = VERTEX_POINT('',#241);
#241 = CARTESIAN_POINT('',(381.7025,-208.017448,0.));
#242 = LINE('',#243,#244);
#243 = CARTESIAN_POINT('',(381.7025,-208.017448,0.));
#244 = VECTOR('',#245,1.);
#245 = DIRECTION('',(-0.382683687382,-0.92387942688,0.));
#246 = ORIENTED_EDGE('',*,*,#247,.F.);
#247 = EDGE_CURVE('',#248,#240,#250,.T.);
#248 = VERTEX_POINT('',#249);
#249 = CARTESIAN_POINT('',(381.7025,-130.829988,0.));
#250 = LINE('',#251,#252);
#251 = CARTESIAN_POINT('',(381.7025,-130.829988,0.));
#252 = VECTOR('',#253,1.);
#253 = DIRECTION('',(0.,-1.,0.));
#254 = ORIENTED_EDGE('',*,*,#255,.F.);
#255 = EDGE_CURVE('',#120,#248,#256,.T.);
#256 = LINE('',#257,#258);
#257 = CARTESIAN_POINT('',(381.700948,-111.532552,0.));
#258 = VECTOR('',#259,1.);
#259 = DIRECTION('',(8.042519197807E-05,-0.999999996766,0.));
#260 = ORIENTED_EDGE('',*,*,#127,.F.);
#261 = FACE_BOUND('',#262,.F.);
#262 = EDGE_LOOP('',(#263));
#263 = ORIENTED_EDGE('',*,*,#264,.T.);
#264 = EDGE_CURVE('',#265,#265,#267,.T.);
#265 = VERTEX_POINT('',#266);
#266 = CARTESIAN_POINT('',(116.7175,-206.635,0.));
#267 = CIRCLE('',#268,0.4);
#268 = AXIS2_PLACEMENT_3D('',#269,#270,#271);
#269 = CARTESIAN_POINT('',(116.7175,-206.235,0.));
#270 = DIRECTION('',(-0.,0.,-1.));
#271 = DIRECTION('',(-0.,-1.,0.));
#272 = FACE_BOUND('',#273,.F.);
#273 = EDGE_LOOP('',(#274));
#274 = ORIENTED_EDGE('',*,*,#275,.T.);
#275 = EDGE_CURVE('',#276,#276,#278,.T.);
#276 = VERTEX_POINT('',#277);
#277 = CARTESIAN_POINT('',(99.72875,-198.75,0.));
#278 = CIRCLE('',#279,0.875);
#279 = AXIS2_PLACEMENT_3D('',#280,#281,#282);
#280 = CARTESIAN_POINT('',(99.72875,-197.875,0.));
#281 = DIRECTION('',(-0.,0.,-1.));
#282 = DIRECTION('',(-0.,-1.,0.));
#283 = FACE_BOUND('',#284,.F.);
#284 = EDGE_LOOP('',(#285));
#285 = ORIENTED_EDGE('',*,*,#286,.T.);
#286 = EDGE_CURVE('',#287,#287,#289,.T.);
#287 = VERTEX_POINT('',#288);
#288 = CARTESIAN_POINT('',(104.80875,-199.8689,0.));
#289 = CIRCLE('',#290,1.9939);
#290 = AXIS2_PLACEMENT_3D('',#291,#292,#293);
#291 = CARTESIAN_POINT('',(104.80875,-197.875,0.));
#292 = DIRECTION('',(-0.,0.,-1.));
#293 = DIRECTION('',(-0.,-1.,0.));
#294 = FACE_BOUND('',#295,.F.);
#295 = EDGE_LOOP('',(#296));
#296 = ORIENTED_EDGE('',*,*,#297,.T.);
#297 = EDGE_CURVE('',#298,#298,#300,.T.);
#298 = VERTEX_POINT('',#299);
#299 = CARTESIAN_POINT('',(109.88875,-198.75,0.));
#300 = CIRCLE('',#301,0.875);
#301 = AXIS2_PLACEMENT_3D('',#302,#303,#304);
#302 = CARTESIAN_POINT('',(109.88875,-197.875,0.));
#303 = DIRECTION('',(-0.,0.,-1.));
#304 = DIRECTION('',(-0.,-1.,0.));
#305 = FACE_BOUND('',#306,.F.);
#306 = EDGE_LOOP('',(#307));
#307 = ORIENTED_EDGE('',*,*,#308,.T.);
#308 = EDGE_CURVE('',#309,#309,#311,.T.);
#309 = VERTEX_POINT('',#310);
#310 = CARTESIAN_POINT('',(116.7175,-199.015,0.));
#311 = CIRCLE('',#312,0.4);
#312 = AXIS2_PLACEMENT_3D('',#313,#314,#315);
#313 = CARTESIAN_POINT('',(116.7175,-198.615,0.));
#314 = DIRECTION('',(-0.,0.,-1.));
#315 = DIRECTION('',(-0.,-1.,0.));
#316 = FACE_BOUND('',#317,.F.);
#317 = EDGE_LOOP('',(#318));
#318 = ORIENTED_EDGE('',*,*,#319,.T.);
#319 = EDGE_CURVE('',#320,#320,#322,.T.);
#320 = VERTEX_POINT('',#321);
#321 = CARTESIAN_POINT('',(123.54125,-198.75,0.));
#322 = CIRCLE('',#323,0.875);
#323 = AXIS2_PLACEMENT_3D('',#324,#325,#326);
#324 = CARTESIAN_POINT('',(123.54125,-197.875,0.));
#325 = DIRECTION('',(-0.,0.,-1.));
#326 = DIRECTION('',(-0.,-1.,0.));
#327 = FACE_BOUND('',#328,.F.);
#328 = EDGE_LOOP('',(#329));
#329 = ORIENTED_EDGE('',*,*,#330,.T.);
#330 = EDGE_CURVE('',#331,#331,#333,.T.);
#331 = VERTEX_POINT('',#332);
#332 = CARTESIAN_POINT('',(128.62125,-199.8689,0.));
#333 = CIRCLE('',#334,1.9939);
#334 = AXIS2_PLACEMENT_3D('',#335,#336,#337);
#335 = CARTESIAN_POINT('',(128.62125,-197.875,0.));
#336 = DIRECTION('',(-0.,0.,-1.));
#337 = DIRECTION('',(-0.,-1.,0.));
#338 = FACE_BOUND('',#339,.F.);
#339 = EDGE_LOOP('',(#340));
#340 = ORIENTED_EDGE('',*,*,#341,.T.);
#341 = EDGE_CURVE('',#342,#342,#344,.T.);
#342 = VERTEX_POINT('',#343);
#343 = CARTESIAN_POINT('',(140.53,-206.635,0.));
#344 = CIRCLE('',#345,0.4);
#345 = AXIS2_PLACEMENT_3D('',#346,#347,#348);
#346 = CARTESIAN_POINT('',(140.53,-206.235,0.));
#347 = DIRECTION('',(-0.,0.,-1.));
#348 = DIRECTION('',(-0.,-1.,0.));
#349 = FACE_BOUND('',#350,.F.);
#350 = EDGE_LOOP('',(#351));
#351 = ORIENTED_EDGE('',*,*,#352,.T.);
#352 = EDGE_CURVE('',#353,#353,#355,.T.);
#353 = VERTEX_POINT('',#354);
#354 = CARTESIAN_POINT('',(164.3425,-206.635,0.));
#355 = CIRCLE('',#356,0.4);
#356 = AXIS2_PLACEMENT_3D('',#357,#358,#359);
#357 = CARTESIAN_POINT('',(164.3425,-206.235,0.));
#358 = DIRECTION('',(-0.,0.,-1.));
#359 = DIRECTION('',(-0.,-1.,0.));
#360 = FACE_BOUND('',#361,.F.);
#361 = EDGE_LOOP('',(#362));
#362 = ORIENTED_EDGE('',*,*,#363,.T.);
#363 = EDGE_CURVE('',#364,#364,#366,.T.);
#364 = VERTEX_POINT('',#365);
#365 = CARTESIAN_POINT('',(133.70125,-198.75,0.));
#366 = CIRCLE('',#367,0.875);
#367 = AXIS2_PLACEMENT_3D('',#368,#369,#370);
#368 = CARTESIAN_POINT('',(133.70125,-197.875,0.));
#369 = DIRECTION('',(-0.,0.,-1.));
#370 = DIRECTION('',(-0.,-1.,0.));
#371 = FACE_BOUND('',#372,.F.);
#372 = EDGE_LOOP('',(#373));
#373 = ORIENTED_EDGE('',*,*,#374,.T.);
#374 = EDGE_CURVE('',#375,#375,#377,.T.);
#375 = VERTEX_POINT('',#376);
#376 = CARTESIAN_POINT('',(140.53,-199.015,0.));
#377 = CIRCLE('',#378,0.4);
#378 = AXIS2_PLACEMENT_3D('',#379,#380,#381);
#379 = CARTESIAN_POINT('',(140.53,-198.615,0.));
#380 = DIRECTION('',(-0.,0.,-1.));
#381 = DIRECTION('',(-0.,-1.,0.));
#382 = FACE_BOUND('',#383,.F.);
#383 = EDGE_LOOP('',(#384));
#384 = ORIENTED_EDGE('',*,*,#385,.T.);
#385 = EDGE_CURVE('',#386,#386,#388,.T.);
#386 = VERTEX_POINT('',#387);
#387 = CARTESIAN_POINT('',(147.35375,-198.75,0.));
#388 = CIRCLE('',#389,0.875);
#389 = AXIS2_PLACEMENT_3D('',#390,#391,#392);
#390 = CARTESIAN_POINT('',(147.35375,-197.875,0.));
#391 = DIRECTION('',(-0.,0.,-1.));
#392 = DIRECTION('',(-0.,-1.,0.));
#393 = FACE_BOUND('',#394,.F.);
#394 = EDGE_LOOP('',(#395));
#395 = ORIENTED_EDGE('',*,*,#396,.T.);
#396 = EDGE_CURVE('',#397,#397,#399,.T.);
#397 = VERTEX_POINT('',#398);
#398 = CARTESIAN_POINT('',(152.43375,-199.8689,0.));
#399 = CIRCLE('',#400,1.9939);
#400 = AXIS2_PLACEMENT_3D('',#401,#402,#403);
#401 = CARTESIAN_POINT('',(152.43375,-197.875,0.));
#402 = DIRECTION('',(-0.,0.,-1.));
#403 = DIRECTION('',(-0.,-1.,0.));
#404 = FACE_BOUND('',#405,.F.);
#405 = EDGE_LOOP('',(#406));
#406 = ORIENTED_EDGE('',*,*,#407,.T.);
#407 = EDGE_CURVE('',#408,#408,#410,.T.);
#408 = VERTEX_POINT('',#409);
#409 = CARTESIAN_POINT('',(157.51375,-198.75,0.));
#410 = CIRCLE('',#411,0.875);
#411 = AXIS2_PLACEMENT_3D('',#412,#413,#414);
#412 = CARTESIAN_POINT('',(157.51375,-197.875,0.));
#413 = DIRECTION('',(-0.,0.,-1.));
#414 = DIRECTION('',(-0.,-1.,0.));
#415 = FACE_BOUND('',#416,.F.);
#416 = EDGE_LOOP('',(#417));
#417 = ORIENTED_EDGE('',*,*,#418,.T.);
#418 = EDGE_CURVE('',#419,#419,#421,.T.);
#419 = VERTEX_POINT('',#420);
#420 = CARTESIAN_POINT('',(164.3425,-199.015,0.));
#421 = CIRCLE('',#422,0.4);
#422 = AXIS2_PLACEMENT_3D('',#423,#424,#425);
#423 = CARTESIAN_POINT('',(164.3425,-198.615,0.));
#424 = DIRECTION('',(-0.,0.,-1.));
#425 = DIRECTION('',(-0.,-1.,0.));
#426 = FACE_BOUND('',#427,.F.);
#427 = EDGE_LOOP('',(#428));
#428 = ORIENTED_EDGE('',*,*,#429,.T.);
#429 = EDGE_CURVE('',#430,#430,#432,.T.);
#430 = VERTEX_POINT('',#431);
#431 = CARTESIAN_POINT('',(100.99875,-196.835,0.));
#432 = CIRCLE('',#433,1.5);
#433 = AXIS2_PLACEMENT_3D('',#434,#435,#436);
#434 = CARTESIAN_POINT('',(100.99875,-195.335,0.));
#435 = DIRECTION('',(-0.,0.,-1.));
#436 = DIRECTION('',(-0.,-1.,0.));
#437 = FACE_BOUND('',#438,.F.);
#438 = EDGE_LOOP('',(#439));
#439 = ORIENTED_EDGE('',*,*,#440,.T.);
#440 = EDGE_CURVE('',#441,#441,#443,.T.);
#441 = VERTEX_POINT('',#442);
#442 = CARTESIAN_POINT('',(107.34875,-194.295,0.));
#443 = CIRCLE('',#444,1.5);
#444 = AXIS2_PLACEMENT_3D('',#445,#446,#447);
#445 = CARTESIAN_POINT('',(107.34875,-192.795,0.));
#446 = DIRECTION('',(-0.,0.,-1.));
#447 = DIRECTION('',(-0.,-1.,0.));
#448 = FACE_BOUND('',#449,.F.);
#449 = EDGE_LOOP('',(#450));
#450 = ORIENTED_EDGE('',*,*,#451,.T.);
#451 = EDGE_CURVE('',#452,#452,#454,.T.);
#452 = VERTEX_POINT('',#453);
#453 = CARTESIAN_POINT('',(124.81125,-196.835,0.));
#454 = CIRCLE('',#455,1.5);
#455 = AXIS2_PLACEMENT_3D('',#456,#457,#458);
#456 = CARTESIAN_POINT('',(124.81125,-195.335,0.));
#457 = DIRECTION('',(-0.,0.,-1.));
#458 = DIRECTION('',(-0.,-1.,0.));
#459 = FACE_BOUND('',#460,.F.);
#460 = EDGE_LOOP('',(#461));
#461 = ORIENTED_EDGE('',*,*,#462,.T.);
#462 = EDGE_CURVE('',#463,#463,#465,.T.);
#463 = VERTEX_POINT('',#464);
#464 = CARTESIAN_POINT('',(116.586,-192.866,0.));
#465 = CIRCLE('',#466,1.35);
#466 = AXIS2_PLACEMENT_3D('',#467,#468,#469);
#467 = CARTESIAN_POINT('',(116.586,-191.516,0.));
#468 = DIRECTION('',(-0.,0.,-1.));
#469 = DIRECTION('',(-1.05265590483E-14,-1.,0.));
#470 = FACE_BOUND('',#471,.F.);
#471 = EDGE_LOOP('',(#472));
#472 = ORIENTED_EDGE('',*,*,#473,.T.);
#473 = EDGE_CURVE('',#474,#474,#476,.T.);
#474 = VERTEX_POINT('',#475);
#475 = CARTESIAN_POINT('',(131.16125,-194.295,0.));
#476 = CIRCLE('',#477,1.5);
#477 = AXIS2_PLACEMENT_3D('',#478,#479,#480);
#478 = CARTESIAN_POINT('',(131.16125,-192.795,0.));
#479 = DIRECTION('',(-0.,0.,-1.));
#480 = DIRECTION('',(-0.,-1.,0.));
#481 = FACE_BOUND('',#482,.F.);
#482 = EDGE_LOOP('',(#483));
#483 = ORIENTED_EDGE('',*,*,#484,.T.);
#484 = EDGE_CURVE('',#485,#485,#487,.T.);
#485 = VERTEX_POINT('',#486);
#486 = CARTESIAN_POINT('',(102.4275,-189.0739,0.));
#487 = CIRCLE('',#488,1.9939);
#488 = AXIS2_PLACEMENT_3D('',#489,#490,#491);
#489 = CARTESIAN_POINT('',(102.4275,-187.08,0.));
#490 = DIRECTION('',(-0.,0.,-1.));
#491 = DIRECTION('',(-7.127165211496E-15,-1.,0.));
#492 = FACE_BOUND('',#493,.F.);
#493 = EDGE_LOOP('',(#494));
#494 = ORIENTED_EDGE('',*,*,#495,.T.);
#495 = EDGE_CURVE('',#496,#496,#498,.T.);
#496 = VERTEX_POINT('',#497);
#497 = CARTESIAN_POINT('',(126.24,-189.0739,0.));
#498 = CIRCLE('',#499,1.9939);
#499 = AXIS2_PLACEMENT_3D('',#500,#501,#502);
#500 = CARTESIAN_POINT('',(126.24,-187.08,0.));
#501 = DIRECTION('',(-0.,0.,-1.));
#502 = DIRECTION('',(-7.127165211496E-15,-1.,0.));
#503 = FACE_BOUND('',#504,.F.);
#504 = EDGE_LOOP('',(#505));
#505 = ORIENTED_EDGE('',*,*,#506,.T.);
#506 = EDGE_CURVE('',#507,#507,#509,.T.);
#507 = VERTEX_POINT('',#508);
#508 = CARTESIAN_POINT('',(130.85125,-187.7,0.));
#509 = CIRCLE('',#510,0.4);
#510 = AXIS2_PLACEMENT_3D('',#511,#512,#513);
#511 = CARTESIAN_POINT('',(130.85125,-187.3,0.));
#512 = DIRECTION('',(-0.,0.,-1.));
#513 = DIRECTION('',(-0.,-1.,0.));
#514 = FACE_BOUND('',#515,.F.);
#515 = EDGE_LOOP('',(#516));
#516 = ORIENTED_EDGE('',*,*,#517,.T.);
#517 = EDGE_CURVE('',#518,#518,#520,.T.);
#518 = VERTEX_POINT('',#519);
#519 = CARTESIAN_POINT('',(148.62375,-196.835,0.));
#520 = CIRCLE('',#521,1.5);
#521 = AXIS2_PLACEMENT_3D('',#522,#523,#524);
#522 = CARTESIAN_POINT('',(148.62375,-195.335,0.));
#523 = DIRECTION('',(-0.,0.,-1.));
#524 = DIRECTION('',(-0.,-1.,0.));
#525 = FACE_BOUND('',#526,.F.);
#526 = EDGE_LOOP('',(#527));
#527 = ORIENTED_EDGE('',*,*,#528,.T.);
#528 = EDGE_CURVE('',#529,#529,#531,.T.);
#529 = VERTEX_POINT('',#530);
#530 = CARTESIAN_POINT('',(154.97375,-194.295,0.));
#531 = CIRCLE('',#532,1.5);
#532 = AXIS2_PLACEMENT_3D('',#533,#534,#535);
#533 = CARTESIAN_POINT('',(154.97375,-192.795,0.));
#534 = DIRECTION('',(-0.,0.,-1.));
#535 = DIRECTION('',(-0.,-1.,0.));
#536 = FACE_BOUND('',#537,.F.);
#537 = EDGE_LOOP('',(#538));
#538 = ORIENTED_EDGE('',*,*,#539,.T.);
#539 = EDGE_CURVE('',#540,#540,#542,.T.);
#540 = VERTEX_POINT('',#541);
#541 = CARTESIAN_POINT('',(154.8075,-187.645,0.));
#542 = CIRCLE('',#543,0.4);
#543 = AXIS2_PLACEMENT_3D('',#544,#545,#546);
#544 = CARTESIAN_POINT('',(154.8075,-187.245,0.));
#545 = DIRECTION('',(-0.,0.,-1.));
#546 = DIRECTION('',(-0.,-1.,0.));
#547 = FACE_BOUND('',#548,.F.);
#548 = EDGE_LOOP('',(#549));
#549 = ORIENTED_EDGE('',*,*,#550,.T.);
#550 = EDGE_CURVE('',#551,#551,#553,.T.);
#551 = VERTEX_POINT('',#552);
#552 = CARTESIAN_POINT('',(173.865,-208.1239,0.));
#553 = CIRCLE('',#554,1.9939);
#554 = AXIS2_PLACEMENT_3D('',#555,#556,#557);
#555 = CARTESIAN_POINT('',(173.865,-206.13,0.));
#556 = DIRECTION('',(-0.,0.,-1.));
#557 = DIRECTION('',(-0.,-1.,0.));
#558 = FACE_BOUND('',#559,.F.);
#559 = EDGE_LOOP('',(#560));
#560 = ORIENTED_EDGE('',*,*,#561,.T.);
#561 = EDGE_CURVE('',#562,#562,#564,.T.);
#562 = VERTEX_POINT('',#563);
#563 = CARTESIAN_POINT('',(191.6075,-205.905,0.));
#564 = CIRCLE('',#565,0.5);
#565 = AXIS2_PLACEMENT_3D('',#566,#567,#568);
#566 = CARTESIAN_POINT('',(191.6075,-205.405,0.));
#567 = DIRECTION('',(-0.,0.,-1.));
#568 = DIRECTION('',(-0.,-1.,0.));
#569 = FACE_BOUND('',#570,.F.);
#570 = EDGE_LOOP('',(#571));
#571 = ORIENTED_EDGE('',*,*,#572,.T.);
#572 = EDGE_CURVE('',#573,#573,#575,.T.);
#573 = VERTEX_POINT('',#574);
#574 = CARTESIAN_POINT('',(194.1475,-205.905,0.));
#575 = CIRCLE('',#576,0.5);
#576 = AXIS2_PLACEMENT_3D('',#577,#578,#579);
#577 = CARTESIAN_POINT('',(194.1475,-205.405,0.));
#578 = DIRECTION('',(-0.,0.,-1.));
#579 = DIRECTION('',(-0.,-1.,0.));
#580 = FACE_BOUND('',#581,.F.);
#581 = EDGE_LOOP('',(#582));
#582 = ORIENTED_EDGE('',*,*,#583,.T.);
#583 = EDGE_CURVE('',#584,#584,#586,.T.);
#584 = VERTEX_POINT('',#585);
#585 = CARTESIAN_POINT('',(196.6875,-205.905,0.));
#586 = CIRCLE('',#587,0.5);
#587 = AXIS2_PLACEMENT_3D('',#588,#589,#590);
#588 = CARTESIAN_POINT('',(196.6875,-205.405,0.));
#589 = DIRECTION('',(-0.,0.,-1.));
#590 = DIRECTION('',(-0.,-1.,0.));
#591 = FACE_BOUND('',#592,.F.);
#592 = EDGE_LOOP('',(#593));
#593 = ORIENTED_EDGE('',*,*,#594,.T.);
#594 = EDGE_CURVE('',#595,#595,#597,.T.);
#595 = VERTEX_POINT('',#596);
#596 = CARTESIAN_POINT('',(199.2275,-205.905,0.));
#597 = CIRCLE('',#598,0.5);
#598 = AXIS2_PLACEMENT_3D('',#599,#600,#601);
#599 = CARTESIAN_POINT('',(199.2275,-205.405,0.));
#600 = DIRECTION('',(-0.,0.,-1.));
#601 = DIRECTION('',(-0.,-1.,0.));
#602 = FACE_BOUND('',#603,.F.);
#603 = EDGE_LOOP('',(#604));
#604 = ORIENTED_EDGE('',*,*,#605,.T.);
#605 = EDGE_CURVE('',#606,#606,#608,.T.);
#606 = VERTEX_POINT('',#607);
#607 = CARTESIAN_POINT('',(180.4815,-200.196,0.));
#608 = CIRCLE('',#609,0.5);
#609 = AXIS2_PLACEMENT_3D('',#610,#611,#612);
#610 = CARTESIAN_POINT('',(180.4815,-199.696,0.));
#611 = DIRECTION('',(-0.,0.,-1.));
#612 = DIRECTION('',(-0.,-1.,0.));
#613 = FACE_BOUND('',#614,.F.);
#614 = EDGE_LOOP('',(#615));
#615 = ORIENTED_EDGE('',*,*,#616,.T.);
#616 = EDGE_CURVE('',#617,#617,#619,.T.);
#617 = VERTEX_POINT('',#618);
#618 = CARTESIAN_POINT('',(183.0215,-200.196,0.));
#619 = CIRCLE('',#620,0.5);
#620 = AXIS2_PLACEMENT_3D('',#621,#622,#623);
#621 = CARTESIAN_POINT('',(183.0215,-199.696,0.));
#622 = DIRECTION('',(-0.,0.,-1.));
#623 = DIRECTION('',(-0.,-1.,0.));
#624 = FACE_BOUND('',#625,.F.);
#625 = EDGE_LOOP('',(#626));
#626 = ORIENTED_EDGE('',*,*,#627,.T.);
#627 = EDGE_CURVE('',#628,#628,#630,.T.);
#628 = VERTEX_POINT('',#629);
#629 = CARTESIAN_POINT('',(201.7675,-205.905,0.));
#630 = CIRCLE('',#631,0.5);
#631 = AXIS2_PLACEMENT_3D('',#632,#633,#634);
#632 = CARTESIAN_POINT('',(201.7675,-205.405,0.));
#633 = DIRECTION('',(-0.,0.,-1.));
#634 = DIRECTION('',(-0.,-1.,0.));
#635 = FACE_BOUND('',#636,.F.);
#636 = EDGE_LOOP('',(#637));
#637 = ORIENTED_EDGE('',*,*,#638,.T.);
#638 = EDGE_CURVE('',#639,#639,#641,.T.);
#639 = VERTEX_POINT('',#640);
#640 = CARTESIAN_POINT('',(204.3075,-205.905,0.));
#641 = CIRCLE('',#642,0.5);
#642 = AXIS2_PLACEMENT_3D('',#643,#644,#645);
#643 = CARTESIAN_POINT('',(204.3075,-205.405,0.));
#644 = DIRECTION('',(-0.,0.,-1.));
#645 = DIRECTION('',(-0.,-1.,0.));
#646 = FACE_BOUND('',#647,.F.);
#647 = EDGE_LOOP('',(#648));
#648 = ORIENTED_EDGE('',*,*,#649,.T.);
#649 = EDGE_CURVE('',#650,#650,#652,.T.);
#650 = VERTEX_POINT('',#651);
#651 = CARTESIAN_POINT('',(206.8475,-205.905,0.));
#652 = CIRCLE('',#653,0.5);
#653 = AXIS2_PLACEMENT_3D('',#654,#655,#656);
#654 = CARTESIAN_POINT('',(206.8475,-205.405,0.));
#655 = DIRECTION('',(-0.,0.,-1.));
#656 = DIRECTION('',(-0.,-1.,0.));
#657 = FACE_BOUND('',#658,.F.);
#658 = EDGE_LOOP('',(#659));
#659 = ORIENTED_EDGE('',*,*,#660,.T.);
#660 = EDGE_CURVE('',#661,#661,#663,.T.);
#661 = VERTEX_POINT('',#662);
#662 = CARTESIAN_POINT('',(209.3875,-205.905,0.));
#663 = CIRCLE('',#664,0.5);
#664 = AXIS2_PLACEMENT_3D('',#665,#666,#667);
#665 = CARTESIAN_POINT('',(209.3875,-205.405,0.));
#666 = DIRECTION('',(-0.,0.,-1.));
#667 = DIRECTION('',(-0.,-1.,0.));
#668 = FACE_BOUND('',#669,.F.);
#669 = EDGE_LOOP('',(#670));
#670 = ORIENTED_EDGE('',*,*,#671,.T.);
#671 = EDGE_CURVE('',#672,#672,#674,.T.);
#672 = VERTEX_POINT('',#673);
#673 = CARTESIAN_POINT('',(211.9275,-205.905,0.));
#674 = CIRCLE('',#675,0.5);
#675 = AXIS2_PLACEMENT_3D('',#676,#677,#678);
#676 = CARTESIAN_POINT('',(211.9275,-205.405,0.));
#677 = DIRECTION('',(-0.,0.,-1.));
#678 = DIRECTION('',(-0.,-1.,0.));
#679 = FACE_BOUND('',#680,.F.);
#680 = EDGE_LOOP('',(#681));
#681 = ORIENTED_EDGE('',*,*,#682,.T.);
#682 = EDGE_CURVE('',#683,#683,#685,.T.);
#683 = VERTEX_POINT('',#684);
#684 = CARTESIAN_POINT('',(211.9275,-203.365,0.));
#685 = CIRCLE('',#686,0.5);
#686 = AXIS2_PLACEMENT_3D('',#687,#688,#689);
#687 = CARTESIAN_POINT('',(211.9275,-202.865,0.));
#688 = DIRECTION('',(-0.,0.,-1.));
#689 = DIRECTION('',(-0.,-1.,0.));
#690 = FACE_BOUND('',#691,.F.);
#691 = EDGE_LOOP('',(#692));
#692 = ORIENTED_EDGE('',*,*,#693,.T.);
#693 = EDGE_CURVE('',#694,#694,#696,.T.);
#694 = VERTEX_POINT('',#695);
#695 = CARTESIAN_POINT('',(235.78,-206.635,0.));
#696 = CIRCLE('',#697,0.4);
#697 = AXIS2_PLACEMENT_3D('',#698,#699,#700);
#698 = CARTESIAN_POINT('',(235.78,-206.235,0.));
#699 = DIRECTION('',(-0.,0.,-1.));
#700 = DIRECTION('',(-0.,-1.,0.));
#701 = FACE_BOUND('',#702,.F.);
#702 = EDGE_LOOP('',(#703));
#703 = ORIENTED_EDGE('',*,*,#704,.T.);
#704 = EDGE_CURVE('',#705,#705,#707,.T.);
#705 = VERTEX_POINT('',#706);
#706 = CARTESIAN_POINT('',(211.9275,-200.825,0.));
#707 = CIRCLE('',#708,0.5);
#708 = AXIS2_PLACEMENT_3D('',#709,#710,#711);
#709 = CARTESIAN_POINT('',(211.9275,-200.325,0.));
#710 = DIRECTION('',(-0.,0.,-1.));
#711 = DIRECTION('',(-0.,-1.,0.));
#712 = FACE_BOUND('',#713,.F.);
#713 = EDGE_LOOP('',(#714));
#714 = ORIENTED_EDGE('',*,*,#715,.T.);
#715 = EDGE_CURVE('',#716,#716,#718,.T.);
#716 = VERTEX_POINT('',#717);
#717 = CARTESIAN_POINT('',(211.9275,-198.285,0.));
#718 = CIRCLE('',#719,0.5);
#719 = AXIS2_PLACEMENT_3D('',#720,#721,#722);
#720 = CARTESIAN_POINT('',(211.9275,-197.785,0.));
#721 = DIRECTION('',(-0.,0.,-1.));
#722 = DIRECTION('',(-0.,-1.,0.));
#723 = FACE_BOUND('',#724,.F.);
#724 = EDGE_LOOP('',(#725));
#725 = ORIENTED_EDGE('',*,*,#726,.T.);
#726 = EDGE_CURVE('',#727,#727,#729,.T.);
#727 = VERTEX_POINT('',#728);
#728 = CARTESIAN_POINT('',(218.79125,-198.75,0.));
#729 = CIRCLE('',#730,0.875);
#730 = AXIS2_PLACEMENT_3D('',#731,#732,#733);
#731 = CARTESIAN_POINT('',(218.79125,-197.875,0.));
#732 = DIRECTION('',(-0.,0.,-1.));
#733 = DIRECTION('',(-0.,-1.,0.));
#734 = FACE_BOUND('',#735,.F.);
#735 = EDGE_LOOP('',(#736));
#736 = ORIENTED_EDGE('',*,*,#737,.T.);
#737 = EDGE_CURVE('',#738,#738,#740,.T.);
#738 = VERTEX_POINT('',#739);
#739 = CARTESIAN_POINT('',(223.87125,-199.8689,0.));
#740 = CIRCLE('',#741,1.9939);
#741 = AXIS2_PLACEMENT_3D('',#742,#743,#744);
#742 = CARTESIAN_POINT('',(223.87125,-197.875,0.));
#743 = DIRECTION('',(-0.,0.,-1.));
#744 = DIRECTION('',(-0.,-1.,0.));
#745 = FACE_BOUND('',#746,.F.);
#746 = EDGE_LOOP('',(#747));
#747 = ORIENTED_EDGE('',*,*,#748,.T.);
#748 = EDGE_CURVE('',#749,#749,#751,.T.);
#749 = VERTEX_POINT('',#750);
#750 = CARTESIAN_POINT('',(228.95125,-198.75,0.));
#751 = CIRCLE('',#752,0.875);
#752 = AXIS2_PLACEMENT_3D('',#753,#754,#755);
#753 = CARTESIAN_POINT('',(228.95125,-197.875,0.));
#754 = DIRECTION('',(-0.,0.,-1.));
#755 = DIRECTION('',(-0.,-1.,0.));
#756 = FACE_BOUND('',#757,.F.);
#757 = EDGE_LOOP('',(#758));
#758 = ORIENTED_EDGE('',*,*,#759,.T.);
#759 = EDGE_CURVE('',#760,#760,#762,.T.);
#760 = VERTEX_POINT('',#761);
#761 = CARTESIAN_POINT('',(235.78,-199.015,0.));
#762 = CIRCLE('',#763,0.4);
#763 = AXIS2_PLACEMENT_3D('',#764,#765,#766);
#764 = CARTESIAN_POINT('',(235.78,-198.615,0.));
#765 = DIRECTION('',(-0.,0.,-1.));
#766 = DIRECTION('',(-0.,-1.,0.));
#767 = FACE_BOUND('',#768,.F.);
#768 = EDGE_LOOP('',(#769));
#769 = ORIENTED_EDGE('',*,*,#770,.T.);
#770 = EDGE_CURVE('',#771,#771,#773,.T.);
#771 = VERTEX_POINT('',#772);
#772 = CARTESIAN_POINT('',(173.865,-192.414,0.));
#773 = CIRCLE('',#774,1.524);
#774 = AXIS2_PLACEMENT_3D('',#775,#776,#777);
#775 = CARTESIAN_POINT('',(173.865,-190.89,0.));
#776 = DIRECTION('',(-0.,0.,-1.));
#777 = DIRECTION('',(-0.,-1.,0.));
#778 = FACE_BOUND('',#779,.F.);
#779 = EDGE_LOOP('',(#780));
#780 = ORIENTED_EDGE('',*,*,#781,.T.);
#781 = EDGE_CURVE('',#782,#782,#784,.T.);
#782 = VERTEX_POINT('',#783);
#783 = CARTESIAN_POINT('',(173.8575,-187.645,0.));
#784 = CIRCLE('',#785,0.4);
#785 = AXIS2_PLACEMENT_3D('',#786,#787,#788);
#786 = CARTESIAN_POINT('',(173.8575,-187.245,0.));
#787 = DIRECTION('',(-0.,0.,-1.));
#788 = DIRECTION('',(-7.105427357601E-14,-1.,0.));
#789 = FACE_BOUND('',#790,.F.);
#790 = EDGE_LOOP('',(#791));
#791 = ORIENTED_EDGE('',*,*,#792,.T.);
#792 = EDGE_CURVE('',#793,#793,#795,.T.);
#793 = VERTEX_POINT('',#794);
#794 = CARTESIAN_POINT('',(191.6075,-190.665,0.));
#795 = CIRCLE('',#796,0.5);
#796 = AXIS2_PLACEMENT_3D('',#797,#798,#799);
#797 = CARTESIAN_POINT('',(191.6075,-190.165,0.));
#798 = DIRECTION('',(-0.,0.,-1.));
#799 = DIRECTION('',(-0.,-1.,0.));
#800 = FACE_BOUND('',#801,.F.);
#801 = EDGE_LOOP('',(#802));
#802 = ORIENTED_EDGE('',*,*,#803,.T.);
#803 = EDGE_CURVE('',#804,#804,#806,.T.);
#804 = VERTEX_POINT('',#805);
#805 = CARTESIAN_POINT('',(194.1475,-190.665,0.));
#806 = CIRCLE('',#807,0.5);
#807 = AXIS2_PLACEMENT_3D('',#808,#809,#810);
#808 = CARTESIAN_POINT('',(194.1475,-190.165,0.));
#809 = DIRECTION('',(-0.,0.,-1.));
#810 = DIRECTION('',(-0.,-1.,0.));
#811 = FACE_BOUND('',#812,.F.);
#812 = EDGE_LOOP('',(#813));
#813 = ORIENTED_EDGE('',*,*,#814,.T.);
#814 = EDGE_CURVE('',#815,#815,#817,.T.);
#815 = VERTEX_POINT('',#816);
#816 = CARTESIAN_POINT('',(196.6875,-190.665,0.));
#817 = CIRCLE('',#818,0.5);
#818 = AXIS2_PLACEMENT_3D('',#819,#820,#821);
#819 = CARTESIAN_POINT('',(196.6875,-190.165,0.));
#820 = DIRECTION('',(-0.,0.,-1.));
#821 = DIRECTION('',(-0.,-1.,0.));
#822 = FACE_BOUND('',#823,.F.);
#823 = EDGE_LOOP('',(#824));
#824 = ORIENTED_EDGE('',*,*,#825,.T.);
#825 = EDGE_CURVE('',#826,#826,#828,.T.);
#826 = VERTEX_POINT('',#827);
#827 = CARTESIAN_POINT('',(199.2275,-190.665,0.));
#828 = CIRCLE('',#829,0.5);
#829 = AXIS2_PLACEMENT_3D('',#830,#831,#832);
#830 = CARTESIAN_POINT('',(199.2275,-190.165,0.));
#831 = DIRECTION('',(-0.,0.,-1.));
#832 = DIRECTION('',(-0.,-1.,0.));
#833 = FACE_BOUND('',#834,.F.);
#834 = EDGE_LOOP('',(#835));
#835 = ORIENTED_EDGE('',*,*,#836,.T.);
#836 = EDGE_CURVE('',#837,#837,#839,.T.);
#837 = VERTEX_POINT('',#838);
#838 = CARTESIAN_POINT('',(192.9075,-187.645,0.));
#839 = CIRCLE('',#840,0.4);
#840 = AXIS2_PLACEMENT_3D('',#841,#842,#843);
#841 = CARTESIAN_POINT('',(192.9075,-187.245,0.));
#842 = DIRECTION('',(-0.,0.,-1.));
#843 = DIRECTION('',(-0.,-1.,0.));
#844 = FACE_BOUND('',#845,.F.);
#845 = EDGE_LOOP('',(#846,#856,#864,#872,#880,#888));
#846 = ORIENTED_EDGE('',*,*,#847,.F.);
#847 = EDGE_CURVE('',#848,#850,#852,.T.);
#848 = VERTEX_POINT('',#849);
#849 = CARTESIAN_POINT('',(194.1765,-193.451,0.));
#850 = VERTEX_POINT('',#851);
#851 = CARTESIAN_POINT('',(205.2315,-193.454,0.));
#852 = LINE('',#853,#854);
#853 = CARTESIAN_POINT('',(194.1765,-193.451,0.));
#854 = VECTOR('',#855,1.);
#855 = DIRECTION('',(0.999999963179,-2.713704106333E-04,0.));
#856 = ORIENTED_EDGE('',*,*,#857,.F.);
#857 = EDGE_CURVE('',#858,#848,#860,.T.);
#858 = VERTEX_POINT('',#859);
#859 = CARTESIAN_POINT('',(194.1765,-191.883,0.));
#860 = LINE('',#861,#862);
#861 = CARTESIAN_POINT('',(194.1765,-191.883,0.));
#862 = VECTOR('',#863,1.);
#863 = DIRECTION('',(0.,-1.,0.));
#864 = ORIENTED_EDGE('',*,*,#865,.F.);
#865 = EDGE_CURVE('',#866,#858,#868,.T.);
#866 = VERTEX_POINT('',#867);
#867 = CARTESIAN_POINT('',(210.1085,-191.883,0.));
#868 = LINE('',#869,#870);
#869 = CARTESIAN_POINT('',(210.1085,-191.883,0.));
#870 = VECTOR('',#871,1.);
#871 = DIRECTION('',(-1.,0.,0.));
#872 = ORIENTED_EDGE('',*,*,#873,.F.);
#873 = EDGE_CURVE('',#874,#866,#876,.T.);
#874 = VERTEX_POINT('',#875);
#875 = CARTESIAN_POINT('',(210.1085,-197.271,0.));
#876 = LINE('',#877,#878);
#877 = CARTESIAN_POINT('',(210.1085,-197.271,0.));
#878 = VECTOR('',#879,1.);
#879 = DIRECTION('',(0.,1.,0.));
#880 = ORIENTED_EDGE('',*,*,#881,.F.);
#881 = EDGE_CURVE('',#882,#874,#884,.T.);
#882 = VERTEX_POINT('',#883);
#883 = CARTESIAN_POINT('',(205.2315,-197.271,0.));
#884 = LINE('',#885,#886);
#885 = CARTESIAN_POINT('',(205.2315,-197.271,0.));
#886 = VECTOR('',#887,1.);
#887 = DIRECTION('',(1.,0.,0.));
#888 = ORIENTED_EDGE('',*,*,#889,.F.);
#889 = EDGE_CURVE('',#850,#882,#890,.T.);
#890 = LINE('',#891,#892);
#891 = CARTESIAN_POINT('',(205.2315,-193.454,0.));
#892 = VECTOR('',#893,1.);
#893 = DIRECTION('',(0.,-1.,0.));
#894 = FACE_BOUND('',#895,.F.);
#895 = EDGE_LOOP('',(#896));
#896 = ORIENTED_EDGE('',*,*,#897,.T.);
#897 = EDGE_CURVE('',#898,#898,#900,.T.);
#898 = VERTEX_POINT('',#899);
#899 = CARTESIAN_POINT('',(211.9275,-195.745,0.));
#900 = CIRCLE('',#901,0.5);
#901 = AXIS2_PLACEMENT_3D('',#902,#903,#904);
#902 = CARTESIAN_POINT('',(211.9275,-195.245,0.));
#903 = DIRECTION('',(-0.,0.,-1.));
#904 = DIRECTION('',(-0.,-1.,0.));
#905 = FACE_BOUND('',#906,.F.);
#906 = EDGE_LOOP('',(#907));
#907 = ORIENTED_EDGE('',*,*,#908,.T.);
#908 = EDGE_CURVE('',#909,#909,#911,.T.);
#909 = VERTEX_POINT('',#910);
#910 = CARTESIAN_POINT('',(211.9275,-193.205,0.));
#911 = CIRCLE('',#912,0.5);
#912 = AXIS2_PLACEMENT_3D('',#913,#914,#915);
#913 = CARTESIAN_POINT('',(211.9275,-192.705,0.));
#914 = DIRECTION('',(-0.,0.,-1.));
#915 = DIRECTION('',(-0.,-1.,0.));
#916 = FACE_BOUND('',#917,.F.);
#917 = EDGE_LOOP('',(#918));
#918 = ORIENTED_EDGE('',*,*,#919,.T.);
#919 = EDGE_CURVE('',#920,#920,#922,.T.);
#920 = VERTEX_POINT('',#921);
#921 = CARTESIAN_POINT('',(220.06125,-196.835,0.));
#922 = CIRCLE('',#923,1.5);
#923 = AXIS2_PLACEMENT_3D('',#924,#925,#926);
#924 = CARTESIAN_POINT('',(220.06125,-195.335,0.));
#925 = DIRECTION('',(-0.,0.,-1.));
#926 = DIRECTION('',(-0.,-1.,0.));
#927 = FACE_BOUND('',#928,.F.);
#928 = EDGE_LOOP('',(#929));
#929 = ORIENTED_EDGE('',*,*,#930,.T.);
#930 = EDGE_CURVE('',#931,#931,#933,.T.);
#931 = VERTEX_POINT('',#932);
#932 = CARTESIAN_POINT('',(226.41125,-194.295,0.));
#933 = CIRCLE('',#934,1.5);
#934 = AXIS2_PLACEMENT_3D('',#935,#936,#937);
#935 = CARTESIAN_POINT('',(226.41125,-192.795,0.));
#936 = DIRECTION('',(-0.,0.,-1.));
#937 = DIRECTION('',(-0.,-1.,0.));
#938 = FACE_BOUND('',#939,.F.);
#939 = EDGE_LOOP('',(#940));
#940 = ORIENTED_EDGE('',*,*,#941,.T.);
#941 = EDGE_CURVE('',#942,#942,#944,.T.);
#942 = VERTEX_POINT('',#943);
#943 = CARTESIAN_POINT('',(201.7675,-190.665,0.));
#944 = CIRCLE('',#945,0.5);
#945 = AXIS2_PLACEMENT_3D('',#946,#947,#948);
#946 = CARTESIAN_POINT('',(201.7675,-190.165,0.));
#947 = DIRECTION('',(-0.,0.,-1.));
#948 = DIRECTION('',(-0.,-1.,0.));
#949 = FACE_BOUND('',#950,.F.);
#950 = EDGE_LOOP('',(#951));
#951 = ORIENTED_EDGE('',*,*,#952,.T.);
#952 = EDGE_CURVE('',#953,#953,#955,.T.);
#953 = VERTEX_POINT('',#954);
#954 = CARTESIAN_POINT('',(204.3075,-190.665,0.));
#955 = CIRCLE('',#956,0.5);
#956 = AXIS2_PLACEMENT_3D('',#957,#958,#959);
#957 = CARTESIAN_POINT('',(204.3075,-190.165,0.));
#958 = DIRECTION('',(-0.,0.,-1.));
#959 = DIRECTION('',(-0.,-1.,0.));
#960 = FACE_BOUND('',#961,.F.);
#961 = EDGE_LOOP('',(#962));
#962 = ORIENTED_EDGE('',*,*,#963,.T.);
#963 = EDGE_CURVE('',#964,#964,#966,.T.);
#964 = VERTEX_POINT('',#965);
#965 = CARTESIAN_POINT('',(206.8475,-190.665,0.));
#966 = CIRCLE('',#967,0.5);
#967 = AXIS2_PLACEMENT_3D('',#968,#969,#970);
#968 = CARTESIAN_POINT('',(206.8475,-190.165,0.));
#969 = DIRECTION('',(-0.,0.,-1.));
#970 = DIRECTION('',(-0.,-1.,0.));
#971 = FACE_BOUND('',#972,.F.);
#972 = EDGE_LOOP('',(#973));
#973 = ORIENTED_EDGE('',*,*,#974,.T.);
#974 = EDGE_CURVE('',#975,#975,#977,.T.);
#975 = VERTEX_POINT('',#976);
#976 = CARTESIAN_POINT('',(209.3875,-190.665,0.));
#977 = CIRCLE('',#978,0.5);
#978 = AXIS2_PLACEMENT_3D('',#979,#980,#981);
#979 = CARTESIAN_POINT('',(209.3875,-190.165,0.));
#980 = DIRECTION('',(-0.,0.,-1.));
#981 = DIRECTION('',(-0.,-1.,0.));
#982 = FACE_BOUND('',#983,.F.);
#983 = EDGE_LOOP('',(#984));
#984 = ORIENTED_EDGE('',*,*,#985,.T.);
#985 = EDGE_CURVE('',#986,#986,#988,.T.);
#986 = VERTEX_POINT('',#987);
#987 = CARTESIAN_POINT('',(211.9275,-190.665,0.));
#988 = CIRCLE('',#989,0.5);
#989 = AXIS2_PLACEMENT_3D('',#990,#991,#992);
#990 = CARTESIAN_POINT('',(211.9275,-190.165,0.));
#991 = DIRECTION('',(-0.,0.,-1.));
#992 = DIRECTION('',(-0.,-1.,0.));
#993 = FACE_BOUND('',#994,.F.);
#994 = EDGE_LOOP('',(#995));
#995 = ORIENTED_EDGE('',*,*,#996,.T.);
#996 = EDGE_CURVE('',#997,#997,#999,.T.);
#997 = VERTEX_POINT('',#998);
#998 = CARTESIAN_POINT('',(211.9575,-187.645,0.));
#999 = CIRCLE('',#1000,0.4);
#1000 = AXIS2_PLACEMENT_3D('',#1001,#1002,#1003);
#1001 = CARTESIAN_POINT('',(211.9575,-187.245,0.));
#1002 = DIRECTION('',(-0.,0.,-1.));
#1003 = DIRECTION('',(7.1054273576E-14,-1.,-0.));
#1004 = FACE_BOUND('',#1005,.F.);
#1005 = EDGE_LOOP('',(#1006));
#1006 = ORIENTED_EDGE('',*,*,#1007,.T.);
#1007 = EDGE_CURVE('',#1008,#1008,#1010,.T.);
#1008 = VERTEX_POINT('',#1009);
#1009 = CARTESIAN_POINT('',(231.0075,-187.615,0.));
#1010 = CIRCLE('',#1011,0.4);
#1011 = AXIS2_PLACEMENT_3D('',#1012,#1013,#1014);
#1012 = CARTESIAN_POINT('',(231.0075,-187.215,0.));
#1013 = DIRECTION('',(-0.,0.,-1.));
#1014 = DIRECTION('',(-0.,-1.,0.));
#1015 = FACE_BOUND('',#1016,.F.);
#1016 = EDGE_LOOP('',(#1017));
#1017 = ORIENTED_EDGE('',*,*,#1018,.T.);
#1018 = EDGE_CURVE('',#1019,#1019,#1021,.T.);
#1019 = VERTEX_POINT('',#1020);
#1020 = CARTESIAN_POINT('',(109.25375,-179.7,0.));
#1021 = CIRCLE('',#1022,0.875);
#1022 = AXIS2_PLACEMENT_3D('',#1023,#1024,#1025);
#1023 = CARTESIAN_POINT('',(109.25375,-178.825,0.));
#1024 = DIRECTION('',(-0.,0.,-1.));
#1025 = DIRECTION('',(-0.,-1.,0.));
#1026 = FACE_BOUND('',#1027,.F.);
#1027 = EDGE_LOOP('',(#1028));
#1028 = ORIENTED_EDGE('',*,*,#1029,.T.);
#1029 = EDGE_CURVE('',#1030,#1030,#1032,.T.);
#1030 = VERTEX_POINT('',#1031);
#1031 = CARTESIAN_POINT('',(114.33375,-180.8189,0.));
#1032 = CIRCLE('',#1033,1.9939);
#1033 = AXIS2_PLACEMENT_3D('',#1034,#1035,#1036);
#1034 = CARTESIAN_POINT('',(114.33375,-178.825,0.));
#1035 = DIRECTION('',(-0.,0.,-1.));
#1036 = DIRECTION('',(-7.127165211496E-15,-1.,0.));
#1037 = FACE_BOUND('',#1038,.F.);
#1038 = EDGE_LOOP('',(#1039));
#1039 = ORIENTED_EDGE('',*,*,#1040,.T.);
#1040 = EDGE_CURVE('',#1041,#1041,#1043,.T.);
#1041 = VERTEX_POINT('',#1042);
#1042 = CARTESIAN_POINT('',(119.41375,-179.7,0.));
#1043 = CIRCLE('',#1044,0.875);
#1044 = AXIS2_PLACEMENT_3D('',#1045,#1046,#1047);
#1045 = CARTESIAN_POINT('',(119.41375,-178.825,0.));
#1046 = DIRECTION('',(-0.,0.,-1.));
#1047 = DIRECTION('',(-0.,-1.,0.));
#1048 = FACE_BOUND('',#1049,.F.);
#1049 = EDGE_LOOP('',(#1050));
#1050 = ORIENTED_EDGE('',*,*,#1051,.T.);
#1051 = EDGE_CURVE('',#1052,#1052,#1054,.T.);
#1052 = VERTEX_POINT('',#1053);
#1053 = CARTESIAN_POINT('',(130.85125,-180.08,0.));
#1054 = CIRCLE('',#1055,0.4);
#1055 = AXIS2_PLACEMENT_3D('',#1056,#1057,#1058);
#1056 = CARTESIAN_POINT('',(130.85125,-179.68,0.));
#1057 = DIRECTION('',(-0.,0.,-1.));
#1058 = DIRECTION('',(-0.,-1.,0.));
#1059 = FACE_BOUND('',#1060,.F.);
#1060 = EDGE_LOOP('',(#1061));
#1061 = ORIENTED_EDGE('',*,*,#1062,.T.);
#1062 = EDGE_CURVE('',#1063,#1063,#1065,.T.);
#1063 = VERTEX_POINT('',#1064);
#1064 = CARTESIAN_POINT('',(110.52375,-177.785,0.));
#1065 = CIRCLE('',#1066,1.5);
#1066 = AXIS2_PLACEMENT_3D('',#1067,#1068,#1069);
#1067 = CARTESIAN_POINT('',(110.52375,-176.285,0.));
#1068 = DIRECTION('',(-0.,0.,-1.));
#1069 = DIRECTION('',(-0.,-1.,0.));
#1070 = FACE_BOUND('',#1071,.F.);
#1071 = EDGE_LOOP('',(#1072));
#1072 = ORIENTED_EDGE('',*,*,#1073,.T.);
#1073 = EDGE_CURVE('',#1074,#1074,#1076,.T.);
#1074 = VERTEX_POINT('',#1075);
#1075 = CARTESIAN_POINT('',(116.87375,-175.245,0.));
#1076 = CIRCLE('',#1077,1.5);
#1077 = AXIS2_PLACEMENT_3D('',#1078,#1079,#1080);
#1078 = CARTESIAN_POINT('',(116.87375,-173.745,0.));
#1079 = DIRECTION('',(-0.,0.,-1.));
#1080 = DIRECTION('',(-0.,-1.,0.));
#1081 = FACE_BOUND('',#1082,.F.);
#1082 = EDGE_LOOP('',(#1083));
#1083 = ORIENTED_EDGE('',*,*,#1084,.T.);
#1084 = EDGE_CURVE('',#1085,#1085,#1087,.T.);
#1085 = VERTEX_POINT('',#1086);
#1086 = CARTESIAN_POINT('',(140.21,-179.7,0.));
#1087 = CIRCLE('',#1088,0.875);
#1088 = AXIS2_PLACEMENT_3D('',#1089,#1090,#1091);
#1089 = CARTESIAN_POINT('',(140.21,-178.825,0.));
#1090 = DIRECTION('',(-0.,0.,-1.));
#1091 = DIRECTION('',(-0.,-1.,0.));
#1092 = FACE_BOUND('',#1093,.F.);
#1093 = EDGE_LOOP('',(#1094));
#1094 = ORIENTED_EDGE('',*,*,#1095,.T.);
#1095 = EDGE_CURVE('',#1096,#1096,#1098,.T.);
#1096 = VERTEX_POINT('',#1097);
#1097 = CARTESIAN_POINT('',(145.29,-180.8189,0.));
#1098 = CIRCLE('',#1099,1.9939);
#1099 = AXIS2_PLACEMENT_3D('',#1100,#1101,#1102);
#1100 = CARTESIAN_POINT('',(145.29,-178.825,0.));
#1101 = DIRECTION('',(-0.,0.,-1.));
#1102 = DIRECTION('',(-0.,-1.,0.));
#1103 = FACE_BOUND('',#1104,.F.);
#1104 = EDGE_LOOP('',(#1105));
#1105 = ORIENTED_EDGE('',*,*,#1106,.T.);
#1106 = EDGE_CURVE('',#1107,#1107,#1109,.T.);
#1107 = VERTEX_POINT('',#1108);
#1108 = CARTESIAN_POINT('',(150.37,-179.7,0.));
#1109 = CIRCLE('',#1110,0.875);
#1110 = AXIS2_PLACEMENT_3D('',#1111,#1112,#1113);
#1111 = CARTESIAN_POINT('',(150.37,-178.825,0.));
#1112 = DIRECTION('',(-0.,0.,-1.));
#1113 = DIRECTION('',(-0.,-1.,0.));
#1114 = FACE_BOUND('',#1115,.F.);
#1115 = EDGE_LOOP('',(#1116));
#1116 = ORIENTED_EDGE('',*,*,#1117,.T.);
#1117 = EDGE_CURVE('',#1118,#1118,#1120,.T.);
#1118 = VERTEX_POINT('',#1119);
#1119 = CARTESIAN_POINT('',(154.8075,-180.025,0.));
#1120 = CIRCLE('',#1121,0.4);
#1121 = AXIS2_PLACEMENT_3D('',#1122,#1123,#1124);
#1122 = CARTESIAN_POINT('',(154.8075,-179.625,0.));
#1123 = DIRECTION('',(-0.,0.,-1.));
#1124 = DIRECTION('',(-0.,-1.,0.));
#1125 = FACE_BOUND('',#1126,.F.);
#1126 = EDGE_LOOP('',(#1127));
#1127 = ORIENTED_EDGE('',*,*,#1128,.T.);
#1128 = EDGE_CURVE('',#1129,#1129,#1131,.T.);
#1129 = VERTEX_POINT('',#1130);
#1130 = CARTESIAN_POINT('',(159.26,-179.7,0.));
#1131 = CIRCLE('',#1132,0.875);
#1132 = AXIS2_PLACEMENT_3D('',#1133,#1134,#1135);
#1133 = CARTESIAN_POINT('',(159.26,-178.825,0.));
#1134 = DIRECTION('',(-0.,0.,-1.));
#1135 = DIRECTION('',(-0.,-1.,0.));
#1136 = FACE_BOUND('',#1137,.F.);
#1137 = EDGE_LOOP('',(#1138));
#1138 = ORIENTED_EDGE('',*,*,#1139,.T.);
#1139 = EDGE_CURVE('',#1140,#1140,#1142,.T.);
#1140 = VERTEX_POINT('',#1141);
#1141 = CARTESIAN_POINT('',(164.34,-180.8189,0.));
#1142 = CIRCLE('',#1143,1.9939);
#1143 = AXIS2_PLACEMENT_3D('',#1144,#1145,#1146);
#1144 = CARTESIAN_POINT('',(164.34,-178.825,0.));
#1145 = DIRECTION('',(-0.,0.,-1.));
#1146 = DIRECTION('',(-0.,-1.,0.));
#1147 = FACE_BOUND('',#1148,.F.);
#1148 = EDGE_LOOP('',(#1149));
#1149 = ORIENTED_EDGE('',*,*,#1150,.T.);
#1150 = EDGE_CURVE('',#1151,#1151,#1153,.T.);
#1151 = VERTEX_POINT('',#1152);
#1152 = CARTESIAN_POINT('',(141.48,-177.785,0.));
#1153 = CIRCLE('',#1154,1.5);
#1154 = AXIS2_PLACEMENT_3D('',#1155,#1156,#1157);
#1155 = CARTESIAN_POINT('',(141.48,-176.285,0.));
#1156 = DIRECTION('',(-0.,0.,-1.));
#1157 = DIRECTION('',(-0.,-1.,0.));
#1158 = FACE_BOUND('',#1159,.F.);
#1159 = EDGE_LOOP('',(#1160));
#1160 = ORIENTED_EDGE('',*,*,#1161,.T.);
#1161 = EDGE_CURVE('',#1162,#1162,#1164,.T.);
#1162 = VERTEX_POINT('',#1163);
#1163 = CARTESIAN_POINT('',(147.83,-175.245,0.));
#1164 = CIRCLE('',#1165,1.5);
#1165 = AXIS2_PLACEMENT_3D('',#1166,#1167,#1168);
#1166 = CARTESIAN_POINT('',(147.83,-173.745,0.));
#1167 = DIRECTION('',(-0.,0.,-1.));
#1168 = DIRECTION('',(-0.,-1.,0.));
#1169 = FACE_BOUND('',#1170,.F.);
#1170 = EDGE_LOOP('',(#1171));
#1171 = ORIENTED_EDGE('',*,*,#1172,.T.);
#1172 = EDGE_CURVE('',#1173,#1173,#1175,.T.);
#1173 = VERTEX_POINT('',#1174);
#1174 = CARTESIAN_POINT('',(160.53,-177.785,0.));
#1175 = CIRCLE('',#1176,1.5);
#1176 = AXIS2_PLACEMENT_3D('',#1177,#1178,#1179);
#1177 = CARTESIAN_POINT('',(160.53,-176.285,0.));
#1178 = DIRECTION('',(-0.,0.,-1.));
#1179 = DIRECTION('',(-0.,-1.,0.));
#1180 = FACE_BOUND('',#1181,.F.);
#1181 = EDGE_LOOP('',(#1182));
#1182 = ORIENTED_EDGE('',*,*,#1183,.T.);
#1183 = EDGE_CURVE('',#1184,#1184,#1186,.T.);
#1184 = VERTEX_POINT('',#1185);
#1185 = CARTESIAN_POINT('',(102.4275,-173.364,0.));
#1186 = CIRCLE('',#1187,1.524);
#1187 = AXIS2_PLACEMENT_3D('',#1188,#1189,#1190);
#1188 = CARTESIAN_POINT('',(102.4275,-171.84,0.));
#1189 = DIRECTION('',(-0.,0.,-1.));
#1190 = DIRECTION('',(-0.,-1.,0.));
#1191 = FACE_BOUND('',#1192,.F.);
#1192 = EDGE_LOOP('',(#1193));
#1193 = ORIENTED_EDGE('',*,*,#1194,.T.);
#1194 = EDGE_CURVE('',#1195,#1195,#1197,.T.);
#1195 = VERTEX_POINT('',#1196);
#1196 = CARTESIAN_POINT('',(126.24,-173.364,0.));
#1197 = CIRCLE('',#1198,1.524);
#1198 = AXIS2_PLACEMENT_3D('',#1199,#1200,#1201);
#1199 = CARTESIAN_POINT('',(126.24,-171.84,0.));
#1200 = DIRECTION('',(-0.,0.,-1.));
#1201 = DIRECTION('',(-0.,-1.,0.));
#1202 = FACE_BOUND('',#1203,.F.);
#1203 = EDGE_LOOP('',(#1204));
#1204 = ORIENTED_EDGE('',*,*,#1205,.T.);
#1205 = EDGE_CURVE('',#1206,#1206,#1208,.T.);
#1206 = VERTEX_POINT('',#1207);
#1207 = CARTESIAN_POINT('',(119.09375,-168.595,0.));
#1208 = CIRCLE('',#1209,0.4);
#1209 = AXIS2_PLACEMENT_3D('',#1210,#1211,#1212);
#1210 = CARTESIAN_POINT('',(119.09375,-168.195,0.));
#1211 = DIRECTION('',(-0.,0.,-1.));
#1212 = DIRECTION('',(-0.,-1.,0.));
#1213 = FACE_BOUND('',#1214,.F.);
#1214 = EDGE_LOOP('',(#1215));
#1215 = ORIENTED_EDGE('',*,*,#1216,.T.);
#1216 = EDGE_CURVE('',#1217,#1217,#1219,.T.);
#1217 = VERTEX_POINT('',#1218);
#1218 = CARTESIAN_POINT('',(145.2875,-168.595,0.));
#1219 = CIRCLE('',#1220,0.4);
#1220 = AXIS2_PLACEMENT_3D('',#1221,#1222,#1223);
#1221 = CARTESIAN_POINT('',(145.2875,-168.195,0.));
#1222 = DIRECTION('',(-0.,0.,-1.));
#1223 = DIRECTION('',(-0.,-1.,0.));
#1224 = FACE_BOUND('',#1225,.F.);
#1225 = EDGE_LOOP('',(#1226));
#1226 = ORIENTED_EDGE('',*,*,#1227,.T.);
#1227 = EDGE_CURVE('',#1228,#1228,#1230,.T.);
#1228 = VERTEX_POINT('',#1229);
#1229 = CARTESIAN_POINT('',(164.3375,-168.595,0.));
#1230 = CIRCLE('',#1231,0.4);
#1231 = AXIS2_PLACEMENT_3D('',#1232,#1233,#1234);
#1232 = CARTESIAN_POINT('',(164.3375,-168.195,0.));
#1233 = DIRECTION('',(-0.,0.,-1.));
#1234 = DIRECTION('',(-0.,-1.,0.));
#1235 = FACE_BOUND('',#1236,.F.);
#1236 = EDGE_LOOP('',(#1237));
#1237 = ORIENTED_EDGE('',*,*,#1238,.T.);
#1238 = EDGE_CURVE('',#1239,#1239,#1241,.T.);
#1239 = VERTEX_POINT('',#1240);
#1240 = CARTESIAN_POINT('',(169.42,-179.7,0.));
#1241 = CIRCLE('',#1242,0.875);
#1242 = AXIS2_PLACEMENT_3D('',#1243,#1244,#1245);
#1243 = CARTESIAN_POINT('',(169.42,-178.825,0.));
#1244 = DIRECTION('',(-0.,0.,-1.));
#1245 = DIRECTION('',(-0.,-1.,0.));
#1246 = FACE_BOUND('',#1247,.F.);
#1247 = EDGE_LOOP('',(#1248));
#1248 = ORIENTED_EDGE('',*,*,#1249,.T.);
#1249 = EDGE_CURVE('',#1250,#1250,#1252,.T.);
#1250 = VERTEX_POINT('',#1251);
#1251 = CARTESIAN_POINT('',(173.8575,-180.025,0.));
#1252 = CIRCLE('',#1253,0.4);
#1253 = AXIS2_PLACEMENT_3D('',#1254,#1255,#1256);
#1254 = CARTESIAN_POINT('',(173.8575,-179.625,0.));
#1255 = DIRECTION('',(-0.,0.,-1.));
#1256 = DIRECTION('',(-7.105427357601E-14,-1.,0.));
#1257 = FACE_BOUND('',#1258,.F.);
#1258 = EDGE_LOOP('',(#1259));
#1259 = ORIENTED_EDGE('',*,*,#1260,.T.);
#1260 = EDGE_CURVE('',#1261,#1261,#1263,.T.);
#1261 = VERTEX_POINT('',#1262);
#1262 = CARTESIAN_POINT('',(178.31,-179.7,0.));
#1263 = CIRCLE('',#1264,0.875);
#1264 = AXIS2_PLACEMENT_3D('',#1265,#1266,#1267);
#1265 = CARTESIAN_POINT('',(178.31,-178.825,0.));
#1266 = DIRECTION('',(-0.,0.,-1.));
#1267 = DIRECTION('',(-0.,-1.,0.));
#1268 = FACE_BOUND('',#1269,.F.);
#1269 = EDGE_LOOP('',(#1270));
#1270 = ORIENTED_EDGE('',*,*,#1271,.T.);
#1271 = EDGE_CURVE('',#1272,#1272,#1274,.T.);
#1272 = VERTEX_POINT('',#1273);
#1273 = CARTESIAN_POINT('',(183.39,-180.8189,0.));
#1274 = CIRCLE('',#1275,1.9939);
#1275 = AXIS2_PLACEMENT_3D('',#1276,#1277,#1278);
#1276 = CARTESIAN_POINT('',(183.39,-178.825,0.));
#1277 = DIRECTION('',(-0.,0.,-1.));
#1278 = DIRECTION('',(-0.,-1.,0.));
#1279 = FACE_BOUND('',#1280,.F.);
#1280 = EDGE_LOOP('',(#1281));
#1281 = ORIENTED_EDGE('',*,*,#1282,.T.);
#1282 = EDGE_CURVE('',#1283,#1283,#1285,.T.);
#1283 = VERTEX_POINT('',#1284);
#1284 = CARTESIAN_POINT('',(188.47,-179.7,0.));
#1285 = CIRCLE('',#1286,0.875);
#1286 = AXIS2_PLACEMENT_3D('',#1287,#1288,#1289);
#1287 = CARTESIAN_POINT('',(188.47,-178.825,0.));
#1288 = DIRECTION('',(-0.,0.,-1.));
#1289 = DIRECTION('',(-0.,-1.,0.));
#1290 = FACE_BOUND('',#1291,.F.);
#1291 = EDGE_LOOP('',(#1292));
#1292 = ORIENTED_EDGE('',*,*,#1293,.T.);
#1293 = EDGE_CURVE('',#1294,#1294,#1296,.T.);
#1294 = VERTEX_POINT('',#1295);
#1295 = CARTESIAN_POINT('',(192.9075,-180.025,0.));
#1296 = CIRCLE('',#1297,0.4);
#1297 = AXIS2_PLACEMENT_3D('',#1298,#1299,#1300);
#1298 = CARTESIAN_POINT('',(192.9075,-179.625,0.));
#1299 = DIRECTION('',(-0.,0.,-1.));
#1300 = DIRECTION('',(-0.,-1.,0.));
#1301 = FACE_BOUND('',#1302,.F.);
#1302 = EDGE_LOOP('',(#1303));
#1303 = ORIENTED_EDGE('',*,*,#1304,.T.);
#1304 = EDGE_CURVE('',#1305,#1305,#1307,.T.);
#1305 = VERTEX_POINT('',#1306);
#1306 = CARTESIAN_POINT('',(197.36,-179.7,0.));
#1307 = CIRCLE('',#1308,0.875);
#1308 = AXIS2_PLACEMENT_3D('',#1309,#1310,#1311);
#1309 = CARTESIAN_POINT('',(197.36,-178.825,0.));
#1310 = DIRECTION('',(-0.,0.,-1.));
#1311 = DIRECTION('',(-0.,-1.,0.));
#1312 = FACE_BOUND('',#1313,.F.);
#1313 = EDGE_LOOP('',(#1314));
#1314 = ORIENTED_EDGE('',*,*,#1315,.T.);
#1315 = EDGE_CURVE('',#1316,#1316,#1318,.T.);
#1316 = VERTEX_POINT('',#1317);
#1317 = CARTESIAN_POINT('',(179.58,-177.785,0.));
#1318 = CIRCLE('',#1319,1.5);
#1319 = AXIS2_PLACEMENT_3D('',#1320,#1321,#1322);
#1320 = CARTESIAN_POINT('',(179.58,-176.285,0.));
#1321 = DIRECTION('',(-0.,0.,-1.));
#1322 = DIRECTION('',(-0.,-1.,0.));
#1323 = FACE_BOUND('',#1324,.F.);
#1324 = EDGE_LOOP('',(#1325));
#1325 = ORIENTED_EDGE('',*,*,#1326,.T.);
#1326 = EDGE_CURVE('',#1327,#1327,#1329,.T.);
#1327 = VERTEX_POINT('',#1328);
#1328 = CARTESIAN_POINT('',(166.88,-175.245,0.));
#1329 = CIRCLE('',#1330,1.5);
#1330 = AXIS2_PLACEMENT_3D('',#1331,#1332,#1333);
#1331 = CARTESIAN_POINT('',(166.88,-173.745,0.));
#1332 = DIRECTION('',(-0.,0.,-1.));
#1333 = DIRECTION('',(-0.,-1.,0.));
#1334 = FACE_BOUND('',#1335,.F.);
#1335 = EDGE_LOOP('',(#1336));
#1336 = ORIENTED_EDGE('',*,*,#1337,.T.);
#1337 = EDGE_CURVE('',#1338,#1338,#1340,.T.);
#1338 = VERTEX_POINT('',#1339);
#1339 = CARTESIAN_POINT('',(198.63,-177.785,0.));
#1340 = CIRCLE('',#1341,1.5);
#1341 = AXIS2_PLACEMENT_3D('',#1342,#1343,#1344);
#1342 = CARTESIAN_POINT('',(198.63,-176.285,0.));
#1343 = DIRECTION('',(-0.,0.,-1.));
#1344 = DIRECTION('',(-0.,-1.,0.));
#1345 = FACE_BOUND('',#1346,.F.);
#1346 = EDGE_LOOP('',(#1347));
#1347 = ORIENTED_EDGE('',*,*,#1348,.T.);
#1348 = EDGE_CURVE('',#1349,#1349,#1351,.T.);
#1349 = VERTEX_POINT('',#1350);
#1350 = CARTESIAN_POINT('',(185.93,-175.245,0.));
#1351 = CIRCLE('',#1352,1.5);
#1352 = AXIS2_PLACEMENT_3D('',#1353,#1354,#1355);
#1353 = CARTESIAN_POINT('',(185.93,-173.745,0.));
#1354 = DIRECTION('',(-0.,0.,-1.));
#1355 = DIRECTION('',(-0.,-1.,0.));
#1356 = FACE_BOUND('',#1357,.F.);
#1357 = EDGE_LOOP('',(#1358));
#1358 = ORIENTED_EDGE('',*,*,#1359,.T.);
#1359 = EDGE_CURVE('',#1360,#1360,#1362,.T.);
#1360 = VERTEX_POINT('',#1361);
#1361 = CARTESIAN_POINT('',(202.44,-180.8189,0.));
#1362 = CIRCLE('',#1363,1.9939);
#1363 = AXIS2_PLACEMENT_3D('',#1364,#1365,#1366);
#1364 = CARTESIAN_POINT('',(202.44,-178.825,0.));
#1365 = DIRECTION('',(-0.,0.,-1.));
#1366 = DIRECTION('',(-0.,-1.,0.));
#1367 = FACE_BOUND('',#1368,.F.);
#1368 = EDGE_LOOP('',(#1369));
#1369 = ORIENTED_EDGE('',*,*,#1370,.T.);
#1370 = EDGE_CURVE('',#1371,#1371,#1373,.T.);
#1371 = VERTEX_POINT('',#1372);
#1372 = CARTESIAN_POINT('',(207.52,-179.7,0.));
#1373 = CIRCLE('',#1374,0.875);
#1374 = AXIS2_PLACEMENT_3D('',#1375,#1376,#1377);
#1375 = CARTESIAN_POINT('',(207.52,-178.825,0.));
#1376 = DIRECTION('',(-0.,0.,-1.));
#1377 = DIRECTION('',(-0.,-1.,0.));
#1378 = FACE_BOUND('',#1379,.F.);
#1379 = EDGE_LOOP('',(#1380));
#1380 = ORIENTED_EDGE('',*,*,#1381,.T.);
#1381 = EDGE_CURVE('',#1382,#1382,#1384,.T.);
#1382 = VERTEX_POINT('',#1383);
#1383 = CARTESIAN_POINT('',(211.9575,-180.025,0.));
#1384 = CIRCLE('',#1385,0.4);
#1385 = AXIS2_PLACEMENT_3D('',#1386,#1387,#1388);
#1386 = CARTESIAN_POINT('',(211.9575,-179.625,0.));
#1387 = DIRECTION('',(-0.,0.,-1.));
#1388 = DIRECTION('',(7.1054273576E-14,-1.,-0.));
#1389 = FACE_BOUND('',#1390,.F.);
#1390 = EDGE_LOOP('',(#1391));
#1391 = ORIENTED_EDGE('',*,*,#1392,.T.);
#1392 = EDGE_CURVE('',#1393,#1393,#1395,.T.);
#1393 = VERTEX_POINT('',#1394);
#1394 = CARTESIAN_POINT('',(216.41,-179.7,0.));
#1395 = CIRCLE('',#1396,0.875);
#1396 = AXIS2_PLACEMENT_3D('',#1397,#1398,#1399);
#1397 = CARTESIAN_POINT('',(216.41,-178.825,0.));
#1398 = DIRECTION('',(-0.,0.,-1.));
#1399 = DIRECTION('',(-0.,-1.,0.));
#1400 = FACE_BOUND('',#1401,.F.);
#1401 = EDGE_LOOP('',(#1402));
#1402 = ORIENTED_EDGE('',*,*,#1403,.T.);
#1403 = EDGE_CURVE('',#1404,#1404,#1406,.T.);
#1404 = VERTEX_POINT('',#1405);
#1405 = CARTESIAN_POINT('',(221.49,-180.8189,0.));
#1406 = CIRCLE('',#1407,1.9939);
#1407 = AXIS2_PLACEMENT_3D('',#1408,#1409,#1410);
#1408 = CARTESIAN_POINT('',(221.49,-178.825,0.));
#1409 = DIRECTION('',(-0.,0.,-1.));
#1410 = DIRECTION('',(-0.,-1.,0.));
#1411 = FACE_BOUND('',#1412,.F.);
#1412 = EDGE_LOOP('',(#1413));
#1413 = ORIENTED_EDGE('',*,*,#1414,.T.);
#1414 = EDGE_CURVE('',#1415,#1415,#1417,.T.);
#1415 = VERTEX_POINT('',#1416);
#1416 = CARTESIAN_POINT('',(226.57,-179.7,0.));
#1417 = CIRCLE('',#1418,0.875);
#1418 = AXIS2_PLACEMENT_3D('',#1419,#1420,#1421);
#1419 = CARTESIAN_POINT('',(226.57,-178.825,0.));
#1420 = DIRECTION('',(-0.,0.,-1.));
#1421 = DIRECTION('',(-0.,-1.,0.));
#1422 = FACE_BOUND('',#1423,.F.);
#1423 = EDGE_LOOP('',(#1424));
#1424 = ORIENTED_EDGE('',*,*,#1425,.T.);
#1425 = EDGE_CURVE('',#1426,#1426,#1428,.T.);
#1426 = VERTEX_POINT('',#1427);
#1427 = CARTESIAN_POINT('',(231.0075,-179.995,0.));
#1428 = CIRCLE('',#1429,0.4);
#1429 = AXIS2_PLACEMENT_3D('',#1430,#1431,#1432);
#1430 = CARTESIAN_POINT('',(231.0075,-179.595,0.));
#1431 = DIRECTION('',(-0.,0.,-1.));
#1432 = DIRECTION('',(-0.,-1.,0.));
#1433 = FACE_BOUND('',#1434,.F.);
#1434 = EDGE_LOOP('',(#1435));
#1435 = ORIENTED_EDGE('',*,*,#1436,.T.);
#1436 = EDGE_CURVE('',#1437,#1437,#1439,.T.);
#1437 = VERTEX_POINT('',#1438);
#1438 = CARTESIAN_POINT('',(235.46,-179.7,0.));
#1439 = CIRCLE('',#1440,0.875);
#1440 = AXIS2_PLACEMENT_3D('',#1441,#1442,#1443);
#1441 = CARTESIAN_POINT('',(235.46,-178.825,0.));
#1442 = DIRECTION('',(-0.,0.,-1.));
#1443 = DIRECTION('',(-0.,-1.,0.));
#1444 = FACE_BOUND('',#1445,.F.);
#1445 = EDGE_LOOP('',(#1446));
#1446 = ORIENTED_EDGE('',*,*,#1447,.T.);
#1447 = EDGE_CURVE('',#1448,#1448,#1450,.T.);
#1448 = VERTEX_POINT('',#1449);
#1449 = CARTESIAN_POINT('',(217.68,-177.785,0.));
#1450 = CIRCLE('',#1451,1.5);
#1451 = AXIS2_PLACEMENT_3D('',#1452,#1453,#1454);
#1452 = CARTESIAN_POINT('',(217.68,-176.285,0.));
#1453 = DIRECTION('',(-0.,0.,-1.));
#1454 = DIRECTION('',(-0.,-1.,0.));
#1455 = FACE_BOUND('',#1456,.F.);
#1456 = EDGE_LOOP('',(#1457));
#1457 = ORIENTED_EDGE('',*,*,#1458,.T.);
#1458 = EDGE_CURVE('',#1459,#1459,#1461,.T.);
#1459 = VERTEX_POINT('',#1460);
#1460 = CARTESIAN_POINT('',(204.98,-175.245,0.));
#1461 = CIRCLE('',#1462,1.5);
#1462 = AXIS2_PLACEMENT_3D('',#1463,#1464,#1465);
#1463 = CARTESIAN_POINT('',(204.98,-173.745,0.));
#1464 = DIRECTION('',(-0.,0.,-1.));
#1465 = DIRECTION('',(-0.,-1.,0.));
#1466 = FACE_BOUND('',#1467,.F.);
#1467 = EDGE_LOOP('',(#1468));
#1468 = ORIENTED_EDGE('',*,*,#1469,.T.);
#1469 = EDGE_CURVE('',#1470,#1470,#1472,.T.);
#1470 = VERTEX_POINT('',#1471);
#1471 = CARTESIAN_POINT('',(236.73,-177.785,0.));
#1472 = CIRCLE('',#1473,1.5);
#1473 = AXIS2_PLACEMENT_3D('',#1474,#1475,#1476);
#1474 = CARTESIAN_POINT('',(236.73,-176.285,0.));
#1475 = DIRECTION('',(-0.,0.,-1.));
#1476 = DIRECTION('',(-0.,-1.,0.));
#1477 = FACE_BOUND('',#1478,.F.);
#1478 = EDGE_LOOP('',(#1479));
#1479 = ORIENTED_EDGE('',*,*,#1480,.T.);
#1480 = EDGE_CURVE('',#1481,#1481,#1483,.T.);
#1481 = VERTEX_POINT('',#1482);
#1482 = CARTESIAN_POINT('',(224.03,-175.245,0.));
#1483 = CIRCLE('',#1484,1.5);
#1484 = AXIS2_PLACEMENT_3D('',#1485,#1486,#1487);
#1485 = CARTESIAN_POINT('',(224.03,-173.745,0.));
#1486 = DIRECTION('',(-0.,0.,-1.));
#1487 = DIRECTION('',(-0.,-1.,0.));
#1488 = FACE_BOUND('',#1489,.F.);
#1489 = EDGE_LOOP('',(#1490));
#1490 = ORIENTED_EDGE('',*,*,#1491,.T.);
#1491 = EDGE_CURVE('',#1492,#1492,#1494,.T.);
#1492 = VERTEX_POINT('',#1493);
#1493 = CARTESIAN_POINT('',(183.3875,-168.595,0.));
#1494 = CIRCLE('',#1495,0.4);
#1495 = AXIS2_PLACEMENT_3D('',#1496,#1497,#1498);
#1496 = CARTESIAN_POINT('',(183.3875,-168.195,0.));
#1497 = DIRECTION('',(-0.,0.,-1.));
#1498 = DIRECTION('',(-0.,-1.,0.));
#1499 = FACE_BOUND('',#1500,.F.);
#1500 = EDGE_LOOP('',(#1501));
#1501 = ORIENTED_EDGE('',*,*,#1502,.T.);
#1502 = EDGE_CURVE('',#1503,#1503,#1505,.T.);
#1503 = VERTEX_POINT('',#1504);
#1504 = CARTESIAN_POINT('',(202.4375,-168.595,0.));
#1505 = CIRCLE('',#1506,0.4);
#1506 = AXIS2_PLACEMENT_3D('',#1507,#1508,#1509);
#1507 = CARTESIAN_POINT('',(202.4375,-168.195,0.));
#1508 = DIRECTION('',(-0.,0.,-1.));
#1509 = DIRECTION('',(-0.,-1.,0.));
#1510 = FACE_BOUND('',#1511,.F.);
#1511 = EDGE_LOOP('',(#1512));
#1512 = ORIENTED_EDGE('',*,*,#1513,.T.);
#1513 = EDGE_CURVE('',#1514,#1514,#1516,.T.);
#1514 = VERTEX_POINT('',#1515);
#1515 = CARTESIAN_POINT('',(221.4875,-168.595,0.));
#1516 = CIRCLE('',#1517,0.4);
#1517 = AXIS2_PLACEMENT_3D('',#1518,#1519,#1520);
#1518 = CARTESIAN_POINT('',(221.4875,-168.195,0.));
#1519 = DIRECTION('',(-0.,0.,-1.));
#1520 = DIRECTION('',(-0.,-1.,0.));
#1521 = FACE_BOUND('',#1522,.F.);
#1522 = EDGE_LOOP('',(#1523));
#1523 = ORIENTED_EDGE('',*,*,#1524,.T.);
#1524 = EDGE_CURVE('',#1525,#1525,#1527,.T.);
#1525 = VERTEX_POINT('',#1526);
#1526 = CARTESIAN_POINT('',(273.8775,-208.1239,0.));
#1527 = CIRCLE('',#1528,1.9939);
#1528 = AXIS2_PLACEMENT_3D('',#1529,#1530,#1531);
#1529 = CARTESIAN_POINT('',(273.8775,-206.13,0.));
#1530 = DIRECTION('',(-0.,0.,-1.));
#1531 = DIRECTION('',(-0.,-1.,0.));
#1532 = FACE_BOUND('',#1533,.F.);
#1533 = EDGE_LOOP('',(#1534));
#1534 = ORIENTED_EDGE('',*,*,#1535,.T.);
#1535 = EDGE_CURVE('',#1536,#1536,#1538,.T.);
#1536 = VERTEX_POINT('',#1537);
#1537 = CARTESIAN_POINT('',(290.22875,-198.75,0.));
#1538 = CIRCLE('',#1539,0.875);
#1539 = AXIS2_PLACEMENT_3D('',#1540,#1541,#1542);
#1540 = CARTESIAN_POINT('',(290.22875,-197.875,0.));
#1541 = DIRECTION('',(-0.,0.,-1.));
#1542 = DIRECTION('',(-0.,-1.,0.));
#1543 = FACE_BOUND('',#1544,.F.);
#1544 = EDGE_LOOP('',(#1545));
#1545 = ORIENTED_EDGE('',*,*,#1546,.T.);
#1546 = EDGE_CURVE('',#1547,#1547,#1549,.T.);
#1547 = VERTEX_POINT('',#1548);
#1548 = CARTESIAN_POINT('',(295.30875,-199.8689,0.));
#1549 = CIRCLE('',#1550,1.9939);
#1550 = AXIS2_PLACEMENT_3D('',#1551,#1552,#1553);
#1551 = CARTESIAN_POINT('',(295.30875,-197.875,0.));
#1552 = DIRECTION('',(-0.,0.,-1.));
#1553 = DIRECTION('',(-2.850866084598E-14,-1.,0.));
#1554 = FACE_BOUND('',#1555,.F.);
#1555 = EDGE_LOOP('',(#1556));
#1556 = ORIENTED_EDGE('',*,*,#1557,.T.);
#1557 = EDGE_CURVE('',#1558,#1558,#1560,.T.);
#1558 = VERTEX_POINT('',#1559);
#1559 = CARTESIAN_POINT('',(300.38875,-198.75,0.));
#1560 = CIRCLE('',#1561,0.875);
#1561 = AXIS2_PLACEMENT_3D('',#1562,#1563,#1564);
#1562 = CARTESIAN_POINT('',(300.38875,-197.875,0.));
#1563 = DIRECTION('',(-0.,0.,-1.));
#1564 = DIRECTION('',(-0.,-1.,0.));
#1565 = FACE_BOUND('',#1566,.F.);
#1566 = EDGE_LOOP('',(#1567));
#1567 = ORIENTED_EDGE('',*,*,#1568,.T.);
#1568 = EDGE_CURVE('',#1569,#1569,#1571,.T.);
#1569 = VERTEX_POINT('',#1570);
#1570 = CARTESIAN_POINT('',(250.0575,-187.615,0.));
#1571 = CIRCLE('',#1572,0.4);
#1572 = AXIS2_PLACEMENT_3D('',#1573,#1574,#1575);
#1573 = CARTESIAN_POINT('',(250.0575,-187.215,0.));
#1574 = DIRECTION('',(-0.,0.,-1.));
#1575 = DIRECTION('',(-0.,-1.,0.));
#1576 = FACE_BOUND('',#1577,.F.);
#1577 = EDGE_LOOP('',(#1578));
#1578 = ORIENTED_EDGE('',*,*,#1579,.T.);
#1579 = EDGE_CURVE('',#1580,#1580,#1582,.T.);
#1580 = VERTEX_POINT('',#1581);
#1581 = CARTESIAN_POINT('',(269.1075,-187.615,0.));
#1582 = CIRCLE('',#1583,0.4);
#1583 = AXIS2_PLACEMENT_3D('',#1584,#1585,#1586);
#1584 = CARTESIAN_POINT('',(269.1075,-187.215,0.));
#1585 = DIRECTION('',(-0.,0.,-1.));
#1586 = DIRECTION('',(1.42108547152E-13,-1.,-0.));
#1587 = FACE_BOUND('',#1588,.F.);
#1588 = EDGE_LOOP('',(#1589));
#1589 = ORIENTED_EDGE('',*,*,#1590,.T.);
#1590 = EDGE_CURVE('',#1591,#1591,#1593,.T.);
#1591 = VERTEX_POINT('',#1592);
#1592 = CARTESIAN_POINT('',(273.8775,-192.414,0.));
#1593 = CIRCLE('',#1594,1.524);
#1594 = AXIS2_PLACEMENT_3D('',#1595,#1596,#1597);
#1595 = CARTESIAN_POINT('',(273.8775,-190.89,0.));
#1596 = DIRECTION('',(-0.,0.,-1.));
#1597 = DIRECTION('',(-0.,-1.,0.));
#1598 = FACE_BOUND('',#1599,.F.);
#1599 = EDGE_LOOP('',(#1600));
#1600 = ORIENTED_EDGE('',*,*,#1601,.T.);
#1601 = EDGE_CURVE('',#1602,#1602,#1604,.T.);
#1602 = VERTEX_POINT('',#1603);
#1603 = CARTESIAN_POINT('',(291.49875,-196.835,0.));
#1604 = CIRCLE('',#1605,1.5);
#1605 = AXIS2_PLACEMENT_3D('',#1606,#1607,#1608);
#1606 = CARTESIAN_POINT('',(291.49875,-195.335,0.));
#1607 = DIRECTION('',(-0.,0.,-1.));
#1608 = DIRECTION('',(-0.,-1.,0.));
#1609 = FACE_BOUND('',#1610,.F.);
#1610 = EDGE_LOOP('',(#1611));
#1611 = ORIENTED_EDGE('',*,*,#1612,.T.);
#1612 = EDGE_CURVE('',#1613,#1613,#1615,.T.);
#1613 = VERTEX_POINT('',#1614);
#1614 = CARTESIAN_POINT('',(297.84875,-194.295,0.));
#1615 = CIRCLE('',#1616,1.5);
#1616 = AXIS2_PLACEMENT_3D('',#1617,#1618,#1619);
#1617 = CARTESIAN_POINT('',(297.84875,-192.795,0.));
#1618 = DIRECTION('',(-0.,0.,-1.));
#1619 = DIRECTION('',(-0.,-1.,0.));
#1620 = FACE_BOUND('',#1621,.F.);
#1621 = EDGE_LOOP('',(#1622));
#1622 = ORIENTED_EDGE('',*,*,#1623,.T.);
#1623 = EDGE_CURVE('',#1624,#1624,#1626,.T.);
#1624 = VERTEX_POINT('',#1625);
#1625 = CARTESIAN_POINT('',(288.1575,-187.615,0.));
#1626 = CIRCLE('',#1627,0.4);
#1627 = AXIS2_PLACEMENT_3D('',#1628,#1629,#1630);
#1628 = CARTESIAN_POINT('',(288.1575,-187.215,0.));
#1629 = DIRECTION('',(-0.,0.,-1.));
#1630 = DIRECTION('',(-0.,-1.,0.));
#1631 = FACE_BOUND('',#1632,.F.);
#1632 = EDGE_LOOP('',(#1633));
#1633 = ORIENTED_EDGE('',*,*,#1634,.T.);
#1634 = EDGE_CURVE('',#1635,#1635,#1637,.T.);
#1635 = VERTEX_POINT('',#1636);
#1636 = CARTESIAN_POINT('',(307.2175,-206.635,0.));
#1637 = CIRCLE('',#1638,0.4);
#1638 = AXIS2_PLACEMENT_3D('',#1639,#1640,#1641);
#1639 = CARTESIAN_POINT('',(307.2175,-206.235,0.));
#1640 = DIRECTION('',(-0.,0.,-1.));
#1641 = DIRECTION('',(-0.,-1.,0.));
#1642 = FACE_BOUND('',#1643,.F.);
#1643 = EDGE_LOOP('',(#1644));
#1644 = ORIENTED_EDGE('',*,*,#1645,.T.);
#1645 = EDGE_CURVE('',#1646,#1646,#1648,.T.);
#1646 = VERTEX_POINT('',#1647);
#1647 = CARTESIAN_POINT('',(331.03,-206.635,0.));
#1648 = CIRCLE('',#1649,0.4);
#1649 = AXIS2_PLACEMENT_3D('',#1650,#1651,#1652);
#1650 = CARTESIAN_POINT('',(331.03,-206.235,0.));
#1651 = DIRECTION('',(-0.,0.,-1.));
#1652 = DIRECTION('',(-0.,-1.,0.));
#1653 = FACE_BOUND('',#1654,.F.);
#1654 = EDGE_LOOP('',(#1655));
#1655 = ORIENTED_EDGE('',*,*,#1656,.T.);
#1656 = EDGE_CURVE('',#1657,#1657,#1659,.T.);
#1657 = VERTEX_POINT('',#1658);
#1658 = CARTESIAN_POINT('',(307.2175,-199.015,0.));
#1659 = CIRCLE('',#1660,0.4);
#1660 = AXIS2_PLACEMENT_3D('',#1661,#1662,#1663);
#1661 = CARTESIAN_POINT('',(307.2175,-198.615,0.));
#1662 = DIRECTION('',(-0.,0.,-1.));
#1663 = DIRECTION('',(-0.,-1.,0.));
#1664 = FACE_BOUND('',#1665,.F.);
#1665 = EDGE_LOOP('',(#1666));
#1666 = ORIENTED_EDGE('',*,*,#1667,.T.);
#1667 = EDGE_CURVE('',#1668,#1668,#1670,.T.);
#1668 = VERTEX_POINT('',#1669);
#1669 = CARTESIAN_POINT('',(314.04125,-198.75,0.));
#1670 = CIRCLE('',#1671,0.875);
#1671 = AXIS2_PLACEMENT_3D('',#1672,#1673,#1674);
#1672 = CARTESIAN_POINT('',(314.04125,-197.875,0.));
#1673 = DIRECTION('',(-0.,0.,-1.));
#1674 = DIRECTION('',(-0.,-1.,0.));
#1675 = FACE_BOUND('',#1676,.F.);
#1676 = EDGE_LOOP('',(#1677));
#1677 = ORIENTED_EDGE('',*,*,#1678,.T.);
#1678 = EDGE_CURVE('',#1679,#1679,#1681,.T.);
#1679 = VERTEX_POINT('',#1680);
#1680 = CARTESIAN_POINT('',(319.12125,-199.8689,0.));
#1681 = CIRCLE('',#1682,1.9939);
#1682 = AXIS2_PLACEMENT_3D('',#1683,#1684,#1685);
#1683 = CARTESIAN_POINT('',(319.12125,-197.875,0.));
#1684 = DIRECTION('',(-0.,0.,-1.));
#1685 = DIRECTION('',(-2.850866084598E-14,-1.,0.));
#1686 = FACE_BOUND('',#1687,.F.);
#1687 = EDGE_LOOP('',(#1688));
#1688 = ORIENTED_EDGE('',*,*,#1689,.T.);
#1689 = EDGE_CURVE('',#1690,#1690,#1692,.T.);
#1690 = VERTEX_POINT('',#1691);
#1691 = CARTESIAN_POINT('',(324.20125,-198.75,0.));
#1692 = CIRCLE('',#1693,0.875);
#1693 = AXIS2_PLACEMENT_3D('',#1694,#1695,#1696);
#1694 = CARTESIAN_POINT('',(324.20125,-197.875,0.));
#1695 = DIRECTION('',(-0.,0.,-1.));
#1696 = DIRECTION('',(-0.,-1.,0.));
#1697 = FACE_BOUND('',#1698,.F.);
#1698 = EDGE_LOOP('',(#1699));
#1699 = ORIENTED_EDGE('',*,*,#1700,.T.);
#1700 = EDGE_CURVE('',#1701,#1701,#1703,.T.);
#1701 = VERTEX_POINT('',#1702);
#1702 = CARTESIAN_POINT('',(331.03,-199.015,0.));
#1703 = CIRCLE('',#1704,0.4);
#1704 = AXIS2_PLACEMENT_3D('',#1705,#1706,#1707);
#1705 = CARTESIAN_POINT('',(331.03,-198.615,0.));
#1706 = DIRECTION('',(-0.,0.,-1.));
#1707 = DIRECTION('',(-0.,-1.,0.));
#1708 = FACE_BOUND('',#1709,.F.);
#1709 = EDGE_LOOP('',(#1710));
#1710 = ORIENTED_EDGE('',*,*,#1711,.T.);
#1711 = EDGE_CURVE('',#1712,#1712,#1714,.T.);
#1712 = VERTEX_POINT('',#1713);
#1713 = CARTESIAN_POINT('',(337.85375,-198.75,0.));
#1714 = CIRCLE('',#1715,0.875);
#1715 = AXIS2_PLACEMENT_3D('',#1716,#1717,#1718);
#1716 = CARTESIAN_POINT('',(337.85375,-197.875,0.));
#1717 = DIRECTION('',(-0.,0.,-1.));
#1718 = DIRECTION('',(-0.,-1.,0.));
#1719 = FACE_BOUND('',#1720,.F.);
#1720 = EDGE_LOOP('',(#1721));
#1721 = ORIENTED_EDGE('',*,*,#1722,.T.);
#1722 = EDGE_CURVE('',#1723,#1723,#1725,.T.);
#1723 = VERTEX_POINT('',#1724);
#1724 = CARTESIAN_POINT('',(354.8425,-206.635,0.));
#1725 = CIRCLE('',#1726,0.4);
#1726 = AXIS2_PLACEMENT_3D('',#1727,#1728,#1729);
#1727 = CARTESIAN_POINT('',(354.8425,-206.235,0.));
#1728 = DIRECTION('',(-0.,0.,-1.));
#1729 = DIRECTION('',(-0.,-1.,0.));
#1730 = FACE_BOUND('',#1731,.F.);
#1731 = EDGE_LOOP('',(#1732));
#1732 = ORIENTED_EDGE('',*,*,#1733,.T.);
#1733 = EDGE_CURVE('',#1734,#1734,#1736,.T.);
#1734 = VERTEX_POINT('',#1735);
#1735 = CARTESIAN_POINT('',(376.655,-206.635,0.));
#1736 = CIRCLE('',#1737,0.4);
#1737 = AXIS2_PLACEMENT_3D('',#1738,#1739,#1740);
#1738 = CARTESIAN_POINT('',(376.655,-206.235,0.));
#1739 = DIRECTION('',(-0.,0.,-1.));
#1740 = DIRECTION('',(-0.,-1.,0.));
#1741 = FACE_BOUND('',#1742,.F.);
#1742 = EDGE_LOOP('',(#1743));
#1743 = ORIENTED_EDGE('',*,*,#1744,.T.);
#1744 = EDGE_CURVE('',#1745,#1745,#1747,.T.);
#1745 = VERTEX_POINT('',#1746);
#1746 = CARTESIAN_POINT('',(342.93375,-199.8689,0.));
#1747 = CIRCLE('',#1748,1.9939);
#1748 = AXIS2_PLACEMENT_3D('',#1749,#1750,#1751);
#1749 = CARTESIAN_POINT('',(342.93375,-197.875,0.));
#1750 = DIRECTION('',(-0.,0.,-1.));
#1751 = DIRECTION('',(-2.850866084598E-14,-1.,0.));
#1752 = FACE_BOUND('',#1753,.F.);
#1753 = EDGE_LOOP('',(#1754));
#1754 = ORIENTED_EDGE('',*,*,#1755,.T.);
#1755 = EDGE_CURVE('',#1756,#1756,#1758,.T.);
#1756 = VERTEX_POINT('',#1757);
#1757 = CARTESIAN_POINT('',(348.01375,-198.75,0.));
#1758 = CIRCLE('',#1759,0.875);
#1759 = AXIS2_PLACEMENT_3D('',#1760,#1761,#1762);
#1760 = CARTESIAN_POINT('',(348.01375,-197.875,0.));
#1761 = DIRECTION('',(-0.,0.,-1.));
#1762 = DIRECTION('',(-0.,-1.,0.));
#1763 = FACE_BOUND('',#1764,.F.);
#1764 = EDGE_LOOP('',(#1765));
#1765 = ORIENTED_EDGE('',*,*,#1766,.T.);
#1766 = EDGE_CURVE('',#1767,#1767,#1769,.T.);
#1767 = VERTEX_POINT('',#1768);
#1768 = CARTESIAN_POINT('',(354.8425,-199.015,0.));
#1769 = CIRCLE('',#1770,0.4);
#1770 = AXIS2_PLACEMENT_3D('',#1771,#1772,#1773);
#1771 = CARTESIAN_POINT('',(354.8425,-198.615,0.));
#1772 = DIRECTION('',(-0.,0.,-1.));
#1773 = DIRECTION('',(-0.,-1.,0.));
#1774 = FACE_BOUND('',#1775,.F.);
#1775 = EDGE_LOOP('',(#1776));
#1776 = ORIENTED_EDGE('',*,*,#1777,.T.);
#1777 = EDGE_CURVE('',#1778,#1778,#1780,.T.);
#1778 = VERTEX_POINT('',#1779);
#1779 = CARTESIAN_POINT('',(361.66625,-198.75,0.));
#1780 = CIRCLE('',#1781,0.875);
#1781 = AXIS2_PLACEMENT_3D('',#1782,#1783,#1784);
#1782 = CARTESIAN_POINT('',(361.66625,-197.875,0.));
#1783 = DIRECTION('',(-0.,0.,-1.));
#1784 = DIRECTION('',(-0.,-1.,0.));
#1785 = FACE_BOUND('',#1786,.F.);
#1786 = EDGE_LOOP('',(#1787));
#1787 = ORIENTED_EDGE('',*,*,#1788,.T.);
#1788 = EDGE_CURVE('',#1789,#1789,#1791,.T.);
#1789 = VERTEX_POINT('',#1790);
#1790 = CARTESIAN_POINT('',(366.74625,-199.8689,0.));
#1791 = CIRCLE('',#1792,1.9939);
#1792 = AXIS2_PLACEMENT_3D('',#1793,#1794,#1795);
#1793 = CARTESIAN_POINT('',(366.74625,-197.875,0.));
#1794 = DIRECTION('',(-0.,0.,-1.));
#1795 = DIRECTION('',(-2.850866084598E-14,-1.,0.));
#1796 = FACE_BOUND('',#1797,.F.);
#1797 = EDGE_LOOP('',(#1798));
#1798 = ORIENTED_EDGE('',*,*,#1799,.T.);
#1799 = EDGE_CURVE('',#1800,#1800,#1802,.T.);
#1800 = VERTEX_POINT('',#1801);
#1801 = CARTESIAN_POINT('',(371.82625,-198.75,0.));
#1802 = CIRCLE('',#1803,0.875);
#1803 = AXIS2_PLACEMENT_3D('',#1804,#1805,#1806);
#1804 = CARTESIAN_POINT('',(371.82625,-197.875,0.));
#1805 = DIRECTION('',(-0.,0.,-1.));
#1806 = DIRECTION('',(-0.,-1.,0.));
#1807 = FACE_BOUND('',#1808,.F.);
#1808 = EDGE_LOOP('',(#1809));
#1809 = ORIENTED_EDGE('',*,*,#1810,.T.);
#1810 = EDGE_CURVE('',#1811,#1811,#1813,.T.);
#1811 = VERTEX_POINT('',#1812);
#1812 = CARTESIAN_POINT('',(376.655,-199.015,0.));
#1813 = CIRCLE('',#1814,0.4);
#1814 = AXIS2_PLACEMENT_3D('',#1815,#1816,#1817);
#1815 = CARTESIAN_POINT('',(376.655,-198.615,0.));
#1816 = DIRECTION('',(-0.,0.,-1.));
#1817 = DIRECTION('',(-0.,-1.,0.));
#1818 = FACE_BOUND('',#1819,.F.);
#1819 = EDGE_LOOP('',(#1820));
#1820 = ORIENTED_EDGE('',*,*,#1821,.T.);
#1821 = EDGE_CURVE('',#1822,#1822,#1824,.T.);
#1822 = VERTEX_POINT('',#1823);
#1823 = CARTESIAN_POINT('',(315.31125,-196.835,0.));
#1824 = CIRCLE('',#1825,1.5);
#1825 = AXIS2_PLACEMENT_3D('',#1826,#1827,#1828);
#1826 = CARTESIAN_POINT('',(315.31125,-195.335,0.));
#1827 = DIRECTION('',(-0.,0.,-1.));
#1828 = DIRECTION('',(-0.,-1.,0.));
#1829 = FACE_BOUND('',#1830,.F.);
#1830 = EDGE_LOOP('',(#1831));
#1831 = ORIENTED_EDGE('',*,*,#1832,.T.);
#1832 = EDGE_CURVE('',#1833,#1833,#1835,.T.);
#1833 = VERTEX_POINT('',#1834);
#1834 = CARTESIAN_POINT('',(321.66125,-194.295,0.));
#1835 = CIRCLE('',#1836,1.5);
#1836 = AXIS2_PLACEMENT_3D('',#1837,#1838,#1839);
#1837 = CARTESIAN_POINT('',(321.66125,-192.795,0.));
#1838 = DIRECTION('',(-0.,0.,-1.));
#1839 = DIRECTION('',(-0.,-1.,0.));
#1840 = FACE_BOUND('',#1841,.F.);
#1841 = EDGE_LOOP('',(#1842));
#1842 = ORIENTED_EDGE('',*,*,#1843,.T.);
#1843 = EDGE_CURVE('',#1844,#1844,#1846,.T.);
#1844 = VERTEX_POINT('',#1845);
#1845 = CARTESIAN_POINT('',(339.12375,-196.835,0.));
#1846 = CIRCLE('',#1847,1.5);
#1847 = AXIS2_PLACEMENT_3D('',#1848,#1849,#1850);
#1848 = CARTESIAN_POINT('',(339.12375,-195.335,0.));
#1849 = DIRECTION('',(-0.,0.,-1.));
#1850 = DIRECTION('',(-0.,-1.,0.));
#1851 = FACE_BOUND('',#1852,.F.);
#1852 = EDGE_LOOP('',(#1853));
#1853 = ORIENTED_EDGE('',*,*,#1854,.T.);
#1854 = EDGE_CURVE('',#1855,#1855,#1857,.T.);
#1855 = VERTEX_POINT('',#1856);
#1856 = CARTESIAN_POINT('',(307.2075,-187.615,0.));
#1857 = CIRCLE('',#1858,0.4);
#1858 = AXIS2_PLACEMENT_3D('',#1859,#1860,#1861);
#1859 = CARTESIAN_POINT('',(307.2075,-187.215,0.));
#1860 = DIRECTION('',(-0.,0.,-1.));
#1861 = DIRECTION('',(-0.,-1.,0.));
#1862 = FACE_BOUND('',#1863,.F.);
#1863 = EDGE_LOOP('',(#1864));
#1864 = ORIENTED_EDGE('',*,*,#1865,.T.);
#1865 = EDGE_CURVE('',#1866,#1866,#1868,.T.);
#1866 = VERTEX_POINT('',#1867);
#1867 = CARTESIAN_POINT('',(326.2575,-187.615,0.));
#1868 = CIRCLE('',#1869,0.4);
#1869 = AXIS2_PLACEMENT_3D('',#1870,#1871,#1872);
#1870 = CARTESIAN_POINT('',(326.2575,-187.215,0.));
#1871 = DIRECTION('',(-0.,0.,-1.));
#1872 = DIRECTION('',(-1.42108547152E-13,-1.,0.));
#1873 = FACE_BOUND('',#1874,.F.);
#1874 = EDGE_LOOP('',(#1875));
#1875 = ORIENTED_EDGE('',*,*,#1876,.T.);
#1876 = EDGE_CURVE('',#1877,#1877,#1879,.T.);
#1877 = VERTEX_POINT('',#1878);
#1878 = CARTESIAN_POINT('',(331.978,-188.04,0.));
#1879 = CIRCLE('',#1880,1.35);
#1880 = AXIS2_PLACEMENT_3D('',#1881,#1882,#1883);
#1881 = CARTESIAN_POINT('',(331.978,-186.69,0.));
#1882 = DIRECTION('',(-0.,0.,-1.));
#1883 = DIRECTION('',(4.210623619319E-14,-1.,-0.));
#1884 = FACE_BOUND('',#1885,.F.);
#1885 = EDGE_LOOP('',(#1886));
#1886 = ORIENTED_EDGE('',*,*,#1887,.T.);
#1887 = EDGE_CURVE('',#1888,#1888,#1890,.T.);
#1888 = VERTEX_POINT('',#1889);
#1889 = CARTESIAN_POINT('',(340.5525,-189.0739,0.));
#1890 = CIRCLE('',#1891,1.9939);
#1891 = AXIS2_PLACEMENT_3D('',#1892,#1893,#1894);
#1892 = CARTESIAN_POINT('',(340.5525,-187.08,0.));
#1893 = DIRECTION('',(-0.,0.,-1.));
#1894 = DIRECTION('',(-0.,-1.,0.));
#1895 = FACE_BOUND('',#1896,.F.);
#1896 = EDGE_LOOP('',(#1897));
#1897 = ORIENTED_EDGE('',*,*,#1898,.T.);
#1898 = EDGE_CURVE('',#1899,#1899,#1901,.T.);
#1899 = VERTEX_POINT('',#1900);
#1900 = CARTESIAN_POINT('',(345.47375,-194.295,0.));
#1901 = CIRCLE('',#1902,1.5);
#1902 = AXIS2_PLACEMENT_3D('',#1903,#1904,#1905);
#1903 = CARTESIAN_POINT('',(345.47375,-192.795,0.));
#1904 = DIRECTION('',(-0.,0.,-1.));
#1905 = DIRECTION('',(-0.,-1.,0.));
#1906 = FACE_BOUND('',#1907,.F.);
#1907 = EDGE_LOOP('',(#1908));
#1908 = ORIENTED_EDGE('',*,*,#1909,.T.);
#1909 = EDGE_CURVE('',#1910,#1910,#1912,.T.);
#1910 = VERTEX_POINT('',#1911);
#1911 = CARTESIAN_POINT('',(362.93625,-196.835,0.));
#1912 = CIRCLE('',#1913,1.5);
#1913 = AXIS2_PLACEMENT_3D('',#1914,#1915,#1916);
#1914 = CARTESIAN_POINT('',(362.93625,-195.335,0.));
#1915 = DIRECTION('',(-0.,0.,-1.));
#1916 = DIRECTION('',(-0.,-1.,0.));
#1917 = FACE_BOUND('',#1918,.F.);
#1918 = EDGE_LOOP('',(#1919));
#1919 = ORIENTED_EDGE('',*,*,#1920,.T.);
#1920 = EDGE_CURVE('',#1921,#1921,#1923,.T.);
#1921 = VERTEX_POINT('',#1922);
#1922 = CARTESIAN_POINT('',(369.28625,-194.295,0.));
#1923 = CIRCLE('',#1924,1.5);
#1924 = AXIS2_PLACEMENT_3D('',#1925,#1926,#1927);
#1925 = CARTESIAN_POINT('',(369.28625,-192.795,0.));
#1926 = DIRECTION('',(-0.,0.,-1.));
#1927 = DIRECTION('',(-0.,-1.,0.));
#1928 = FACE_BOUND('',#1929,.F.);
#1929 = EDGE_LOOP('',(#1930));
#1930 = ORIENTED_EDGE('',*,*,#1931,.T.);
#1931 = EDGE_CURVE('',#1932,#1932,#1934,.T.);
#1932 = VERTEX_POINT('',#1933);
#1933 = CARTESIAN_POINT('',(364.365,-189.0739,0.));
#1934 = CIRCLE('',#1935,1.9939);
#1935 = AXIS2_PLACEMENT_3D('',#1936,#1937,#1938);
#1936 = CARTESIAN_POINT('',(364.365,-187.08,0.));
#1937 = DIRECTION('',(-0.,0.,-1.));
#1938 = DIRECTION('',(-0.,-1.,0.));
#1939 = FACE_BOUND('',#1940,.F.);
#1940 = EDGE_LOOP('',(#1941));
#1941 = ORIENTED_EDGE('',*,*,#1942,.T.);
#1942 = EDGE_CURVE('',#1943,#1943,#1945,.T.);
#1943 = VERTEX_POINT('',#1944);
#1944 = CARTESIAN_POINT('',(369.7645,-187.526,0.));
#1945 = CIRCLE('',#1946,0.4);
#1946 = AXIS2_PLACEMENT_3D('',#1947,#1948,#1949);
#1947 = CARTESIAN_POINT('',(369.7645,-187.126,0.));
#1948 = DIRECTION('',(-0.,0.,-1.));
#1949 = DIRECTION('',(-0.,-1.,0.));
#1950 = FACE_BOUND('',#1951,.F.);
#1951 = EDGE_LOOP('',(#1952));
#1952 = ORIENTED_EDGE('',*,*,#1953,.T.);
#1953 = EDGE_CURVE('',#1954,#1954,#1956,.T.);
#1954 = VERTEX_POINT('',#1955);
#1955 = CARTESIAN_POINT('',(240.54,-180.8189,0.));
#1956 = CIRCLE('',#1957,1.9939);
#1957 = AXIS2_PLACEMENT_3D('',#1958,#1959,#1960);
#1958 = CARTESIAN_POINT('',(240.54,-178.825,0.));
#1959 = DIRECTION('',(-0.,0.,-1.));
#1960 = DIRECTION('',(-0.,-1.,0.));
#1961 = FACE_BOUND('',#1962,.F.);
#1962 = EDGE_LOOP('',(#1963));
#1963 = ORIENTED_EDGE('',*,*,#1964,.T.);
#1964 = EDGE_CURVE('',#1965,#1965,#1967,.T.);
#1965 = VERTEX_POINT('',#1966);
#1966 = CARTESIAN_POINT('',(245.62,-179.7,0.));
#1967 = CIRCLE('',#1968,0.875);
#1968 = AXIS2_PLACEMENT_3D('',#1969,#1970,#1971);
#1969 = CARTESIAN_POINT('',(245.62,-178.825,0.));
#1970 = DIRECTION('',(-0.,0.,-1.));
#1971 = DIRECTION('',(-0.,-1.,0.));
#1972 = FACE_BOUND('',#1973,.F.);
#1973 = EDGE_LOOP('',(#1974));
#1974 = ORIENTED_EDGE('',*,*,#1975,.T.);
#1975 = EDGE_CURVE('',#1976,#1976,#1978,.T.);
#1976 = VERTEX_POINT('',#1977);
#1977 = CARTESIAN_POINT('',(250.0575,-179.995,0.));
#1978 = CIRCLE('',#1979,0.4);
#1979 = AXIS2_PLACEMENT_3D('',#1980,#1981,#1982);
#1980 = CARTESIAN_POINT('',(250.0575,-179.595,0.));
#1981 = DIRECTION('',(-0.,0.,-1.));
#1982 = DIRECTION('',(-0.,-1.,0.));
#1983 = FACE_BOUND('',#1984,.F.);
#1984 = EDGE_LOOP('',(#1985));
#1985 = ORIENTED_EDGE('',*,*,#1986,.T.);
#1986 = EDGE_CURVE('',#1987,#1987,#1989,.T.);
#1987 = VERTEX_POINT('',#1988);
#1988 = CARTESIAN_POINT('',(254.51,-179.7,0.));
#1989 = CIRCLE('',#1990,0.875);
#1990 = AXIS2_PLACEMENT_3D('',#1991,#1992,#1993);
#1991 = CARTESIAN_POINT('',(254.51,-178.825,0.));
#1992 = DIRECTION('',(-0.,0.,-1.));
#1993 = DIRECTION('',(-0.,-1.,0.));
#1994 = FACE_BOUND('',#1995,.F.);
#1995 = EDGE_LOOP('',(#1996));
#1996 = ORIENTED_EDGE('',*,*,#1997,.T.);
#1997 = EDGE_CURVE('',#1998,#1998,#2000,.T.);
#1998 = VERTEX_POINT('',#1999);
#1999 = CARTESIAN_POINT('',(259.59,-180.8189,0.));
#2000 = CIRCLE('',#2001,1.9939);
#2001 = AXIS2_PLACEMENT_3D('',#2002,#2003,#2004);
#2002 = CARTESIAN_POINT('',(259.59,-178.825,0.));
#2003 = DIRECTION('',(-0.,0.,-1.));
#2004 = DIRECTION('',(-2.850866084598E-14,-1.,0.));
#2005 = FACE_BOUND('',#2006,.F.);
#2006 = EDGE_LOOP('',(#2007));
#2007 = ORIENTED_EDGE('',*,*,#2008,.T.);
#2008 = EDGE_CURVE('',#2009,#2009,#2011,.T.);
#2009 = VERTEX_POINT('',#2010);
#2010 = CARTESIAN_POINT('',(264.67,-179.7,0.));
#2011 = CIRCLE('',#2012,0.875);
#2012 = AXIS2_PLACEMENT_3D('',#2013,#2014,#2015);
#2013 = CARTESIAN_POINT('',(264.67,-178.825,0.));
#2014 = DIRECTION('',(-0.,0.,-1.));
#2015 = DIRECTION('',(-0.,-1.,0.));
#2016 = FACE_BOUND('',#2017,.F.);
#2017 = EDGE_LOOP('',(#2018));
#2018 = ORIENTED_EDGE('',*,*,#2019,.T.);
#2019 = EDGE_CURVE('',#2020,#2020,#2022,.T.);
#2020 = VERTEX_POINT('',#2021);
#2021 = CARTESIAN_POINT('',(269.1075,-179.995,0.));
#2022 = CIRCLE('',#2023,0.4);
#2023 = AXIS2_PLACEMENT_3D('',#2024,#2025,#2026);
#2024 = CARTESIAN_POINT('',(269.1075,-179.595,0.));
#2025 = DIRECTION('',(-0.,0.,-1.));
#2026 = DIRECTION('',(1.42108547152E-13,-1.,-0.));
#2027 = FACE_BOUND('',#2028,.F.);
#2028 = EDGE_LOOP('',(#2029));
#2029 = ORIENTED_EDGE('',*,*,#2030,.T.);
#2030 = EDGE_CURVE('',#2031,#2031,#2033,.T.);
#2031 = VERTEX_POINT('',#2032);
#2032 = CARTESIAN_POINT('',(243.08,-175.245,0.));
#2033 = CIRCLE('',#2034,1.5);
#2034 = AXIS2_PLACEMENT_3D('',#2035,#2036,#2037);
#2035 = CARTESIAN_POINT('',(243.08,-173.745,0.));
#2036 = DIRECTION('',(-0.,0.,-1.));
#2037 = DIRECTION('',(-0.,-1.,0.));
#2038 = FACE_BOUND('',#2039,.F.);
#2039 = EDGE_LOOP('',(#2040));
#2040 = ORIENTED_EDGE('',*,*,#2041,.T.);
#2041 = EDGE_CURVE('',#2042,#2042,#2044,.T.);
#2042 = VERTEX_POINT('',#2043);
#2043 = CARTESIAN_POINT('',(255.78,-177.785,0.));
#2044 = CIRCLE('',#2045,1.5);
#2045 = AXIS2_PLACEMENT_3D('',#2046,#2047,#2048);
#2046 = CARTESIAN_POINT('',(255.78,-176.285,0.));
#2047 = DIRECTION('',(-0.,0.,-1.));
#2048 = DIRECTION('',(1.894780628694E-14,-1.,-0.));
#2049 = FACE_BOUND('',#2050,.F.);
#2050 = EDGE_LOOP('',(#2051));
#2051 = ORIENTED_EDGE('',*,*,#2052,.T.);
#2052 = EDGE_CURVE('',#2053,#2053,#2055,.T.);
#2053 = VERTEX_POINT('',#2054);
#2054 = CARTESIAN_POINT('',(262.13,-175.245,0.));
#2055 = CIRCLE('',#2056,1.5);
#2056 = AXIS2_PLACEMENT_3D('',#2057,#2058,#2059);
#2057 = CARTESIAN_POINT('',(262.13,-173.745,0.));
#2058 = DIRECTION('',(-0.,0.,-1.));
#2059 = DIRECTION('',(-0.,-1.,0.));
#2060 = FACE_BOUND('',#2061,.F.);
#2061 = EDGE_LOOP('',(#2062));
#2062 = ORIENTED_EDGE('',*,*,#2063,.T.);
#2063 = EDGE_CURVE('',#2064,#2064,#2066,.T.);
#2064 = VERTEX_POINT('',#2065);
#2065 = CARTESIAN_POINT('',(273.56,-179.7,0.));
#2066 = CIRCLE('',#2067,0.875);
#2067 = AXIS2_PLACEMENT_3D('',#2068,#2069,#2070);
#2068 = CARTESIAN_POINT('',(273.56,-178.825,0.));
#2069 = DIRECTION('',(-0.,0.,-1.));
#2070 = DIRECTION('',(-0.,-1.,0.));
#2071 = FACE_BOUND('',#2072,.F.);
#2072 = EDGE_LOOP('',(#2073));
#2073 = ORIENTED_EDGE('',*,*,#2074,.T.);
#2074 = EDGE_CURVE('',#2075,#2075,#2077,.T.);
#2075 = VERTEX_POINT('',#2076);
#2076 = CARTESIAN_POINT('',(278.64,-180.8189,0.));
#2077 = CIRCLE('',#2078,1.9939);
#2078 = AXIS2_PLACEMENT_3D('',#2079,#2080,#2081);
#2079 = CARTESIAN_POINT('',(278.64,-178.825,0.));
#2080 = DIRECTION('',(-0.,0.,-1.));
#2081 = DIRECTION('',(-0.,-1.,0.));
#2082 = FACE_BOUND('',#2083,.F.);
#2083 = EDGE_LOOP('',(#2084));
#2084 = ORIENTED_EDGE('',*,*,#2085,.T.);
#2085 = EDGE_CURVE('',#2086,#2086,#2088,.T.);
#2086 = VERTEX_POINT('',#2087);
#2087 = CARTESIAN_POINT('',(283.72,-179.7,0.));
#2088 = CIRCLE('',#2089,0.875);
#2089 = AXIS2_PLACEMENT_3D('',#2090,#2091,#2092);
#2090 = CARTESIAN_POINT('',(283.72,-178.825,0.));
#2091 = DIRECTION('',(-0.,0.,-1.));
#2092 = DIRECTION('',(-0.,-1.,0.));
#2093 = FACE_BOUND('',#2094,.F.);
#2094 = EDGE_LOOP('',(#2095));
#2095 = ORIENTED_EDGE('',*,*,#2096,.T.);
#2096 = EDGE_CURVE('',#2097,#2097,#2099,.T.);
#2097 = VERTEX_POINT('',#2098);
#2098 = CARTESIAN_POINT('',(288.1575,-179.995,0.));
#2099 = CIRCLE('',#2100,0.4);
#2100 = AXIS2_PLACEMENT_3D('',#2101,#2102,#2103);
#2101 = CARTESIAN_POINT('',(288.1575,-179.595,0.));
#2102 = DIRECTION('',(-0.,0.,-1.));
#2103 = DIRECTION('',(-0.,-1.,0.));
#2104 = FACE_BOUND('',#2105,.F.);
#2105 = EDGE_LOOP('',(#2106));
#2106 = ORIENTED_EDGE('',*,*,#2107,.T.);
#2107 = EDGE_CURVE('',#2108,#2108,#2110,.T.);
#2108 = VERTEX_POINT('',#2109);
#2109 = CARTESIAN_POINT('',(292.61,-179.7,0.));
#2110 = CIRCLE('',#2111,0.875);
#2111 = AXIS2_PLACEMENT_3D('',#2112,#2113,#2114);
#2112 = CARTESIAN_POINT('',(292.61,-178.825,0.));
#2113 = DIRECTION('',(-0.,0.,-1.));
#2114 = DIRECTION('',(-0.,-1.,0.));
#2115 = FACE_BOUND('',#2116,.F.);
#2116 = EDGE_LOOP('',(#2117));
#2117 = ORIENTED_EDGE('',*,*,#2118,.T.);
#2118 = EDGE_CURVE('',#2119,#2119,#2121,.T.);
#2119 = VERTEX_POINT('',#2120);
#2120 = CARTESIAN_POINT('',(297.69,-180.8189,0.));
#2121 = CIRCLE('',#2122,1.9939);
#2122 = AXIS2_PLACEMENT_3D('',#2123,#2124,#2125);
#2123 = CARTESIAN_POINT('',(297.69,-178.825,0.));
#2124 = DIRECTION('',(-0.,0.,-1.));
#2125 = DIRECTION('',(-0.,-1.,0.));
#2126 = FACE_BOUND('',#2127,.F.);
#2127 = EDGE_LOOP('',(#2128));
#2128 = ORIENTED_EDGE('',*,*,#2129,.T.);
#2129 = EDGE_CURVE('',#2130,#2130,#2132,.T.);
#2130 = VERTEX_POINT('',#2131);
#2131 = CARTESIAN_POINT('',(302.77,-179.7,0.));
#2132 = CIRCLE('',#2133,0.875);
#2133 = AXIS2_PLACEMENT_3D('',#2134,#2135,#2136);
#2134 = CARTESIAN_POINT('',(302.77,-178.825,0.));
#2135 = DIRECTION('',(-0.,0.,-1.));
#2136 = DIRECTION('',(-0.,-1.,0.));
#2137 = FACE_BOUND('',#2138,.F.);
#2138 = EDGE_LOOP('',(#2139));
#2139 = ORIENTED_EDGE('',*,*,#2140,.T.);
#2140 = EDGE_CURVE('',#2141,#2141,#2143,.T.);
#2141 = VERTEX_POINT('',#2142);
#2142 = CARTESIAN_POINT('',(274.83,-177.785,0.));
#2143 = CIRCLE('',#2144,1.5);
#2144 = AXIS2_PLACEMENT_3D('',#2145,#2146,#2147);
#2145 = CARTESIAN_POINT('',(274.83,-176.285,0.));
#2146 = DIRECTION('',(-0.,0.,-1.));
#2147 = DIRECTION('',(-0.,-1.,0.));
#2148 = FACE_BOUND('',#2149,.F.);
#2149 = EDGE_LOOP('',(#2150));
#2150 = ORIENTED_EDGE('',*,*,#2151,.T.);
#2151 = EDGE_CURVE('',#2152,#2152,#2154,.T.);
#2152 = VERTEX_POINT('',#2153);
#2153 = CARTESIAN_POINT('',(281.18,-175.245,0.));
#2154 = CIRCLE('',#2155,1.5);
#2155 = AXIS2_PLACEMENT_3D('',#2156,#2157,#2158);
#2156 = CARTESIAN_POINT('',(281.18,-173.745,0.));
#2157 = DIRECTION('',(-0.,0.,-1.));
#2158 = DIRECTION('',(-0.,-1.,0.));
#2159 = FACE_BOUND('',#2160,.F.);
#2160 = EDGE_LOOP('',(#2161));
#2161 = ORIENTED_EDGE('',*,*,#2162,.T.);
#2162 = EDGE_CURVE('',#2163,#2163,#2165,.T.);
#2163 = VERTEX_POINT('',#2164);
#2164 = CARTESIAN_POINT('',(293.88,-177.785,0.));
#2165 = CIRCLE('',#2166,1.5);
#2166 = AXIS2_PLACEMENT_3D('',#2167,#2168,#2169);
#2167 = CARTESIAN_POINT('',(293.88,-176.285,0.));
#2168 = DIRECTION('',(-0.,0.,-1.));
#2169 = DIRECTION('',(-0.,-1.,0.));
#2170 = FACE_BOUND('',#2171,.F.);
#2171 = EDGE_LOOP('',(#2172));
#2172 = ORIENTED_EDGE('',*,*,#2173,.T.);
#2173 = EDGE_CURVE('',#2174,#2174,#2176,.T.);
#2174 = VERTEX_POINT('',#2175);
#2175 = CARTESIAN_POINT('',(300.23,-175.245,0.));
#2176 = CIRCLE('',#2177,1.5);
#2177 = AXIS2_PLACEMENT_3D('',#2178,#2179,#2180);
#2178 = CARTESIAN_POINT('',(300.23,-173.745,0.));
#2179 = DIRECTION('',(-0.,0.,-1.));
#2180 = DIRECTION('',(-0.,-1.,0.));
#2181 = FACE_BOUND('',#2182,.F.);
#2182 = EDGE_LOOP('',(#2183));
#2183 = ORIENTED_EDGE('',*,*,#2184,.T.);
#2184 = EDGE_CURVE('',#2185,#2185,#2187,.T.);
#2185 = VERTEX_POINT('',#2186);
#2186 = CARTESIAN_POINT('',(240.5375,-168.595,0.));
#2187 = CIRCLE('',#2188,0.4);
#2188 = AXIS2_PLACEMENT_3D('',#2189,#2190,#2191);
#2189 = CARTESIAN_POINT('',(240.5375,-168.195,0.));
#2190 = DIRECTION('',(-0.,0.,-1.));
#2191 = DIRECTION('',(-0.,-1.,0.));
#2192 = FACE_BOUND('',#2193,.F.);
#2193 = EDGE_LOOP('',(#2194));
#2194 = ORIENTED_EDGE('',*,*,#2195,.T.);
#2195 = EDGE_CURVE('',#2196,#2196,#2198,.T.);
#2196 = VERTEX_POINT('',#2197);
#2197 = CARTESIAN_POINT('',(259.5875,-168.595,0.));
#2198 = CIRCLE('',#2199,0.4);
#2199 = AXIS2_PLACEMENT_3D('',#2200,#2201,#2202);
#2200 = CARTESIAN_POINT('',(259.5875,-168.195,0.));
#2201 = DIRECTION('',(-0.,0.,-1.));
#2202 = DIRECTION('',(-0.,-1.,0.));
#2203 = FACE_BOUND('',#2204,.F.);
#2204 = EDGE_LOOP('',(#2205));
#2205 = ORIENTED_EDGE('',*,*,#2206,.T.);
#2206 = EDGE_CURVE('',#2207,#2207,#2209,.T.);
#2207 = VERTEX_POINT('',#2208);
#2208 = CARTESIAN_POINT('',(278.6375,-168.595,0.));
#2209 = CIRCLE('',#2210,0.4);
#2210 = AXIS2_PLACEMENT_3D('',#2211,#2212,#2213);
#2211 = CARTESIAN_POINT('',(278.6375,-168.195,0.));
#2212 = DIRECTION('',(-0.,0.,-1.));
#2213 = DIRECTION('',(-1.42108547152E-13,-1.,0.));
#2214 = FACE_BOUND('',#2215,.F.);
#2215 = EDGE_LOOP('',(#2216));
#2216 = ORIENTED_EDGE('',*,*,#2217,.T.);
#2217 = EDGE_CURVE('',#2218,#2218,#2220,.T.);
#2218 = VERTEX_POINT('',#2219);
#2219 = CARTESIAN_POINT('',(297.6875,-168.595,0.));
#2220 = CIRCLE('',#2221,0.4);
#2221 = AXIS2_PLACEMENT_3D('',#2222,#2223,#2224);
#2222 = CARTESIAN_POINT('',(297.6875,-168.195,0.));
#2223 = DIRECTION('',(-0.,0.,-1.));
#2224 = DIRECTION('',(-0.,-1.,0.));
#2225 = FACE_BOUND('',#2226,.F.);
#2226 = EDGE_LOOP('',(#2227));
#2227 = ORIENTED_EDGE('',*,*,#2228,.T.);
#2228 = EDGE_CURVE('',#2229,#2229,#2231,.T.);
#2229 = VERTEX_POINT('',#2230);
#2230 = CARTESIAN_POINT('',(307.2075,-179.995,0.));
#2231 = CIRCLE('',#2232,0.4);
#2232 = AXIS2_PLACEMENT_3D('',#2233,#2234,#2235);
#2233 = CARTESIAN_POINT('',(307.2075,-179.595,0.));
#2234 = DIRECTION('',(-0.,0.,-1.));
#2235 = DIRECTION('',(-0.,-1.,0.));
#2236 = FACE_BOUND('',#2237,.F.);
#2237 = EDGE_LOOP('',(#2238));
#2238 = ORIENTED_EDGE('',*,*,#2239,.T.);
#2239 = EDGE_CURVE('',#2240,#2240,#2242,.T.);
#2240 = VERTEX_POINT('',#2241);
#2241 = CARTESIAN_POINT('',(311.66,-179.7,0.));
#2242 = CIRCLE('',#2243,0.875);
#2243 = AXIS2_PLACEMENT_3D('',#2244,#2245,#2246);
#2244 = CARTESIAN_POINT('',(311.66,-178.825,0.));
#2245 = DIRECTION('',(-0.,0.,-1.));
#2246 = DIRECTION('',(-0.,-1.,0.));
#2247 = FACE_BOUND('',#2248,.F.);
#2248 = EDGE_LOOP('',(#2249));
#2249 = ORIENTED_EDGE('',*,*,#2250,.T.);
#2250 = EDGE_CURVE('',#2251,#2251,#2253,.T.);
#2251 = VERTEX_POINT('',#2252);
#2252 = CARTESIAN_POINT('',(316.74,-180.8189,0.));
#2253 = CIRCLE('',#2254,1.9939);
#2254 = AXIS2_PLACEMENT_3D('',#2255,#2256,#2257);
#2255 = CARTESIAN_POINT('',(316.74,-178.825,0.));
#2256 = DIRECTION('',(-0.,0.,-1.));
#2257 = DIRECTION('',(-0.,-1.,0.));
#2258 = FACE_BOUND('',#2259,.F.);
#2259 = EDGE_LOOP('',(#2260));
#2260 = ORIENTED_EDGE('',*,*,#2261,.T.);
#2261 = EDGE_CURVE('',#2262,#2262,#2264,.T.);
#2262 = VERTEX_POINT('',#2263);
#2263 = CARTESIAN_POINT('',(321.82,-179.7,0.));
#2264 = CIRCLE('',#2265,0.875);
#2265 = AXIS2_PLACEMENT_3D('',#2266,#2267,#2268);
#2266 = CARTESIAN_POINT('',(321.82,-178.825,0.));
#2267 = DIRECTION('',(-0.,0.,-1.));
#2268 = DIRECTION('',(-0.,-1.,0.));
#2269 = FACE_BOUND('',#2270,.F.);
#2270 = EDGE_LOOP('',(#2271));
#2271 = ORIENTED_EDGE('',*,*,#2272,.T.);
#2272 = EDGE_CURVE('',#2273,#2273,#2275,.T.);
#2273 = VERTEX_POINT('',#2274);
#2274 = CARTESIAN_POINT('',(326.2575,-179.995,0.));
#2275 = CIRCLE('',#2276,0.4);
#2276 = AXIS2_PLACEMENT_3D('',#2277,#2278,#2279);
#2277 = CARTESIAN_POINT('',(326.2575,-179.595,0.));
#2278 = DIRECTION('',(-0.,0.,-1.));
#2279 = DIRECTION('',(-1.42108547152E-13,-1.,0.));
#2280 = FACE_BOUND('',#2281,.F.);
#2281 = EDGE_LOOP('',(#2282));
#2282 = ORIENTED_EDGE('',*,*,#2283,.T.);
#2283 = EDGE_CURVE('',#2284,#2284,#2286,.T.);
#2284 = VERTEX_POINT('',#2285);
#2285 = CARTESIAN_POINT('',(312.93,-177.785,0.));
#2286 = CIRCLE('',#2287,1.5);
#2287 = AXIS2_PLACEMENT_3D('',#2288,#2289,#2290);
#2288 = CARTESIAN_POINT('',(312.93,-176.285,0.));
#2289 = DIRECTION('',(-0.,0.,-1.));
#2290 = DIRECTION('',(-0.,-1.,0.));
#2291 = FACE_BOUND('',#2292,.F.);
#2292 = EDGE_LOOP('',(#2293));
#2293 = ORIENTED_EDGE('',*,*,#2294,.T.);
#2294 = EDGE_CURVE('',#2295,#2295,#2297,.T.);
#2295 = VERTEX_POINT('',#2296);
#2296 = CARTESIAN_POINT('',(319.28,-175.245,0.));
#2297 = CIRCLE('',#2298,1.5);
#2298 = AXIS2_PLACEMENT_3D('',#2299,#2300,#2301);
#2299 = CARTESIAN_POINT('',(319.28,-173.745,0.));
#2300 = DIRECTION('',(-0.,0.,-1.));
#2301 = DIRECTION('',(-0.,-1.,0.));
#2302 = FACE_BOUND('',#2303,.F.);
#2303 = EDGE_LOOP('',(#2304));
#2304 = ORIENTED_EDGE('',*,*,#2305,.T.);
#2305 = EDGE_CURVE('',#2306,#2306,#2308,.T.);
#2306 = VERTEX_POINT('',#2307);
#2307 = CARTESIAN_POINT('',(347.37875,-179.7,0.));
#2308 = CIRCLE('',#2309,0.875);
#2309 = AXIS2_PLACEMENT_3D('',#2310,#2311,#2312);
#2310 = CARTESIAN_POINT('',(347.37875,-178.825,0.));
#2311 = DIRECTION('',(-0.,0.,-1.));
#2312 = DIRECTION('',(-0.,-1.,0.));
#2313 = FACE_BOUND('',#2314,.F.);
#2314 = EDGE_LOOP('',(#2315));
#2315 = ORIENTED_EDGE('',*,*,#2316,.T.);
#2316 = EDGE_CURVE('',#2317,#2317,#2319,.T.);
#2317 = VERTEX_POINT('',#2318);
#2318 = CARTESIAN_POINT('',(352.45875,-180.8189,0.));
#2319 = CIRCLE('',#2320,1.9939);
#2320 = AXIS2_PLACEMENT_3D('',#2321,#2322,#2323);
#2321 = CARTESIAN_POINT('',(352.45875,-178.825,0.));
#2322 = DIRECTION('',(-0.,0.,-1.));
#2323 = DIRECTION('',(-0.,-1.,0.));
#2324 = FACE_BOUND('',#2325,.F.);
#2325 = EDGE_LOOP('',(#2326));
#2326 = ORIENTED_EDGE('',*,*,#2327,.T.);
#2327 = EDGE_CURVE('',#2328,#2328,#2330,.T.);
#2328 = VERTEX_POINT('',#2329);
#2329 = CARTESIAN_POINT('',(357.53875,-179.7,0.));
#2330 = CIRCLE('',#2331,0.875);
#2331 = AXIS2_PLACEMENT_3D('',#2332,#2333,#2334);
#2332 = CARTESIAN_POINT('',(357.53875,-178.825,0.));
#2333 = DIRECTION('',(-0.,0.,-1.));
#2334 = DIRECTION('',(-0.,-1.,0.));
#2335 = FACE_BOUND('',#2336,.F.);
#2336 = EDGE_LOOP('',(#2337));
#2337 = ORIENTED_EDGE('',*,*,#2338,.T.);
#2338 = EDGE_CURVE('',#2339,#2339,#2341,.T.);
#2339 = VERTEX_POINT('',#2340);
#2340 = CARTESIAN_POINT('',(369.7645,-179.906,0.));
#2341 = CIRCLE('',#2342,0.4);
#2342 = AXIS2_PLACEMENT_3D('',#2343,#2344,#2345);
#2343 = CARTESIAN_POINT('',(369.7645,-179.506,0.));
#2344 = DIRECTION('',(-0.,0.,-1.));
#2345 = DIRECTION('',(-0.,-1.,0.));
#2346 = FACE_BOUND('',#2347,.F.);
#2347 = EDGE_LOOP('',(#2348));
#2348 = ORIENTED_EDGE('',*,*,#2349,.T.);
#2349 = EDGE_CURVE('',#2350,#2350,#2352,.T.);
#2350 = VERTEX_POINT('',#2351);
#2351 = CARTESIAN_POINT('',(372.8875,-179.944,0.));
#2352 = CIRCLE('',#2353,0.5);
#2353 = AXIS2_PLACEMENT_3D('',#2354,#2355,#2356);
#2354 = CARTESIAN_POINT('',(372.8875,-179.444,0.));
#2355 = DIRECTION('',(-0.,0.,-1.));
#2356 = DIRECTION('',(-0.,-1.,0.));
#2357 = FACE_BOUND('',#2358,.F.);
#2358 = EDGE_LOOP('',(#2359));
#2359 = ORIENTED_EDGE('',*,*,#2360,.T.);
#2360 = EDGE_CURVE('',#2361,#2361,#2363,.T.);
#2361 = VERTEX_POINT('',#2362);
#2362 = CARTESIAN_POINT('',(348.64875,-177.785,0.));
#2363 = CIRCLE('',#2364,1.5);
#2364 = AXIS2_PLACEMENT_3D('',#2365,#2366,#2367);
#2365 = CARTESIAN_POINT('',(348.64875,-176.285,0.));
#2366 = DIRECTION('',(-0.,0.,-1.));
#2367 = DIRECTION('',(-0.,-1.,0.));
#2368 = FACE_BOUND('',#2369,.F.);
#2369 = EDGE_LOOP('',(#2370));
#2370 = ORIENTED_EDGE('',*,*,#2371,.T.);
#2371 = EDGE_CURVE('',#2372,#2372,#2374,.T.);
#2372 = VERTEX_POINT('',#2373);
#2373 = CARTESIAN_POINT('',(354.99875,-175.245,0.));
#2374 = CIRCLE('',#2375,1.5);
#2375 = AXIS2_PLACEMENT_3D('',#2376,#2377,#2378);
#2376 = CARTESIAN_POINT('',(354.99875,-173.745,0.));
#2377 = DIRECTION('',(-0.,0.,-1.));
#2378 = DIRECTION('',(-0.,-1.,0.));
#2379 = FACE_BOUND('',#2380,.F.);
#2380 = EDGE_LOOP('',(#2381));
#2381 = ORIENTED_EDGE('',*,*,#2382,.T.);
#2382 = EDGE_CURVE('',#2383,#2383,#2385,.T.);
#2383 = VERTEX_POINT('',#2384);
#2384 = CARTESIAN_POINT('',(372.8875,-177.404,0.));
#2385 = CIRCLE('',#2386,0.5);
#2386 = AXIS2_PLACEMENT_3D('',#2387,#2388,#2389);
#2387 = CARTESIAN_POINT('',(372.8875,-176.904,0.));
#2388 = DIRECTION('',(-0.,0.,-1.));
#2389 = DIRECTION('',(-0.,-1.,0.));
#2390 = FACE_BOUND('',#2391,.F.);
#2391 = EDGE_LOOP('',(#2392));
#2392 = ORIENTED_EDGE('',*,*,#2393,.T.);
#2393 = EDGE_CURVE('',#2394,#2394,#2396,.T.);
#2394 = VERTEX_POINT('',#2395);
#2395 = CARTESIAN_POINT('',(372.8875,-174.864,0.));
#2396 = CIRCLE('',#2397,0.5);
#2397 = AXIS2_PLACEMENT_3D('',#2398,#2399,#2400);
#2398 = CARTESIAN_POINT('',(372.8875,-174.364,0.));
#2399 = DIRECTION('',(-0.,0.,-1.));
#2400 = DIRECTION('',(-0.,-1.,0.));
#2401 = FACE_BOUND('',#2402,.F.);
#2402 = EDGE_LOOP('',(#2403));
#2403 = ORIENTED_EDGE('',*,*,#2404,.T.);
#2404 = EDGE_CURVE('',#2405,#2405,#2407,.T.);
#2405 = VERTEX_POINT('',#2406);
#2406 = CARTESIAN_POINT('',(316.7375,-168.595,0.));
#2407 = CIRCLE('',#2408,0.4);
#2408 = AXIS2_PLACEMENT_3D('',#2409,#2410,#2411);
#2409 = CARTESIAN_POINT('',(316.7375,-168.195,0.));
#2410 = DIRECTION('',(-0.,0.,-1.));
#2411 = DIRECTION('',(1.42108547152E-13,-1.,-0.));
#2412 = FACE_BOUND('',#2413,.F.);
#2413 = EDGE_LOOP('',(#2414));
#2414 = ORIENTED_EDGE('',*,*,#2415,.T.);
#2415 = EDGE_CURVE('',#2416,#2416,#2418,.T.);
#2416 = VERTEX_POINT('',#2417);
#2417 = CARTESIAN_POINT('',(340.5525,-173.364,0.));
#2418 = CIRCLE('',#2419,1.524);
#2419 = AXIS2_PLACEMENT_3D('',#2420,#2421,#2422);
#2420 = CARTESIAN_POINT('',(340.5525,-171.84,0.));
#2421 = DIRECTION('',(-0.,0.,-1.));
#2422 = DIRECTION('',(-0.,-1.,0.));
#2423 = FACE_BOUND('',#2424,.F.);
#2424 = EDGE_LOOP('',(#2425));
#2425 = ORIENTED_EDGE('',*,*,#2426,.T.);
#2426 = EDGE_CURVE('',#2427,#2427,#2429,.T.);
#2427 = VERTEX_POINT('',#2428);
#2428 = CARTESIAN_POINT('',(335.7875,-168.595,0.));
#2429 = CIRCLE('',#2430,0.4);
#2430 = AXIS2_PLACEMENT_3D('',#2431,#2432,#2433);
#2431 = CARTESIAN_POINT('',(335.7875,-168.195,0.));
#2432 = DIRECTION('',(-0.,0.,-1.));
#2433 = DIRECTION('',(-0.,-1.,0.));
#2434 = FACE_BOUND('',#2435,.F.);
#2435 = EDGE_LOOP('',(#2436));
#2436 = ORIENTED_EDGE('',*,*,#2437,.T.);
#2437 = EDGE_CURVE('',#2438,#2438,#2440,.T.);
#2438 = VERTEX_POINT('',#2439);
#2439 = CARTESIAN_POINT('',(345.315,-170.0239,0.));
#2440 = CIRCLE('',#2441,1.9939);
#2441 = AXIS2_PLACEMENT_3D('',#2442,#2443,#2444);
#2442 = CARTESIAN_POINT('',(345.315,-168.03,0.));
#2443 = DIRECTION('',(-0.,0.,-1.));
#2444 = DIRECTION('',(-0.,-1.,0.));
#2445 = FACE_BOUND('',#2446,.F.);
#2446 = EDGE_LOOP('',(#2447));
#2447 = ORIENTED_EDGE('',*,*,#2448,.T.);
#2448 = EDGE_CURVE('',#2449,#2449,#2451,.T.);
#2449 = VERTEX_POINT('',#2450);
#2450 = CARTESIAN_POINT('',(364.365,-173.364,0.));
#2451 = CIRCLE('',#2452,1.524);
#2452 = AXIS2_PLACEMENT_3D('',#2453,#2454,#2455);
#2453 = CARTESIAN_POINT('',(364.365,-171.84,0.));
#2454 = DIRECTION('',(-0.,0.,-1.));
#2455 = DIRECTION('',(-0.,-1.,0.));
#2456 = FACE_BOUND('',#2457,.F.);
#2457 = EDGE_LOOP('',(#2458));
#2458 = ORIENTED_EDGE('',*,*,#2459,.T.);
#2459 = EDGE_CURVE('',#2460,#2460,#2462,.T.);
#2460 = VERTEX_POINT('',#2461);
#2461 = CARTESIAN_POINT('',(372.8875,-172.324,0.));
#2462 = CIRCLE('',#2463,0.5);
#2463 = AXIS2_PLACEMENT_3D('',#2464,#2465,#2466);
#2464 = CARTESIAN_POINT('',(372.8875,-171.824,0.));
#2465 = DIRECTION('',(-0.,0.,-1.));
#2466 = DIRECTION('',(-0.,-1.,0.));
#2467 = FACE_BOUND('',#2468,.F.);
#2468 = EDGE_LOOP('',(#2469));
#2469 = ORIENTED_EDGE('',*,*,#2470,.T.);
#2470 = EDGE_CURVE('',#2471,#2471,#2473,.T.);
#2471 = VERTEX_POINT('',#2472);
#2472 = CARTESIAN_POINT('',(373.41875,-168.595,0.));
#2473 = CIRCLE('',#2474,0.4);
#2474 = AXIS2_PLACEMENT_3D('',#2475,#2476,#2477);
#2475 = CARTESIAN_POINT('',(373.41875,-168.195,0.));
#2476 = DIRECTION('',(-0.,0.,-1.));
#2477 = DIRECTION('',(-1.42108547152E-13,-1.,0.));
#2478 = FACE_BOUND('',#2479,.F.);
#2479 = EDGE_LOOP('',(#2480));
#2480 = ORIENTED_EDGE('',*,*,#2481,.T.);
#2481 = EDGE_CURVE('',#2482,#2482,#2484,.T.);
#2482 = VERTEX_POINT('',#2483);
#2483 = CARTESIAN_POINT('',(369.1275,-170.0239,0.));
#2484 = CIRCLE('',#2485,1.9939);
#2485 = AXIS2_PLACEMENT_3D('',#2486,#2487,#2488);
#2486 = CARTESIAN_POINT('',(369.1275,-168.03,0.));
#2487 = DIRECTION('',(-0.,0.,-1.));
#2488 = DIRECTION('',(-0.,-1.,0.));
#2489 = FACE_BOUND('',#2490,.F.);
#2490 = EDGE_LOOP('',(#2491));
#2491 = ORIENTED_EDGE('',*,*,#2492,.T.);
#2492 = EDGE_CURVE('',#2493,#2493,#2495,.T.);
#2493 = VERTEX_POINT('',#2494);
#2494 = CARTESIAN_POINT('',(104.49125,-160.65,0.));
#2495 = CIRCLE('',#2496,0.875);
#2496 = AXIS2_PLACEMENT_3D('',#2497,#2498,#2499);
#2497 = CARTESIAN_POINT('',(104.49125,-159.775,0.));
#2498 = DIRECTION('',(-0.,0.,-1.));
#2499 = DIRECTION('',(-0.,-1.,0.));
#2500 = FACE_BOUND('',#2501,.F.);
#2501 = EDGE_LOOP('',(#2502));
#2502 = ORIENTED_EDGE('',*,*,#2503,.T.);
#2503 = EDGE_CURVE('',#2504,#2504,#2506,.T.);
#2504 = VERTEX_POINT('',#2505);
#2505 = CARTESIAN_POINT('',(109.57125,-161.7689,0.));
#2506 = CIRCLE('',#2507,1.9939);
#2507 = AXIS2_PLACEMENT_3D('',#2508,#2509,#2510);
#2508 = CARTESIAN_POINT('',(109.57125,-159.775,0.));
#2509 = DIRECTION('',(-0.,0.,-1.));
#2510 = DIRECTION('',(7.127165211496E-15,-1.,-0.));
#2511 = FACE_BOUND('',#2512,.F.);
#2512 = EDGE_LOOP('',(#2513));
#2513 = ORIENTED_EDGE('',*,*,#2514,.T.);
#2514 = EDGE_CURVE('',#2515,#2515,#2517,.T.);
#2515 = VERTEX_POINT('',#2516);
#2516 = CARTESIAN_POINT('',(105.76125,-158.735,0.));
#2517 = CIRCLE('',#2518,1.5);
#2518 = AXIS2_PLACEMENT_3D('',#2519,#2520,#2521);
#2519 = CARTESIAN_POINT('',(105.76125,-157.235,0.));
#2520 = DIRECTION('',(-0.,0.,-1.));
#2521 = DIRECTION('',(-0.,-1.,0.));
#2522 = FACE_BOUND('',#2523,.F.);
#2523 = EDGE_LOOP('',(#2524));
#2524 = ORIENTED_EDGE('',*,*,#2525,.T.);
#2525 = EDGE_CURVE('',#2526,#2526,#2528,.T.);
#2526 = VERTEX_POINT('',#2527);
#2527 = CARTESIAN_POINT('',(114.65125,-160.65,0.));
#2528 = CIRCLE('',#2529,0.875);
#2529 = AXIS2_PLACEMENT_3D('',#2530,#2531,#2532);
#2530 = CARTESIAN_POINT('',(114.65125,-159.775,0.));
#2531 = DIRECTION('',(-0.,0.,-1.));
#2532 = DIRECTION('',(-0.,-1.,0.));
#2533 = FACE_BOUND('',#2534,.F.);
#2534 = EDGE_LOOP('',(#2535));
#2535 = ORIENTED_EDGE('',*,*,#2536,.T.);
#2536 = EDGE_CURVE('',#2537,#2537,#2539,.T.);
#2537 = VERTEX_POINT('',#2538);
#2538 = CARTESIAN_POINT('',(119.09375,-160.975,0.));
#2539 = CIRCLE('',#2540,0.4);
#2540 = AXIS2_PLACEMENT_3D('',#2541,#2542,#2543);
#2541 = CARTESIAN_POINT('',(119.09375,-160.575,0.));
#2542 = DIRECTION('',(-0.,0.,-1.));
#2543 = DIRECTION('',(-0.,-1.,0.));
#2544 = FACE_BOUND('',#2545,.F.);
#2545 = EDGE_LOOP('',(#2546));
#2546 = ORIENTED_EDGE('',*,*,#2547,.T.);
#2547 = EDGE_CURVE('',#2548,#2548,#2550,.T.);
#2548 = VERTEX_POINT('',#2549);
#2549 = CARTESIAN_POINT('',(130.685,-160.65,0.));
#2550 = CIRCLE('',#2551,0.875);
#2551 = AXIS2_PLACEMENT_3D('',#2552,#2553,#2554);
#2552 = CARTESIAN_POINT('',(130.685,-159.775,0.));
#2553 = DIRECTION('',(-0.,0.,-1.));
#2554 = DIRECTION('',(-0.,-1.,0.));
#2555 = FACE_BOUND('',#2556,.F.);
#2556 = EDGE_LOOP('',(#2557));
#2557 = ORIENTED_EDGE('',*,*,#2558,.T.);
#2558 = EDGE_CURVE('',#2559,#2559,#2561,.T.);
#2559 = VERTEX_POINT('',#2560);
#2560 = CARTESIAN_POINT('',(112.11125,-156.195,0.));
#2561 = CIRCLE('',#2562,1.5);
#2562 = AXIS2_PLACEMENT_3D('',#2563,#2564,#2565);
#2563 = CARTESIAN_POINT('',(112.11125,-154.695,0.));
#2564 = DIRECTION('',(-0.,0.,-1.));
#2565 = DIRECTION('',(-0.,-1.,0.));
#2566 = FACE_BOUND('',#2567,.F.);
#2567 = EDGE_LOOP('',(#2568));
#2568 = ORIENTED_EDGE('',*,*,#2569,.T.);
#2569 = EDGE_CURVE('',#2570,#2570,#2572,.T.);
#2570 = VERTEX_POINT('',#2571);
#2571 = CARTESIAN_POINT('',(121.4775,-149.545,0.));
#2572 = CIRCLE('',#2573,0.4);
#2573 = AXIS2_PLACEMENT_3D('',#2574,#2575,#2576);
#2574 = CARTESIAN_POINT('',(121.4775,-149.145,0.));
#2575 = DIRECTION('',(-0.,0.,-1.));
#2576 = DIRECTION('',(3.5527136788E-14,-1.,-0.));
#2577 = FACE_BOUND('',#2578,.F.);
#2578 = EDGE_LOOP('',(#2579));
#2579 = ORIENTED_EDGE('',*,*,#2580,.T.);
#2580 = EDGE_CURVE('',#2581,#2581,#2583,.T.);
#2581 = VERTEX_POINT('',#2582);
#2582 = CARTESIAN_POINT('',(135.765,-161.7689,0.));
#2583 = CIRCLE('',#2584,1.9939);
#2584 = AXIS2_PLACEMENT_3D('',#2585,#2586,#2587);
#2585 = CARTESIAN_POINT('',(135.765,-159.775,0.));
#2586 = DIRECTION('',(-0.,0.,-1.));
#2587 = DIRECTION('',(-0.,-1.,0.));
#2588 = FACE_BOUND('',#2589,.F.);
#2589 = EDGE_LOOP('',(#2590));
#2590 = ORIENTED_EDGE('',*,*,#2591,.T.);
#2591 = EDGE_CURVE('',#2592,#2592,#2594,.T.);
#2592 = VERTEX_POINT('',#2593);
#2593 = CARTESIAN_POINT('',(140.845,-160.65,0.));
#2594 = CIRCLE('',#2595,0.875);
#2595 = AXIS2_PLACEMENT_3D('',#2596,#2597,#2598);
#2596 = CARTESIAN_POINT('',(140.845,-159.775,0.));
#2597 = DIRECTION('',(-0.,0.,-1.));
#2598 = DIRECTION('',(-0.,-1.,0.));
#2599 = FACE_BOUND('',#2600,.F.);
#2600 = EDGE_LOOP('',(#2601));
#2601 = ORIENTED_EDGE('',*,*,#2602,.T.);
#2602 = EDGE_CURVE('',#2603,#2603,#2605,.T.);
#2603 = VERTEX_POINT('',#2604);
#2604 = CARTESIAN_POINT('',(145.2875,-160.975,0.));
#2605 = CIRCLE('',#2606,0.4);
#2606 = AXIS2_PLACEMENT_3D('',#2607,#2608,#2609);
#2607 = CARTESIAN_POINT('',(145.2875,-160.575,0.));
#2608 = DIRECTION('',(-0.,0.,-1.));
#2609 = DIRECTION('',(-0.,-1.,0.));
#2610 = FACE_BOUND('',#2611,.F.);
#2611 = EDGE_LOOP('',(#2612));
#2612 = ORIENTED_EDGE('',*,*,#2613,.T.);
#2613 = EDGE_CURVE('',#2614,#2614,#2616,.T.);
#2614 = VERTEX_POINT('',#2615);
#2615 = CARTESIAN_POINT('',(131.955,-158.735,0.));
#2616 = CIRCLE('',#2617,1.5);
#2617 = AXIS2_PLACEMENT_3D('',#2618,#2619,#2620);
#2618 = CARTESIAN_POINT('',(131.955,-157.235,0.));
#2619 = DIRECTION('',(-0.,0.,-1.));
#2620 = DIRECTION('',(-0.,-1.,0.));
#2621 = FACE_BOUND('',#2622,.F.);
#2622 = EDGE_LOOP('',(#2623));
#2623 = ORIENTED_EDGE('',*,*,#2624,.T.);
#2624 = EDGE_CURVE('',#2625,#2625,#2627,.T.);
#2625 = VERTEX_POINT('',#2626);
#2626 = CARTESIAN_POINT('',(149.735,-160.65,0.));
#2627 = CIRCLE('',#2628,0.875);
#2628 = AXIS2_PLACEMENT_3D('',#2629,#2630,#2631);
#2629 = CARTESIAN_POINT('',(149.735,-159.775,0.));
#2630 = DIRECTION('',(-0.,0.,-1.));
#2631 = DIRECTION('',(-0.,-1.,0.));
#2632 = FACE_BOUND('',#2633,.F.);
#2633 = EDGE_LOOP('',(#2634));
#2634 = ORIENTED_EDGE('',*,*,#2635,.T.);
#2635 = EDGE_CURVE('',#2636,#2636,#2638,.T.);
#2636 = VERTEX_POINT('',#2637);
#2637 = CARTESIAN_POINT('',(154.815,-161.7689,0.));
#2638 = CIRCLE('',#2639,1.9939);
#2639 = AXIS2_PLACEMENT_3D('',#2640,#2641,#2642);
#2640 = CARTESIAN_POINT('',(154.815,-159.775,0.));
#2641 = DIRECTION('',(-0.,0.,-1.));
#2642 = DIRECTION('',(-0.,-1.,0.));
#2643 = FACE_BOUND('',#2644,.F.);
#2644 = EDGE_LOOP('',(#2645));
#2645 = ORIENTED_EDGE('',*,*,#2646,.T.);
#2646 = EDGE_CURVE('',#2647,#2647,#2649,.T.);
#2647 = VERTEX_POINT('',#2648);
#2648 = CARTESIAN_POINT('',(159.895,-160.65,0.));
#2649 = CIRCLE('',#2650,0.875);
#2650 = AXIS2_PLACEMENT_3D('',#2651,#2652,#2653);
#2651 = CARTESIAN_POINT('',(159.895,-159.775,0.));
#2652 = DIRECTION('',(-0.,0.,-1.));
#2653 = DIRECTION('',(-0.,-1.,0.));
#2654 = FACE_BOUND('',#2655,.F.);
#2655 = EDGE_LOOP('',(#2656));
#2656 = ORIENTED_EDGE('',*,*,#2657,.T.);
#2657 = EDGE_CURVE('',#2658,#2658,#2660,.T.);
#2658 = VERTEX_POINT('',#2659);
#2659 = CARTESIAN_POINT('',(164.3375,-160.975,0.));
#2660 = CIRCLE('',#2661,0.4);
#2661 = AXIS2_PLACEMENT_3D('',#2662,#2663,#2664);
#2662 = CARTESIAN_POINT('',(164.3375,-160.575,0.));
#2663 = DIRECTION('',(-0.,0.,-1.));
#2664 = DIRECTION('',(-0.,-1.,0.));
#2665 = FACE_BOUND('',#2666,.F.);
#2666 = EDGE_LOOP('',(#2667));
#2667 = ORIENTED_EDGE('',*,*,#2668,.T.);
#2668 = EDGE_CURVE('',#2669,#2669,#2671,.T.);
#2669 = VERTEX_POINT('',#2670);
#2670 = CARTESIAN_POINT('',(151.005,-158.735,0.));
#2671 = CIRCLE('',#2672,1.5);
#2672 = AXIS2_PLACEMENT_3D('',#2673,#2674,#2675);
#2673 = CARTESIAN_POINT('',(151.005,-157.235,0.));
#2674 = DIRECTION('',(-0.,0.,-1.));
#2675 = DIRECTION('',(-0.,-1.,0.));
#2676 = FACE_BOUND('',#2677,.F.);
#2677 = EDGE_LOOP('',(#2678));
#2678 = ORIENTED_EDGE('',*,*,#2679,.T.);
#2679 = EDGE_CURVE('',#2680,#2680,#2682,.T.);
#2680 = VERTEX_POINT('',#2681);
#2681 = CARTESIAN_POINT('',(138.305,-156.195,0.));
#2682 = CIRCLE('',#2683,1.5);
#2683 = AXIS2_PLACEMENT_3D('',#2684,#2685,#2686);
#2684 = CARTESIAN_POINT('',(138.305,-154.695,0.));
#2685 = DIRECTION('',(-0.,0.,-1.));
#2686 = DIRECTION('',(-0.,-1.,0.));
#2687 = FACE_BOUND('',#2688,.F.);
#2688 = EDGE_LOOP('',(#2689));
#2689 = ORIENTED_EDGE('',*,*,#2690,.T.);
#2690 = EDGE_CURVE('',#2691,#2691,#2693,.T.);
#2691 = VERTEX_POINT('',#2692);
#2692 = CARTESIAN_POINT('',(140.5275,-149.535,0.));
#2693 = CIRCLE('',#2694,0.4);
#2694 = AXIS2_PLACEMENT_3D('',#2695,#2696,#2697);
#2695 = CARTESIAN_POINT('',(140.5275,-149.135,0.));
#2696 = DIRECTION('',(-0.,0.,-1.));
#2697 = DIRECTION('',(-0.,-1.,0.));
#2698 = FACE_BOUND('',#2699,.F.);
#2699 = EDGE_LOOP('',(#2700));
#2700 = ORIENTED_EDGE('',*,*,#2701,.T.);
#2701 = EDGE_CURVE('',#2702,#2702,#2704,.T.);
#2702 = VERTEX_POINT('',#2703);
#2703 = CARTESIAN_POINT('',(157.355,-156.195,0.));
#2704 = CIRCLE('',#2705,1.5);
#2705 = AXIS2_PLACEMENT_3D('',#2706,#2707,#2708);
#2706 = CARTESIAN_POINT('',(157.355,-154.695,0.));
#2707 = DIRECTION('',(-0.,0.,-1.));
#2708 = DIRECTION('',(-0.,-1.,0.));
#2709 = FACE_BOUND('',#2710,.F.);
#2710 = EDGE_LOOP('',(#2711));
#2711 = ORIENTED_EDGE('',*,*,#2712,.T.);
#2712 = EDGE_CURVE('',#2713,#2713,#2715,.T.);
#2713 = VERTEX_POINT('',#2714);
#2714 = CARTESIAN_POINT('',(159.5775,-149.535,0.));
#2715 = CIRCLE('',#2716,0.4);
#2716 = AXIS2_PLACEMENT_3D('',#2717,#2718,#2719);
#2717 = CARTESIAN_POINT('',(159.5775,-149.135,0.));
#2718 = DIRECTION('',(-0.,0.,-1.));
#2719 = DIRECTION('',(-0.,-1.,0.));
#2720 = FACE_BOUND('',#2721,.F.);
#2721 = EDGE_LOOP('',(#2722));
#2722 = ORIENTED_EDGE('',*,*,#2723,.T.);
#2723 = EDGE_CURVE('',#2724,#2724,#2726,.T.);
#2724 = VERTEX_POINT('',#2725);
#2725 = CARTESIAN_POINT('',(102.11,-141.6,0.));
#2726 = CIRCLE('',#2727,0.875);
#2727 = AXIS2_PLACEMENT_3D('',#2728,#2729,#2730);
#2728 = CARTESIAN_POINT('',(102.11,-140.725,0.));
#2729 = DIRECTION('',(-0.,0.,-1.));
#2730 = DIRECTION('',(-0.,-1.,0.));
#2731 = FACE_BOUND('',#2732,.F.);
#2732 = EDGE_LOOP('',(#2733));
#2733 = ORIENTED_EDGE('',*,*,#2734,.T.);
#2734 = EDGE_CURVE('',#2735,#2735,#2737,.T.);
#2735 = VERTEX_POINT('',#2736);
#2736 = CARTESIAN_POINT('',(107.19,-142.7189,0.));
#2737 = CIRCLE('',#2738,1.9939);
#2738 = AXIS2_PLACEMENT_3D('',#2739,#2740,#2741);
#2739 = CARTESIAN_POINT('',(107.19,-140.725,0.));
#2740 = DIRECTION('',(-0.,0.,-1.));
#2741 = DIRECTION('',(-0.,-1.,0.));
#2742 = FACE_BOUND('',#2743,.F.);
#2743 = EDGE_LOOP('',(#2744));
#2744 = ORIENTED_EDGE('',*,*,#2745,.T.);
#2745 = EDGE_CURVE('',#2746,#2746,#2748,.T.);
#2746 = VERTEX_POINT('',#2747);
#2747 = CARTESIAN_POINT('',(112.27,-141.6,0.));
#2748 = CIRCLE('',#2749,0.875);
#2749 = AXIS2_PLACEMENT_3D('',#2750,#2751,#2752);
#2750 = CARTESIAN_POINT('',(112.27,-140.725,0.));
#2751 = DIRECTION('',(-0.,0.,-1.));
#2752 = DIRECTION('',(-0.,-1.,0.));
#2753 = FACE_BOUND('',#2754,.F.);
#2754 = EDGE_LOOP('',(#2755));
#2755 = ORIENTED_EDGE('',*,*,#2756,.T.);
#2756 = EDGE_CURVE('',#2757,#2757,#2759,.T.);
#2757 = VERTEX_POINT('',#2758);
#2758 = CARTESIAN_POINT('',(103.38,-139.685,0.));
#2759 = CIRCLE('',#2760,1.5);
#2760 = AXIS2_PLACEMENT_3D('',#2761,#2762,#2763);
#2761 = CARTESIAN_POINT('',(103.38,-138.185,0.));
#2762 = DIRECTION('',(-0.,0.,-1.));
#2763 = DIRECTION('',(-0.,-1.,0.));
#2764 = FACE_BOUND('',#2765,.F.);
#2765 = EDGE_LOOP('',(#2766));
#2766 = ORIENTED_EDGE('',*,*,#2767,.T.);
#2767 = EDGE_CURVE('',#2768,#2768,#2770,.T.);
#2768 = VERTEX_POINT('',#2769);
#2769 = CARTESIAN_POINT('',(121.4775,-141.925,0.));
#2770 = CIRCLE('',#2771,0.4);
#2771 = AXIS2_PLACEMENT_3D('',#2772,#2773,#2774);
#2772 = CARTESIAN_POINT('',(121.4775,-141.525,0.));
#2773 = DIRECTION('',(-0.,0.,-1.));
#2774 = DIRECTION('',(3.5527136788E-14,-1.,-0.));
#2775 = FACE_BOUND('',#2776,.F.);
#2776 = EDGE_LOOP('',(#2777));
#2777 = ORIENTED_EDGE('',*,*,#2778,.T.);
#2778 = EDGE_CURVE('',#2779,#2779,#2781,.T.);
#2779 = VERTEX_POINT('',#2780);
#2780 = CARTESIAN_POINT('',(125.9225,-141.6,0.));
#2781 = CIRCLE('',#2782,0.875);
#2782 = AXIS2_PLACEMENT_3D('',#2783,#2784,#2785);
#2783 = CARTESIAN_POINT('',(125.9225,-140.725,0.));
#2784 = DIRECTION('',(-0.,0.,-1.));
#2785 = DIRECTION('',(-0.,-1.,0.));
#2786 = FACE_BOUND('',#2787,.F.);
#2787 = EDGE_LOOP('',(#2788));
#2788 = ORIENTED_EDGE('',*,*,#2789,.T.);
#2789 = EDGE_CURVE('',#2790,#2790,#2792,.T.);
#2790 = VERTEX_POINT('',#2791);
#2791 = CARTESIAN_POINT('',(131.0025,-142.7189,0.));
#2792 = CIRCLE('',#2793,1.9939);
#2793 = AXIS2_PLACEMENT_3D('',#2794,#2795,#2796);
#2794 = CARTESIAN_POINT('',(131.0025,-140.725,0.));
#2795 = DIRECTION('',(-0.,0.,-1.));
#2796 = DIRECTION('',(-0.,-1.,0.));
#2797 = FACE_BOUND('',#2798,.F.);
#2798 = EDGE_LOOP('',(#2799));
#2799 = ORIENTED_EDGE('',*,*,#2800,.T.);
#2800 = EDGE_CURVE('',#2801,#2801,#2803,.T.);
#2801 = VERTEX_POINT('',#2802);
#2802 = CARTESIAN_POINT('',(127.1925,-139.685,0.));
#2803 = CIRCLE('',#2804,1.5);
#2804 = AXIS2_PLACEMENT_3D('',#2805,#2806,#2807);
#2805 = CARTESIAN_POINT('',(127.1925,-138.185,0.));
#2806 = DIRECTION('',(-0.,0.,-1.));
#2807 = DIRECTION('',(-0.,-1.,0.));
#2808 = FACE_BOUND('',#2809,.F.);
#2809 = EDGE_LOOP('',(#2810));
#2810 = ORIENTED_EDGE('',*,*,#2811,.T.);
#2811 = EDGE_CURVE('',#2812,#2812,#2814,.T.);
#2812 = VERTEX_POINT('',#2813);
#2813 = CARTESIAN_POINT('',(136.0825,-141.6,0.));
#2814 = CIRCLE('',#2815,0.875);
#2815 = AXIS2_PLACEMENT_3D('',#2816,#2817,#2818);
#2816 = CARTESIAN_POINT('',(136.0825,-140.725,0.));
#2817 = DIRECTION('',(-0.,0.,-1.));
#2818 = DIRECTION('',(-0.,-1.,0.));
#2819 = FACE_BOUND('',#2820,.F.);
#2820 = EDGE_LOOP('',(#2821));
#2821 = ORIENTED_EDGE('',*,*,#2822,.T.);
#2822 = EDGE_CURVE('',#2823,#2823,#2825,.T.);
#2823 = VERTEX_POINT('',#2824);
#2824 = CARTESIAN_POINT('',(140.5275,-141.915,0.));
#2825 = CIRCLE('',#2826,0.4);
#2826 = AXIS2_PLACEMENT_3D('',#2827,#2828,#2829);
#2827 = CARTESIAN_POINT('',(140.5275,-141.515,0.));
#2828 = DIRECTION('',(-0.,0.,-1.));
#2829 = DIRECTION('',(-0.,-1.,0.));
#2830 = FACE_BOUND('',#2831,.F.);
#2831 = EDGE_LOOP('',(#2832));
#2832 = ORIENTED_EDGE('',*,*,#2833,.T.);
#2833 = EDGE_CURVE('',#2834,#2834,#2836,.T.);
#2834 = VERTEX_POINT('',#2835);
#2835 = CARTESIAN_POINT('',(144.9725,-141.6,0.));
#2836 = CIRCLE('',#2837,0.875);
#2837 = AXIS2_PLACEMENT_3D('',#2838,#2839,#2840);
#2838 = CARTESIAN_POINT('',(144.9725,-140.725,0.));
#2839 = DIRECTION('',(-0.,0.,-1.));
#2840 = DIRECTION('',(-0.,-1.,0.));
#2841 = FACE_BOUND('',#2842,.F.);
#2842 = EDGE_LOOP('',(#2843));
#2843 = ORIENTED_EDGE('',*,*,#2844,.T.);
#2844 = EDGE_CURVE('',#2845,#2845,#2847,.T.);
#2845 = VERTEX_POINT('',#2846);
#2846 = CARTESIAN_POINT('',(146.2425,-139.685,0.));
#2847 = CIRCLE('',#2848,1.5);
#2848 = AXIS2_PLACEMENT_3D('',#2849,#2850,#2851);
#2849 = CARTESIAN_POINT('',(146.2425,-138.185,0.));
#2850 = DIRECTION('',(-0.,0.,-1.));
#2851 = DIRECTION('',(-0.,-1.,0.));
#2852 = FACE_BOUND('',#2853,.F.);
#2853 = EDGE_LOOP('',(#2854));
#2854 = ORIENTED_EDGE('',*,*,#2855,.T.);
#2855 = EDGE_CURVE('',#2856,#2856,#2858,.T.);
#2856 = VERTEX_POINT('',#2857);
#2857 = CARTESIAN_POINT('',(150.0525,-142.7189,0.));
#2858 = CIRCLE('',#2859,1.9939);
#2859 = AXIS2_PLACEMENT_3D('',#2860,#2861,#2862);
#2860 = CARTESIAN_POINT('',(150.0525,-140.725,0.));
#2861 = DIRECTION('',(-0.,0.,-1.));
#2862 = DIRECTION('',(-0.,-1.,0.));
#2863 = FACE_BOUND('',#2864,.F.);
#2864 = EDGE_LOOP('',(#2865));
#2865 = ORIENTED_EDGE('',*,*,#2866,.T.);
#2866 = EDGE_CURVE('',#2867,#2867,#2869,.T.);
#2867 = VERTEX_POINT('',#2868);
#2868 = CARTESIAN_POINT('',(155.1325,-141.6,0.));
#2869 = CIRCLE('',#2870,0.875);
#2870 = AXIS2_PLACEMENT_3D('',#2871,#2872,#2873);
#2871 = CARTESIAN_POINT('',(155.1325,-140.725,0.));
#2872 = DIRECTION('',(-0.,0.,-1.));
#2873 = DIRECTION('',(-0.,-1.,0.));
#2874 = FACE_BOUND('',#2875,.F.);
#2875 = EDGE_LOOP('',(#2876));
#2876 = ORIENTED_EDGE('',*,*,#2877,.T.);
#2877 = EDGE_CURVE('',#2878,#2878,#2880,.T.);
#2878 = VERTEX_POINT('',#2879);
#2879 = CARTESIAN_POINT('',(159.5775,-141.915,0.));
#2880 = CIRCLE('',#2881,0.4);
#2881 = AXIS2_PLACEMENT_3D('',#2882,#2883,#2884);
#2882 = CARTESIAN_POINT('',(159.5775,-141.515,0.));
#2883 = DIRECTION('',(-0.,0.,-1.));
#2884 = DIRECTION('',(-0.,-1.,0.));
#2885 = FACE_BOUND('',#2886,.F.);
#2886 = EDGE_LOOP('',(#2887));
#2887 = ORIENTED_EDGE('',*,*,#2888,.T.);
#2888 = EDGE_CURVE('',#2889,#2889,#2891,.T.);
#2889 = VERTEX_POINT('',#2890);
#2890 = CARTESIAN_POINT('',(164.0225,-141.6,0.));
#2891 = CIRCLE('',#2892,0.875);
#2892 = AXIS2_PLACEMENT_3D('',#2893,#2894,#2895);
#2893 = CARTESIAN_POINT('',(164.0225,-140.725,0.));
#2894 = DIRECTION('',(-0.,0.,-1.));
#2895 = DIRECTION('',(-0.,-1.,0.));
#2896 = FACE_BOUND('',#2897,.F.);
#2897 = EDGE_LOOP('',(#2898));
#2898 = ORIENTED_EDGE('',*,*,#2899,.T.);
#2899 = EDGE_CURVE('',#2900,#2900,#2902,.T.);
#2900 = VERTEX_POINT('',#2901);
#2901 = CARTESIAN_POINT('',(165.2925,-139.685,0.));
#2902 = CIRCLE('',#2903,1.5);
#2903 = AXIS2_PLACEMENT_3D('',#2904,#2905,#2906);
#2904 = CARTESIAN_POINT('',(165.2925,-138.185,0.));
#2905 = DIRECTION('',(-0.,0.,-1.));
#2906 = DIRECTION('',(-0.,-1.,0.));
#2907 = FACE_BOUND('',#2908,.F.);
#2908 = EDGE_LOOP('',(#2909));
#2909 = ORIENTED_EDGE('',*,*,#2910,.T.);
#2910 = EDGE_CURVE('',#2911,#2911,#2913,.T.);
#2911 = VERTEX_POINT('',#2912);
#2912 = CARTESIAN_POINT('',(168.785,-160.65,0.));
#2913 = CIRCLE('',#2914,0.875);
#2914 = AXIS2_PLACEMENT_3D('',#2915,#2916,#2917);
#2915 = CARTESIAN_POINT('',(168.785,-159.775,0.));
#2916 = DIRECTION('',(-0.,0.,-1.));
#2917 = DIRECTION('',(-0.,-1.,0.));
#2918 = FACE_BOUND('',#2919,.F.);
#2919 = EDGE_LOOP('',(#2920));
#2920 = ORIENTED_EDGE('',*,*,#2921,.T.);
#2921 = EDGE_CURVE('',#2922,#2922,#2924,.T.);
#2922 = VERTEX_POINT('',#2923);
#2923 = CARTESIAN_POINT('',(173.865,-161.7689,0.));
#2924 = CIRCLE('',#2925,1.9939);
#2925 = AXIS2_PLACEMENT_3D('',#2926,#2927,#2928);
#2926 = CARTESIAN_POINT('',(173.865,-159.775,0.));
#2927 = DIRECTION('',(-0.,0.,-1.));
#2928 = DIRECTION('',(-0.,-1.,0.));
#2929 = FACE_BOUND('',#2930,.F.);
#2930 = EDGE_LOOP('',(#2931));
#2931 = ORIENTED_EDGE('',*,*,#2932,.T.);
#2932 = EDGE_CURVE('',#2933,#2933,#2935,.T.);
#2933 = VERTEX_POINT('',#2934);
#2934 = CARTESIAN_POINT('',(178.945,-160.65,0.));
#2935 = CIRCLE('',#2936,0.875);
#2936 = AXIS2_PLACEMENT_3D('',#2937,#2938,#2939);
#2937 = CARTESIAN_POINT('',(178.945,-159.775,0.));
#2938 = DIRECTION('',(-0.,0.,-1.));
#2939 = DIRECTION('',(-0.,-1.,0.));
#2940 = FACE_BOUND('',#2941,.F.);
#2941 = EDGE_LOOP('',(#2942));
#2942 = ORIENTED_EDGE('',*,*,#2943,.T.);
#2943 = EDGE_CURVE('',#2944,#2944,#2946,.T.);
#2944 = VERTEX_POINT('',#2945);
#2945 = CARTESIAN_POINT('',(183.3875,-160.975,0.));
#2946 = CIRCLE('',#2947,0.4);
#2947 = AXIS2_PLACEMENT_3D('',#2948,#2949,#2950);
#2948 = CARTESIAN_POINT('',(183.3875,-160.575,0.));
#2949 = DIRECTION('',(-0.,0.,-1.));
#2950 = DIRECTION('',(-0.,-1.,0.));
#2951 = FACE_BOUND('',#2952,.F.);
#2952 = EDGE_LOOP('',(#2953));
#2953 = ORIENTED_EDGE('',*,*,#2954,.T.);
#2954 = EDGE_CURVE('',#2955,#2955,#2957,.T.);
#2955 = VERTEX_POINT('',#2956);
#2956 = CARTESIAN_POINT('',(170.055,-158.735,0.));
#2957 = CIRCLE('',#2958,1.5);
#2958 = AXIS2_PLACEMENT_3D('',#2959,#2960,#2961);
#2959 = CARTESIAN_POINT('',(170.055,-157.235,0.));
#2960 = DIRECTION('',(-0.,0.,-1.));
#2961 = DIRECTION('',(-0.,-1.,0.));
#2962 = FACE_BOUND('',#2963,.F.);
#2963 = EDGE_LOOP('',(#2964));
#2964 = ORIENTED_EDGE('',*,*,#2965,.T.);
#2965 = EDGE_CURVE('',#2966,#2966,#2968,.T.);
#2966 = VERTEX_POINT('',#2967);
#2967 = CARTESIAN_POINT('',(187.835,-160.65,0.));
#2968 = CIRCLE('',#2969,0.875);
#2969 = AXIS2_PLACEMENT_3D('',#2970,#2971,#2972);
#2970 = CARTESIAN_POINT('',(187.835,-159.775,0.));
#2971 = DIRECTION('',(-0.,0.,-1.));
#2972 = DIRECTION('',(-0.,-1.,0.));
#2973 = FACE_BOUND('',#2974,.F.);
#2974 = EDGE_LOOP('',(#2975));
#2975 = ORIENTED_EDGE('',*,*,#2976,.T.);
#2976 = EDGE_CURVE('',#2977,#2977,#2979,.T.);
#2977 = VERTEX_POINT('',#2978);
#2978 = CARTESIAN_POINT('',(192.915,-161.7689,0.));
#2979 = CIRCLE('',#2980,1.9939);
#2980 = AXIS2_PLACEMENT_3D('',#2981,#2982,#2983);
#2981 = CARTESIAN_POINT('',(192.915,-159.775,0.));
#2982 = DIRECTION('',(-0.,0.,-1.));
#2983 = DIRECTION('',(-0.,-1.,0.));
#2984 = FACE_BOUND('',#2985,.F.);
#2985 = EDGE_LOOP('',(#2986));
#2986 = ORIENTED_EDGE('',*,*,#2987,.T.);
#2987 = EDGE_CURVE('',#2988,#2988,#2990,.T.);
#2988 = VERTEX_POINT('',#2989);
#2989 = CARTESIAN_POINT('',(197.995,-160.65,0.));
#2990 = CIRCLE('',#2991,0.875);
#2991 = AXIS2_PLACEMENT_3D('',#2992,#2993,#2994);
#2992 = CARTESIAN_POINT('',(197.995,-159.775,0.));
#2993 = DIRECTION('',(-0.,0.,-1.));
#2994 = DIRECTION('',(-0.,-1.,0.));
#2995 = FACE_BOUND('',#2996,.F.);
#2996 = EDGE_LOOP('',(#2997));
#2997 = ORIENTED_EDGE('',*,*,#2998,.T.);
#2998 = EDGE_CURVE('',#2999,#2999,#3001,.T.);
#2999 = VERTEX_POINT('',#3000);
#3000 = CARTESIAN_POINT('',(189.105,-158.735,0.));
#3001 = CIRCLE('',#3002,1.5);
#3002 = AXIS2_PLACEMENT_3D('',#3003,#3004,#3005);
#3003 = CARTESIAN_POINT('',(189.105,-157.235,0.));
#3004 = DIRECTION('',(-0.,0.,-1.));
#3005 = DIRECTION('',(-0.,-1.,0.));
#3006 = FACE_BOUND('',#3007,.F.);
#3007 = EDGE_LOOP('',(#3008));
#3008 = ORIENTED_EDGE('',*,*,#3009,.T.);
#3009 = EDGE_CURVE('',#3010,#3010,#3012,.T.);
#3010 = VERTEX_POINT('',#3011);
#3011 = CARTESIAN_POINT('',(176.405,-156.195,0.));
#3012 = CIRCLE('',#3013,1.5);
#3013 = AXIS2_PLACEMENT_3D('',#3014,#3015,#3016);
#3014 = CARTESIAN_POINT('',(176.405,-154.695,0.));
#3015 = DIRECTION('',(-0.,0.,-1.));
#3016 = DIRECTION('',(-0.,-1.,0.));
#3017 = FACE_BOUND('',#3018,.F.);
#3018 = EDGE_LOOP('',(#3019));
#3019 = ORIENTED_EDGE('',*,*,#3020,.T.);
#3020 = EDGE_CURVE('',#3021,#3021,#3023,.T.);
#3021 = VERTEX_POINT('',#3022);
#3022 = CARTESIAN_POINT('',(183.388,-152.48,0.));
#3023 = CIRCLE('',#3024,1.35);
#3024 = AXIS2_PLACEMENT_3D('',#3025,#3026,#3027);
#3025 = CARTESIAN_POINT('',(183.388,-151.13,0.));
#3026 = DIRECTION('',(-0.,0.,-1.));
#3027 = DIRECTION('',(-0.,-1.,0.));
#3028 = FACE_BOUND('',#3029,.F.);
#3029 = EDGE_LOOP('',(#3030));
#3030 = ORIENTED_EDGE('',*,*,#3031,.T.);
#3031 = EDGE_CURVE('',#3032,#3032,#3034,.T.);
#3032 = VERTEX_POINT('',#3033);
#3033 = CARTESIAN_POINT('',(178.6275,-149.535,0.));
#3034 = CIRCLE('',#3035,0.4);
#3035 = AXIS2_PLACEMENT_3D('',#3036,#3037,#3038);
#3036 = CARTESIAN_POINT('',(178.6275,-149.135,0.));
#3037 = DIRECTION('',(-0.,0.,-1.));
#3038 = DIRECTION('',(-0.,-1.,0.));
#3039 = FACE_BOUND('',#3040,.F.);
#3040 = EDGE_LOOP('',(#3041));
#3041 = ORIENTED_EDGE('',*,*,#3042,.T.);
#3042 = EDGE_CURVE('',#3043,#3043,#3045,.T.);
#3043 = VERTEX_POINT('',#3044);
#3044 = CARTESIAN_POINT('',(195.455,-156.195,0.));
#3045 = CIRCLE('',#3046,1.5);
#3046 = AXIS2_PLACEMENT_3D('',#3047,#3048,#3049);
#3047 = CARTESIAN_POINT('',(195.455,-154.695,0.));
#3048 = DIRECTION('',(-0.,0.,-1.));
#3049 = DIRECTION('',(-0.,-1.,0.));
#3050 = FACE_BOUND('',#3051,.F.);
#3051 = EDGE_LOOP('',(#3052));
#3052 = ORIENTED_EDGE('',*,*,#3053,.T.);
#3053 = EDGE_CURVE('',#3054,#3054,#3056,.T.);
#3054 = VERTEX_POINT('',#3055);
#3055 = CARTESIAN_POINT('',(197.6775,-149.535,0.));
#3056 = CIRCLE('',#3057,0.4);
#3057 = AXIS2_PLACEMENT_3D('',#3058,#3059,#3060);
#3058 = CARTESIAN_POINT('',(197.6775,-149.135,0.));
#3059 = DIRECTION('',(-0.,0.,-1.));
#3060 = DIRECTION('',(-0.,-1.,0.));
#3061 = FACE_BOUND('',#3062,.F.);
#3062 = EDGE_LOOP('',(#3063));
#3063 = ORIENTED_EDGE('',*,*,#3064,.T.);
#3064 = EDGE_CURVE('',#3065,#3065,#3067,.T.);
#3065 = VERTEX_POINT('',#3066);
#3066 = CARTESIAN_POINT('',(202.4375,-160.975,0.));
#3067 = CIRCLE('',#3068,0.4);
#3068 = AXIS2_PLACEMENT_3D('',#3069,#3070,#3071);
#3069 = CARTESIAN_POINT('',(202.4375,-160.575,0.));
#3070 = DIRECTION('',(-0.,0.,-1.));
#3071 = DIRECTION('',(-0.,-1.,0.));
#3072 = FACE_BOUND('',#3073,.F.);
#3073 = EDGE_LOOP('',(#3074));
#3074 = ORIENTED_EDGE('',*,*,#3075,.T.);
#3075 = EDGE_CURVE('',#3076,#3076,#3078,.T.);
#3076 = VERTEX_POINT('',#3077);
#3077 = CARTESIAN_POINT('',(206.885,-160.65,0.));
#3078 = CIRCLE('',#3079,0.875);
#3079 = AXIS2_PLACEMENT_3D('',#3080,#3081,#3082);
#3080 = CARTESIAN_POINT('',(206.885,-159.775,0.));
#3081 = DIRECTION('',(-0.,0.,-1.));
#3082 = DIRECTION('',(-0.,-1.,0.));
#3083 = FACE_BOUND('',#3084,.F.);
#3084 = EDGE_LOOP('',(#3085));
#3085 = ORIENTED_EDGE('',*,*,#3086,.T.);
#3086 = EDGE_CURVE('',#3087,#3087,#3089,.T.);
#3087 = VERTEX_POINT('',#3088);
#3088 = CARTESIAN_POINT('',(211.965,-161.7689,0.));
#3089 = CIRCLE('',#3090,1.9939);
#3090 = AXIS2_PLACEMENT_3D('',#3091,#3092,#3093);
#3091 = CARTESIAN_POINT('',(211.965,-159.775,0.));
#3092 = DIRECTION('',(-0.,0.,-1.));
#3093 = DIRECTION('',(-0.,-1.,0.));
#3094 = FACE_BOUND('',#3095,.F.);
#3095 = EDGE_LOOP('',(#3096));
#3096 = ORIENTED_EDGE('',*,*,#3097,.T.);
#3097 = EDGE_CURVE('',#3098,#3098,#3100,.T.);
#3098 = VERTEX_POINT('',#3099);
#3099 = CARTESIAN_POINT('',(217.045,-160.65,0.));
#3100 = CIRCLE('',#3101,0.875);
#3101 = AXIS2_PLACEMENT_3D('',#3102,#3103,#3104);
#3102 = CARTESIAN_POINT('',(217.045,-159.775,0.));
#3103 = DIRECTION('',(-0.,0.,-1.));
#3104 = DIRECTION('',(-0.,-1.,0.));
#3105 = FACE_BOUND('',#3106,.F.);
#3106 = EDGE_LOOP('',(#3107));
#3107 = ORIENTED_EDGE('',*,*,#3108,.T.);
#3108 = EDGE_CURVE('',#3109,#3109,#3111,.T.);
#3109 = VERTEX_POINT('',#3110);
#3110 = CARTESIAN_POINT('',(208.155,-158.735,0.));
#3111 = CIRCLE('',#3112,1.5);
#3112 = AXIS2_PLACEMENT_3D('',#3113,#3114,#3115);
#3113 = CARTESIAN_POINT('',(208.155,-157.235,0.));
#3114 = DIRECTION('',(-0.,0.,-1.));
#3115 = DIRECTION('',(-0.,-1.,0.));
#3116 = FACE_BOUND('',#3117,.F.);
#3117 = EDGE_LOOP('',(#3118));
#3118 = ORIENTED_EDGE('',*,*,#3119,.T.);
#3119 = EDGE_CURVE('',#3120,#3120,#3122,.T.);
#3120 = VERTEX_POINT('',#3121);
#3121 = CARTESIAN_POINT('',(221.4875,-160.975,0.));
#3122 = CIRCLE('',#3123,0.4);
#3123 = AXIS2_PLACEMENT_3D('',#3124,#3125,#3126);
#3124 = CARTESIAN_POINT('',(221.4875,-160.575,0.));
#3125 = DIRECTION('',(-0.,0.,-1.));
#3126 = DIRECTION('',(-0.,-1.,0.));
#3127 = FACE_BOUND('',#3128,.F.);
#3128 = EDGE_LOOP('',(#3129));
#3129 = ORIENTED_EDGE('',*,*,#3130,.T.);
#3130 = EDGE_CURVE('',#3131,#3131,#3133,.T.);
#3131 = VERTEX_POINT('',#3132);
#3132 = CARTESIAN_POINT('',(225.935,-160.65,0.));
#3133 = CIRCLE('',#3134,0.875);
#3134 = AXIS2_PLACEMENT_3D('',#3135,#3136,#3137);
#3135 = CARTESIAN_POINT('',(225.935,-159.775,0.));
#3136 = DIRECTION('',(-0.,0.,-1.));
#3137 = DIRECTION('',(-0.,-1.,0.));
#3138 = FACE_BOUND('',#3139,.F.);
#3139 = EDGE_LOOP('',(#3140));
#3140 = ORIENTED_EDGE('',*,*,#3141,.T.);
#3141 = EDGE_CURVE('',#3142,#3142,#3144,.T.);
#3142 = VERTEX_POINT('',#3143);
#3143 = CARTESIAN_POINT('',(231.015,-161.7689,0.));
#3144 = CIRCLE('',#3145,1.9939);
#3145 = AXIS2_PLACEMENT_3D('',#3146,#3147,#3148);
#3146 = CARTESIAN_POINT('',(231.015,-159.775,0.));
#3147 = DIRECTION('',(-0.,0.,-1.));
#3148 = DIRECTION('',(-0.,-1.,0.));
#3149 = FACE_BOUND('',#3150,.F.);
#3150 = EDGE_LOOP('',(#3151));
#3151 = ORIENTED_EDGE('',*,*,#3152,.T.);
#3152 = EDGE_CURVE('',#3153,#3153,#3155,.T.);
#3153 = VERTEX_POINT('',#3154);
#3154 = CARTESIAN_POINT('',(236.095,-160.65,0.));
#3155 = CIRCLE('',#3156,0.875);
#3156 = AXIS2_PLACEMENT_3D('',#3157,#3158,#3159);
#3157 = CARTESIAN_POINT('',(236.095,-159.775,0.));
#3158 = DIRECTION('',(-0.,0.,-1.));
#3159 = DIRECTION('',(-0.,-1.,0.));
#3160 = FACE_BOUND('',#3161,.F.);
#3161 = EDGE_LOOP('',(#3162));
#3162 = ORIENTED_EDGE('',*,*,#3163,.T.);
#3163 = EDGE_CURVE('',#3164,#3164,#3166,.T.);
#3164 = VERTEX_POINT('',#3165);
#3165 = CARTESIAN_POINT('',(227.205,-158.735,0.));
#3166 = CIRCLE('',#3167,1.5);
#3167 = AXIS2_PLACEMENT_3D('',#3168,#3169,#3170);
#3168 = CARTESIAN_POINT('',(227.205,-157.235,0.));
#3169 = DIRECTION('',(-0.,0.,-1.));
#3170 = DIRECTION('',(-0.,-1.,0.));
#3171 = FACE_BOUND('',#3172,.F.);
#3172 = EDGE_LOOP('',(#3173));
#3173 = ORIENTED_EDGE('',*,*,#3174,.T.);
#3174 = EDGE_CURVE('',#3175,#3175,#3177,.T.);
#3175 = VERTEX_POINT('',#3176);
#3176 = CARTESIAN_POINT('',(214.505,-156.195,0.));
#3177 = CIRCLE('',#3178,1.5);
#3178 = AXIS2_PLACEMENT_3D('',#3179,#3180,#3181);
#3179 = CARTESIAN_POINT('',(214.505,-154.695,0.));
#3180 = DIRECTION('',(-0.,0.,-1.));
#3181 = DIRECTION('',(-0.,-1.,0.));
#3182 = FACE_BOUND('',#3183,.F.);
#3183 = EDGE_LOOP('',(#3184));
#3184 = ORIENTED_EDGE('',*,*,#3185,.T.);
#3185 = EDGE_CURVE('',#3186,#3186,#3188,.T.);
#3186 = VERTEX_POINT('',#3187);
#3187 = CARTESIAN_POINT('',(216.7275,-149.535,0.));
#3188 = CIRCLE('',#3189,0.4);
#3189 = AXIS2_PLACEMENT_3D('',#3190,#3191,#3192);
#3190 = CARTESIAN_POINT('',(216.7275,-149.135,0.));
#3191 = DIRECTION('',(-0.,0.,-1.));
#3192 = DIRECTION('',(-0.,-1.,0.));
#3193 = FACE_BOUND('',#3194,.F.);
#3194 = EDGE_LOOP('',(#3195));
#3195 = ORIENTED_EDGE('',*,*,#3196,.T.);
#3196 = EDGE_CURVE('',#3197,#3197,#3199,.T.);
#3197 = VERTEX_POINT('',#3198);
#3198 = CARTESIAN_POINT('',(233.555,-156.195,0.));
#3199 = CIRCLE('',#3200,1.5);
#3200 = AXIS2_PLACEMENT_3D('',#3201,#3202,#3203);
#3201 = CARTESIAN_POINT('',(233.555,-154.695,0.));
#3202 = DIRECTION('',(-0.,0.,-1.));
#3203 = DIRECTION('',(-0.,-1.,0.));
#3204 = FACE_BOUND('',#3205,.F.);
#3205 = EDGE_LOOP('',(#3206));
#3206 = ORIENTED_EDGE('',*,*,#3207,.T.);
#3207 = EDGE_CURVE('',#3208,#3208,#3210,.T.);
#3208 = VERTEX_POINT('',#3209);
#3209 = CARTESIAN_POINT('',(235.7775,-149.535,0.));
#3210 = CIRCLE('',#3211,0.4);
#3211 = AXIS2_PLACEMENT_3D('',#3212,#3213,#3214);
#3212 = CARTESIAN_POINT('',(235.7775,-149.135,0.));
#3213 = DIRECTION('',(-0.,0.,-1.));
#3214 = DIRECTION('',(-0.,-1.,0.));
#3215 = FACE_BOUND('',#3216,.F.);
#3216 = EDGE_LOOP('',(#3217));
#3217 = ORIENTED_EDGE('',*,*,#3218,.T.);
#3218 = EDGE_CURVE('',#3219,#3219,#3221,.T.);
#3219 = VERTEX_POINT('',#3220);
#3220 = CARTESIAN_POINT('',(169.1025,-142.7189,0.));
#3221 = CIRCLE('',#3222,1.9939);
#3222 = AXIS2_PLACEMENT_3D('',#3223,#3224,#3225);
#3223 = CARTESIAN_POINT('',(169.1025,-140.725,0.));
#3224 = DIRECTION('',(-0.,0.,-1.));
#3225 = DIRECTION('',(-0.,-1.,0.));
#3226 = FACE_BOUND('',#3227,.F.);
#3227 = EDGE_LOOP('',(#3228));
#3228 = ORIENTED_EDGE('',*,*,#3229,.T.);
#3229 = EDGE_CURVE('',#3230,#3230,#3232,.T.);
#3230 = VERTEX_POINT('',#3231);
#3231 = CARTESIAN_POINT('',(174.1825,-141.6,0.));
#3232 = CIRCLE('',#3233,0.875);
#3233 = AXIS2_PLACEMENT_3D('',#3234,#3235,#3236);
#3234 = CARTESIAN_POINT('',(174.1825,-140.725,0.));
#3235 = DIRECTION('',(-0.,0.,-1.));
#3236 = DIRECTION('',(-0.,-1.,0.));
#3237 = FACE_BOUND('',#3238,.F.);
#3238 = EDGE_LOOP('',(#3239));
#3239 = ORIENTED_EDGE('',*,*,#3240,.T.);
#3240 = EDGE_CURVE('',#3241,#3241,#3243,.T.);
#3241 = VERTEX_POINT('',#3242);
#3242 = CARTESIAN_POINT('',(178.6275,-141.915,0.));
#3243 = CIRCLE('',#3244,0.4);
#3244 = AXIS2_PLACEMENT_3D('',#3245,#3246,#3247);
#3245 = CARTESIAN_POINT('',(178.6275,-141.515,0.));
#3246 = DIRECTION('',(-0.,0.,-1.));
#3247 = DIRECTION('',(-0.,-1.,0.));
#3248 = FACE_BOUND('',#3249,.F.);
#3249 = EDGE_LOOP('',(#3250));
#3250 = ORIENTED_EDGE('',*,*,#3251,.T.);
#3251 = EDGE_CURVE('',#3252,#3252,#3254,.T.);
#3252 = VERTEX_POINT('',#3253);
#3253 = CARTESIAN_POINT('',(183.0725,-141.6,0.));
#3254 = CIRCLE('',#3255,0.875);
#3255 = AXIS2_PLACEMENT_3D('',#3256,#3257,#3258);
#3256 = CARTESIAN_POINT('',(183.0725,-140.725,0.));
#3257 = DIRECTION('',(-0.,0.,-1.));
#3258 = DIRECTION('',(-0.,-1.,0.));
#3259 = FACE_BOUND('',#3260,.F.);
#3260 = EDGE_LOOP('',(#3261));
#3261 = ORIENTED_EDGE('',*,*,#3262,.T.);
#3262 = EDGE_CURVE('',#3263,#3263,#3265,.T.);
#3263 = VERTEX_POINT('',#3264);
#3264 = CARTESIAN_POINT('',(188.1525,-142.7189,0.));
#3265 = CIRCLE('',#3266,1.9939);
#3266 = AXIS2_PLACEMENT_3D('',#3267,#3268,#3269);
#3267 = CARTESIAN_POINT('',(188.1525,-140.725,0.));
#3268 = DIRECTION('',(-0.,0.,-1.));
#3269 = DIRECTION('',(-0.,-1.,0.));
#3270 = FACE_BOUND('',#3271,.F.);
#3271 = EDGE_LOOP('',(#3272));
#3272 = ORIENTED_EDGE('',*,*,#3273,.T.);
#3273 = EDGE_CURVE('',#3274,#3274,#3276,.T.);
#3274 = VERTEX_POINT('',#3275);
#3275 = CARTESIAN_POINT('',(197.6775,-141.915,0.));
#3276 = CIRCLE('',#3277,0.4);
#3277 = AXIS2_PLACEMENT_3D('',#3278,#3279,#3280);
#3278 = CARTESIAN_POINT('',(197.6775,-141.515,0.));
#3279 = DIRECTION('',(-0.,0.,-1.));
#3280 = DIRECTION('',(-0.,-1.,0.));
#3281 = FACE_BOUND('',#3282,.F.);
#3282 = EDGE_LOOP('',(#3283));
#3283 = ORIENTED_EDGE('',*,*,#3284,.T.);
#3284 = EDGE_CURVE('',#3285,#3285,#3287,.T.);
#3285 = VERTEX_POINT('',#3286);
#3286 = CARTESIAN_POINT('',(193.2325,-141.6,0.));
#3287 = CIRCLE('',#3288,0.875);
#3288 = AXIS2_PLACEMENT_3D('',#3289,#3290,#3291);
#3289 = CARTESIAN_POINT('',(193.2325,-140.725,0.));
#3290 = DIRECTION('',(-0.,0.,-1.));
#3291 = DIRECTION('',(-0.,-1.,0.));
#3292 = FACE_BOUND('',#3293,.F.);
#3293 = EDGE_LOOP('',(#3294));
#3294 = ORIENTED_EDGE('',*,*,#3295,.T.);
#3295 = EDGE_CURVE('',#3296,#3296,#3298,.T.);
#3296 = VERTEX_POINT('',#3297);
#3297 = CARTESIAN_POINT('',(184.3425,-139.685,0.));
#3298 = CIRCLE('',#3299,1.5);
#3299 = AXIS2_PLACEMENT_3D('',#3300,#3301,#3302);
#3300 = CARTESIAN_POINT('',(184.3425,-138.185,0.));
#3301 = DIRECTION('',(-0.,0.,-1.));
#3302 = DIRECTION('',(-0.,-1.,0.));
#3303 = FACE_BOUND('',#3304,.F.);
#3304 = EDGE_LOOP('',(#3305));
#3305 = ORIENTED_EDGE('',*,*,#3306,.T.);
#3306 = EDGE_CURVE('',#3307,#3307,#3309,.T.);
#3307 = VERTEX_POINT('',#3308);
#3308 = CARTESIAN_POINT('',(202.1225,-141.6,0.));
#3309 = CIRCLE('',#3310,0.875);
#3310 = AXIS2_PLACEMENT_3D('',#3311,#3312,#3313);
#3311 = CARTESIAN_POINT('',(202.1225,-140.725,0.));
#3312 = DIRECTION('',(-0.,0.,-1.));
#3313 = DIRECTION('',(-0.,-1.,0.));
#3314 = FACE_BOUND('',#3315,.F.);
#3315 = EDGE_LOOP('',(#3316));
#3316 = ORIENTED_EDGE('',*,*,#3317,.T.);
#3317 = EDGE_CURVE('',#3318,#3318,#3320,.T.);
#3318 = VERTEX_POINT('',#3319);
#3319 = CARTESIAN_POINT('',(207.2025,-142.7189,0.));
#3320 = CIRCLE('',#3321,1.9939);
#3321 = AXIS2_PLACEMENT_3D('',#3322,#3323,#3324);
#3322 = CARTESIAN_POINT('',(207.2025,-140.725,0.));
#3323 = DIRECTION('',(-0.,0.,-1.));
#3324 = DIRECTION('',(-0.,-1.,0.));
#3325 = FACE_BOUND('',#3326,.F.);
#3326 = EDGE_LOOP('',(#3327));
#3327 = ORIENTED_EDGE('',*,*,#3328,.T.);
#3328 = EDGE_CURVE('',#3329,#3329,#3331,.T.);
#3329 = VERTEX_POINT('',#3330);
#3330 = CARTESIAN_POINT('',(216.7275,-141.915,0.));
#3331 = CIRCLE('',#3332,0.4);
#3332 = AXIS2_PLACEMENT_3D('',#3333,#3334,#3335);
#3333 = CARTESIAN_POINT('',(216.7275,-141.515,0.));
#3334 = DIRECTION('',(-0.,0.,-1.));
#3335 = DIRECTION('',(-0.,-1.,0.));
#3336 = FACE_BOUND('',#3337,.F.);
#3337 = EDGE_LOOP('',(#3338));
#3338 = ORIENTED_EDGE('',*,*,#3339,.T.);
#3339 = EDGE_CURVE('',#3340,#3340,#3342,.T.);
#3340 = VERTEX_POINT('',#3341);
#3341 = CARTESIAN_POINT('',(212.2825,-141.6,0.));
#3342 = CIRCLE('',#3343,0.875);
#3343 = AXIS2_PLACEMENT_3D('',#3344,#3345,#3346);
#3344 = CARTESIAN_POINT('',(212.2825,-140.725,0.));
#3345 = DIRECTION('',(-0.,0.,-1.));
#3346 = DIRECTION('',(-0.,-1.,0.));
#3347 = FACE_BOUND('',#3348,.F.);
#3348 = EDGE_LOOP('',(#3349));
#3349 = ORIENTED_EDGE('',*,*,#3350,.T.);
#3350 = EDGE_CURVE('',#3351,#3351,#3353,.T.);
#3351 = VERTEX_POINT('',#3352);
#3352 = CARTESIAN_POINT('',(203.3925,-139.685,0.));
#3353 = CIRCLE('',#3354,1.5);
#3354 = AXIS2_PLACEMENT_3D('',#3355,#3356,#3357);
#3355 = CARTESIAN_POINT('',(203.3925,-138.185,0.));
#3356 = DIRECTION('',(-0.,0.,-1.));
#3357 = DIRECTION('',(-0.,-1.,0.));
#3358 = FACE_BOUND('',#3359,.F.);
#3359 = EDGE_LOOP('',(#3360));
#3360 = ORIENTED_EDGE('',*,*,#3361,.T.);
#3361 = EDGE_CURVE('',#3362,#3362,#3364,.T.);
#3362 = VERTEX_POINT('',#3363);
#3363 = CARTESIAN_POINT('',(221.1725,-141.6,0.));
#3364 = CIRCLE('',#3365,0.875);
#3365 = AXIS2_PLACEMENT_3D('',#3366,#3367,#3368);
#3366 = CARTESIAN_POINT('',(221.1725,-140.725,0.));
#3367 = DIRECTION('',(-0.,0.,-1.));
#3368 = DIRECTION('',(-0.,-1.,0.));
#3369 = FACE_BOUND('',#3370,.F.);
#3370 = EDGE_LOOP('',(#3371));
#3371 = ORIENTED_EDGE('',*,*,#3372,.T.);
#3372 = EDGE_CURVE('',#3373,#3373,#3375,.T.);
#3373 = VERTEX_POINT('',#3374);
#3374 = CARTESIAN_POINT('',(226.2525,-142.7189,0.));
#3375 = CIRCLE('',#3376,1.9939);
#3376 = AXIS2_PLACEMENT_3D('',#3377,#3378,#3379);
#3377 = CARTESIAN_POINT('',(226.2525,-140.725,0.));
#3378 = DIRECTION('',(-0.,0.,-1.));
#3379 = DIRECTION('',(-0.,-1.,0.));
#3380 = FACE_BOUND('',#3381,.F.);
#3381 = EDGE_LOOP('',(#3382));
#3382 = ORIENTED_EDGE('',*,*,#3383,.T.);
#3383 = EDGE_CURVE('',#3384,#3384,#3386,.T.);
#3384 = VERTEX_POINT('',#3385);
#3385 = CARTESIAN_POINT('',(235.7775,-141.915,0.));
#3386 = CIRCLE('',#3387,0.4);
#3387 = AXIS2_PLACEMENT_3D('',#3388,#3389,#3390);
#3388 = CARTESIAN_POINT('',(235.7775,-141.515,0.));
#3389 = DIRECTION('',(-0.,0.,-1.));
#3390 = DIRECTION('',(-0.,-1.,0.));
#3391 = FACE_BOUND('',#3392,.F.);
#3392 = EDGE_LOOP('',(#3393));
#3393 = ORIENTED_EDGE('',*,*,#3394,.T.);
#3394 = EDGE_CURVE('',#3395,#3395,#3397,.T.);
#3395 = VERTEX_POINT('',#3396);
#3396 = CARTESIAN_POINT('',(231.3325,-141.6,0.));
#3397 = CIRCLE('',#3398,0.875);
#3398 = AXIS2_PLACEMENT_3D('',#3399,#3400,#3401);
#3399 = CARTESIAN_POINT('',(231.3325,-140.725,0.));
#3400 = DIRECTION('',(-0.,0.,-1.));
#3401 = DIRECTION('',(-0.,-1.,0.));
#3402 = FACE_BOUND('',#3403,.F.);
#3403 = EDGE_LOOP('',(#3404));
#3404 = ORIENTED_EDGE('',*,*,#3405,.T.);
#3405 = EDGE_CURVE('',#3406,#3406,#3408,.T.);
#3406 = VERTEX_POINT('',#3407);
#3407 = CARTESIAN_POINT('',(222.4425,-139.685,0.));
#3408 = CIRCLE('',#3409,1.5);
#3409 = AXIS2_PLACEMENT_3D('',#3410,#3411,#3412);
#3410 = CARTESIAN_POINT('',(222.4425,-138.185,0.));
#3411 = DIRECTION('',(-0.,0.,-1.));
#3412 = DIRECTION('',(-0.,-1.,0.));
#3413 = FACE_BOUND('',#3414,.F.);
#3414 = EDGE_LOOP('',(#3415));
#3415 = ORIENTED_EDGE('',*,*,#3416,.T.);
#3416 = EDGE_CURVE('',#3417,#3417,#3419,.T.);
#3417 = VERTEX_POINT('',#3418);
#3418 = CARTESIAN_POINT('',(109.73,-137.145,0.));
#3419 = CIRCLE('',#3420,1.5);
#3420 = AXIS2_PLACEMENT_3D('',#3421,#3422,#3423);
#3421 = CARTESIAN_POINT('',(109.73,-135.645,0.));
#3422 = DIRECTION('',(-0.,0.,-1.));
#3423 = DIRECTION('',(-0.,-1.,0.));
#3424 = FACE_BOUND('',#3425,.F.);
#3425 = EDGE_LOOP('',(#3426));
#3426 = ORIENTED_EDGE('',*,*,#3427,.T.);
#3427 = EDGE_CURVE('',#3428,#3428,#3430,.T.);
#3428 = VERTEX_POINT('',#3429);
#3429 = CARTESIAN_POINT('',(121.158,-133.684,0.));
#3430 = CIRCLE('',#3431,1.35);
#3431 = AXIS2_PLACEMENT_3D('',#3432,#3433,#3434);
#3432 = CARTESIAN_POINT('',(121.158,-132.334,0.));
#3433 = DIRECTION('',(-0.,0.,-1.));
#3434 = DIRECTION('',(-0.,-1.,0.));
#3435 = FACE_BOUND('',#3436,.F.);
#3436 = EDGE_LOOP('',(#3437));
#3437 = ORIENTED_EDGE('',*,*,#3438,.T.);
#3438 = EDGE_CURVE('',#3439,#3439,#3441,.T.);
#3439 = VERTEX_POINT('',#3440);
#3440 = CARTESIAN_POINT('',(111.9475,-130.485,0.));
#3441 = CIRCLE('',#3442,0.4);
#3442 = AXIS2_PLACEMENT_3D('',#3443,#3444,#3445);
#3443 = CARTESIAN_POINT('',(111.9475,-130.085,0.));
#3444 = DIRECTION('',(-0.,0.,-1.));
#3445 = DIRECTION('',(3.5527136788E-14,-1.,-0.));
#3446 = FACE_BOUND('',#3447,.F.);
#3447 = EDGE_LOOP('',(#3448));
#3448 = ORIENTED_EDGE('',*,*,#3449,.T.);
#3449 = EDGE_CURVE('',#3450,#3450,#3452,.T.);
#3450 = VERTEX_POINT('',#3451);
#3451 = CARTESIAN_POINT('',(130.9975,-130.485,0.));
#3452 = CIRCLE('',#3453,0.4);
#3453 = AXIS2_PLACEMENT_3D('',#3454,#3455,#3456);
#3454 = CARTESIAN_POINT('',(130.9975,-130.085,0.));
#3455 = DIRECTION('',(-0.,0.,-1.));
#3456 = DIRECTION('',(-0.,-1.,0.));
#3457 = FACE_BOUND('',#3458,.F.);
#3458 = EDGE_LOOP('',(#3459));
#3459 = ORIENTED_EDGE('',*,*,#3460,.T.);
#3460 = EDGE_CURVE('',#3461,#3461,#3463,.T.);
#3461 = VERTEX_POINT('',#3462);
#3462 = CARTESIAN_POINT('',(133.5425,-137.145,0.));
#3463 = CIRCLE('',#3464,1.5);
#3464 = AXIS2_PLACEMENT_3D('',#3465,#3466,#3467);
#3465 = CARTESIAN_POINT('',(133.5425,-135.645,0.));
#3466 = DIRECTION('',(-0.,0.,-1.));
#3467 = DIRECTION('',(-0.,-1.,0.));
#3468 = FACE_BOUND('',#3469,.F.);
#3469 = EDGE_LOOP('',(#3470));
#3470 = ORIENTED_EDGE('',*,*,#3471,.T.);
#3471 = EDGE_CURVE('',#3472,#3472,#3474,.T.);
#3472 = VERTEX_POINT('',#3473);
#3473 = CARTESIAN_POINT('',(152.5925,-137.145,0.));
#3474 = CIRCLE('',#3475,1.5);
#3475 = AXIS2_PLACEMENT_3D('',#3476,#3477,#3478);
#3476 = CARTESIAN_POINT('',(152.5925,-135.645,0.));
#3477 = DIRECTION('',(-0.,0.,-1.));
#3478 = DIRECTION('',(-0.,-1.,0.));
#3479 = FACE_BOUND('',#3480,.F.);
#3480 = EDGE_LOOP('',(#3481));
#3481 = ORIENTED_EDGE('',*,*,#3482,.T.);
#3482 = EDGE_CURVE('',#3483,#3483,#3485,.T.);
#3483 = VERTEX_POINT('',#3484);
#3484 = CARTESIAN_POINT('',(150.0475,-130.485,0.));
#3485 = CIRCLE('',#3486,0.4);
#3486 = AXIS2_PLACEMENT_3D('',#3487,#3488,#3489);
#3487 = CARTESIAN_POINT('',(150.0475,-130.085,0.));
#3488 = DIRECTION('',(-0.,0.,-1.));
#3489 = DIRECTION('',(-0.,-1.,0.));
#3490 = FACE_BOUND('',#3491,.F.);
#3491 = EDGE_LOOP('',(#3492));
#3492 = ORIENTED_EDGE('',*,*,#3493,.T.);
#3493 = EDGE_CURVE('',#3494,#3494,#3496,.T.);
#3494 = VERTEX_POINT('',#3495);
#3495 = CARTESIAN_POINT('',(111.9475,-122.865,0.));
#3496 = CIRCLE('',#3497,0.4);
#3497 = AXIS2_PLACEMENT_3D('',#3498,#3499,#3500);
#3498 = CARTESIAN_POINT('',(111.9475,-122.465,0.));
#3499 = DIRECTION('',(-0.,0.,-1.));
#3500 = DIRECTION('',(3.5527136788E-14,-1.,-0.));
#3501 = FACE_BOUND('',#3502,.F.);
#3502 = EDGE_LOOP('',(#3503));
#3503 = ORIENTED_EDGE('',*,*,#3504,.T.);
#3504 = EDGE_CURVE('',#3505,#3505,#3507,.T.);
#3505 = VERTEX_POINT('',#3506);
#3506 = CARTESIAN_POINT('',(97.3475,-122.55,0.));
#3507 = CIRCLE('',#3508,0.875);
#3508 = AXIS2_PLACEMENT_3D('',#3509,#3510,#3511);
#3509 = CARTESIAN_POINT('',(97.3475,-121.675,0.));
#3510 = DIRECTION('',(-0.,0.,-1.));
#3511 = DIRECTION('',(-0.,-1.,0.));
#3512 = FACE_BOUND('',#3513,.F.);
#3513 = EDGE_LOOP('',(#3514));
#3514 = ORIENTED_EDGE('',*,*,#3515,.T.);
#3515 = EDGE_CURVE('',#3516,#3516,#3518,.T.);
#3516 = VERTEX_POINT('',#3517);
#3517 = CARTESIAN_POINT('',(102.4275,-123.6689,0.));
#3518 = CIRCLE('',#3519,1.9939);
#3519 = AXIS2_PLACEMENT_3D('',#3520,#3521,#3522);
#3520 = CARTESIAN_POINT('',(102.4275,-121.675,0.));
#3521 = DIRECTION('',(-0.,0.,-1.));
#3522 = DIRECTION('',(-7.127165211496E-15,-1.,0.));
#3523 = FACE_BOUND('',#3524,.F.);
#3524 = EDGE_LOOP('',(#3525));
#3525 = ORIENTED_EDGE('',*,*,#3526,.T.);
#3526 = EDGE_CURVE('',#3527,#3527,#3529,.T.);
#3527 = VERTEX_POINT('',#3528);
#3528 = CARTESIAN_POINT('',(98.6175,-120.635,0.));
#3529 = CIRCLE('',#3530,1.5);
#3530 = AXIS2_PLACEMENT_3D('',#3531,#3532,#3533);
#3531 = CARTESIAN_POINT('',(98.6175,-119.135,0.));
#3532 = DIRECTION('',(-0.,0.,-1.));
#3533 = DIRECTION('',(-0.,-1.,0.));
#3534 = FACE_BOUND('',#3535,.F.);
#3535 = EDGE_LOOP('',(#3536));
#3536 = ORIENTED_EDGE('',*,*,#3537,.T.);
#3537 = EDGE_CURVE('',#3538,#3538,#3540,.T.);
#3538 = VERTEX_POINT('',#3539);
#3539 = CARTESIAN_POINT('',(107.5075,-122.55,0.));
#3540 = CIRCLE('',#3541,0.875);
#3541 = AXIS2_PLACEMENT_3D('',#3542,#3543,#3544);
#3542 = CARTESIAN_POINT('',(107.5075,-121.675,0.));
#3543 = DIRECTION('',(-0.,0.,-1.));
#3544 = DIRECTION('',(-0.,-1.,0.));
#3545 = FACE_BOUND('',#3546,.F.);
#3546 = EDGE_LOOP('',(#3547));
#3547 = ORIENTED_EDGE('',*,*,#3548,.T.);
#3548 = EDGE_CURVE('',#3549,#3549,#3551,.T.);
#3549 = VERTEX_POINT('',#3550);
#3550 = CARTESIAN_POINT('',(130.9975,-122.865,0.));
#3551 = CIRCLE('',#3552,0.4);
#3552 = AXIS2_PLACEMENT_3D('',#3553,#3554,#3555);
#3553 = CARTESIAN_POINT('',(130.9975,-122.465,0.));
#3554 = DIRECTION('',(-0.,0.,-1.));
#3555 = DIRECTION('',(-0.,-1.,0.));
#3556 = FACE_BOUND('',#3557,.F.);
#3557 = EDGE_LOOP('',(#3558));
#3558 = ORIENTED_EDGE('',*,*,#3559,.T.);
#3559 = EDGE_CURVE('',#3560,#3560,#3562,.T.);
#3560 = VERTEX_POINT('',#3561);
#3561 = CARTESIAN_POINT('',(116.3975,-122.55,0.));
#3562 = CIRCLE('',#3563,0.875);
#3563 = AXIS2_PLACEMENT_3D('',#3564,#3565,#3566);
#3564 = CARTESIAN_POINT('',(116.3975,-121.675,0.));
#3565 = DIRECTION('',(-0.,0.,-1.));
#3566 = DIRECTION('',(-0.,-1.,0.));
#3567 = FACE_BOUND('',#3568,.F.);
#3568 = EDGE_LOOP('',(#3569));
#3569 = ORIENTED_EDGE('',*,*,#3570,.T.);
#3570 = EDGE_CURVE('',#3571,#3571,#3573,.T.);
#3571 = VERTEX_POINT('',#3572);
#3572 = CARTESIAN_POINT('',(121.4775,-123.6689,0.));
#3573 = CIRCLE('',#3574,1.9939);
#3574 = AXIS2_PLACEMENT_3D('',#3575,#3576,#3577);
#3575 = CARTESIAN_POINT('',(121.4775,-121.675,0.));
#3576 = DIRECTION('',(-0.,0.,-1.));
#3577 = DIRECTION('',(7.127165211496E-15,-1.,-0.));
#3578 = FACE_BOUND('',#3579,.F.);
#3579 = EDGE_LOOP('',(#3580));
#3580 = ORIENTED_EDGE('',*,*,#3581,.T.);
#3581 = EDGE_CURVE('',#3582,#3582,#3584,.T.);
#3582 = VERTEX_POINT('',#3583);
#3583 = CARTESIAN_POINT('',(117.6675,-120.635,0.));
#3584 = CIRCLE('',#3585,1.5);
#3585 = AXIS2_PLACEMENT_3D('',#3586,#3587,#3588);
#3586 = CARTESIAN_POINT('',(117.6675,-119.135,0.));
#3587 = DIRECTION('',(-0.,0.,-1.));
#3588 = DIRECTION('',(-0.,-1.,0.));
#3589 = FACE_BOUND('',#3590,.F.);
#3590 = EDGE_LOOP('',(#3591));
#3591 = ORIENTED_EDGE('',*,*,#3592,.T.);
#3592 = EDGE_CURVE('',#3593,#3593,#3595,.T.);
#3593 = VERTEX_POINT('',#3594);
#3594 = CARTESIAN_POINT('',(126.5575,-122.55,0.));
#3595 = CIRCLE('',#3596,0.875);
#3596 = AXIS2_PLACEMENT_3D('',#3597,#3598,#3599);
#3597 = CARTESIAN_POINT('',(126.5575,-121.675,0.));
#3598 = DIRECTION('',(-0.,0.,-1.));
#3599 = DIRECTION('',(-0.,-1.,0.));
#3600 = FACE_BOUND('',#3601,.F.);
#3601 = EDGE_LOOP('',(#3602));
#3602 = ORIENTED_EDGE('',*,*,#3603,.T.);
#3603 = EDGE_CURVE('',#3604,#3604,#3606,.T.);
#3604 = VERTEX_POINT('',#3605);
#3605 = CARTESIAN_POINT('',(104.9675,-118.095,0.));
#3606 = CIRCLE('',#3607,1.5);
#3607 = AXIS2_PLACEMENT_3D('',#3608,#3609,#3610);
#3608 = CARTESIAN_POINT('',(104.9675,-116.595,0.));
#3609 = DIRECTION('',(-0.,0.,-1.));
#3610 = DIRECTION('',(-0.,-1.,0.));
#3611 = FACE_BOUND('',#3612,.F.);
#3612 = EDGE_LOOP('',(#3613));
#3613 = ORIENTED_EDGE('',*,*,#3614,.T.);
#3614 = EDGE_CURVE('',#3615,#3615,#3617,.T.);
#3615 = VERTEX_POINT('',#3616);
#3616 = CARTESIAN_POINT('',(124.0175,-118.095,0.));
#3617 = CIRCLE('',#3618,1.5);
#3618 = AXIS2_PLACEMENT_3D('',#3619,#3620,#3621);
#3619 = CARTESIAN_POINT('',(124.0175,-116.595,0.));
#3620 = DIRECTION('',(-0.,0.,-1.));
#3621 = DIRECTION('',(-0.,-1.,0.));
#3622 = FACE_BOUND('',#3623,.F.);
#3623 = EDGE_LOOP('',(#3624));
#3624 = ORIENTED_EDGE('',*,*,#3625,.T.);
#3625 = EDGE_CURVE('',#3626,#3626,#3628,.T.);
#3626 = VERTEX_POINT('',#3627);
#3627 = CARTESIAN_POINT('',(135.4475,-122.55,0.));
#3628 = CIRCLE('',#3629,0.875);
#3629 = AXIS2_PLACEMENT_3D('',#3630,#3631,#3632);
#3630 = CARTESIAN_POINT('',(135.4475,-121.675,0.));
#3631 = DIRECTION('',(-0.,0.,-1.));
#3632 = DIRECTION('',(-0.,-1.,0.));
#3633 = FACE_BOUND('',#3634,.F.);
#3634 = EDGE_LOOP('',(#3635));
#3635 = ORIENTED_EDGE('',*,*,#3636,.T.);
#3636 = EDGE_CURVE('',#3637,#3637,#3639,.T.);
#3637 = VERTEX_POINT('',#3638);
#3638 = CARTESIAN_POINT('',(136.7175,-120.635,0.));
#3639 = CIRCLE('',#3640,1.5);
#3640 = AXIS2_PLACEMENT_3D('',#3641,#3642,#3643);
#3641 = CARTESIAN_POINT('',(136.7175,-119.135,0.));
#3642 = DIRECTION('',(-0.,0.,-1.));
#3643 = DIRECTION('',(-0.,-1.,0.));
#3644 = FACE_BOUND('',#3645,.F.);
#3645 = EDGE_LOOP('',(#3646));
#3646 = ORIENTED_EDGE('',*,*,#3647,.T.);
#3647 = EDGE_CURVE('',#3648,#3648,#3650,.T.);
#3648 = VERTEX_POINT('',#3649);
#3649 = CARTESIAN_POINT('',(140.5275,-123.6689,0.));
#3650 = CIRCLE('',#3651,1.9939);
#3651 = AXIS2_PLACEMENT_3D('',#3652,#3653,#3654);
#3652 = CARTESIAN_POINT('',(140.5275,-121.675,0.));
#3653 = DIRECTION('',(-0.,0.,-1.));
#3654 = DIRECTION('',(-0.,-1.,0.));
#3655 = FACE_BOUND('',#3656,.F.);
#3656 = EDGE_LOOP('',(#3657));
#3657 = ORIENTED_EDGE('',*,*,#3658,.T.);
#3658 = EDGE_CURVE('',#3659,#3659,#3661,.T.);
#3659 = VERTEX_POINT('',#3660);
#3660 = CARTESIAN_POINT('',(145.6075,-122.55,0.));
#3661 = CIRCLE('',#3662,0.875);
#3662 = AXIS2_PLACEMENT_3D('',#3663,#3664,#3665);
#3663 = CARTESIAN_POINT('',(145.6075,-121.675,0.));
#3664 = DIRECTION('',(-0.,0.,-1.));
#3665 = DIRECTION('',(-0.,-1.,0.));
#3666 = FACE_BOUND('',#3667,.F.);
#3667 = EDGE_LOOP('',(#3668));
#3668 = ORIENTED_EDGE('',*,*,#3669,.T.);
#3669 = EDGE_CURVE('',#3670,#3670,#3672,.T.);
#3670 = VERTEX_POINT('',#3671);
#3671 = CARTESIAN_POINT('',(150.0475,-122.865,0.));
#3672 = CIRCLE('',#3673,0.4);
#3673 = AXIS2_PLACEMENT_3D('',#3674,#3675,#3676);
#3674 = CARTESIAN_POINT('',(150.0475,-122.465,0.));
#3675 = DIRECTION('',(-0.,0.,-1.));
#3676 = DIRECTION('',(-0.,-1.,0.));
#3677 = FACE_BOUND('',#3678,.F.);
#3678 = EDGE_LOOP('',(#3679));
#3679 = ORIENTED_EDGE('',*,*,#3680,.T.);
#3680 = EDGE_CURVE('',#3681,#3681,#3683,.T.);
#3681 = VERTEX_POINT('',#3682);
#3682 = CARTESIAN_POINT('',(154.4975,-122.55,0.));
#3683 = CIRCLE('',#3684,0.875);
#3684 = AXIS2_PLACEMENT_3D('',#3685,#3686,#3687);
#3685 = CARTESIAN_POINT('',(154.4975,-121.675,0.));
#3686 = DIRECTION('',(-0.,0.,-1.));
#3687 = DIRECTION('',(-0.,-1.,0.));
#3688 = FACE_BOUND('',#3689,.F.);
#3689 = EDGE_LOOP('',(#3690));
#3690 = ORIENTED_EDGE('',*,*,#3691,.T.);
#3691 = EDGE_CURVE('',#3692,#3692,#3694,.T.);
#3692 = VERTEX_POINT('',#3693);
#3693 = CARTESIAN_POINT('',(155.7675,-120.635,0.));
#3694 = CIRCLE('',#3695,1.5);
#3695 = AXIS2_PLACEMENT_3D('',#3696,#3697,#3698);
#3696 = CARTESIAN_POINT('',(155.7675,-119.135,0.));
#3697 = DIRECTION('',(-0.,0.,-1.));
#3698 = DIRECTION('',(-0.,-1.,0.));
#3699 = FACE_BOUND('',#3700,.F.);
#3700 = EDGE_LOOP('',(#3701));
#3701 = ORIENTED_EDGE('',*,*,#3702,.T.);
#3702 = EDGE_CURVE('',#3703,#3703,#3705,.T.);
#3703 = VERTEX_POINT('',#3704);
#3704 = CARTESIAN_POINT('',(159.5775,-123.6689,0.));
#3705 = CIRCLE('',#3706,1.9939);
#3706 = AXIS2_PLACEMENT_3D('',#3707,#3708,#3709);
#3707 = CARTESIAN_POINT('',(159.5775,-121.675,0.));
#3708 = DIRECTION('',(-0.,0.,-1.));
#3709 = DIRECTION('',(-0.,-1.,0.));
#3710 = FACE_BOUND('',#3711,.F.);
#3711 = EDGE_LOOP('',(#3712));
#3712 = ORIENTED_EDGE('',*,*,#3713,.T.);
#3713 = EDGE_CURVE('',#3714,#3714,#3716,.T.);
#3714 = VERTEX_POINT('',#3715);
#3715 = CARTESIAN_POINT('',(164.6575,-122.55,0.));
#3716 = CIRCLE('',#3717,0.875);
#3717 = AXIS2_PLACEMENT_3D('',#3718,#3719,#3720);
#3718 = CARTESIAN_POINT('',(164.6575,-121.675,0.));
#3719 = DIRECTION('',(-0.,0.,-1.));
#3720 = DIRECTION('',(-0.,-1.,0.));
#3721 = FACE_BOUND('',#3722,.F.);
#3722 = EDGE_LOOP('',(#3723));
#3723 = ORIENTED_EDGE('',*,*,#3724,.T.);
#3724 = EDGE_CURVE('',#3725,#3725,#3727,.T.);
#3725 = VERTEX_POINT('',#3726);
#3726 = CARTESIAN_POINT('',(143.0675,-118.095,0.));
#3727 = CIRCLE('',#3728,1.5);
#3728 = AXIS2_PLACEMENT_3D('',#3729,#3730,#3731);
#3729 = CARTESIAN_POINT('',(143.0675,-116.595,0.));
#3730 = DIRECTION('',(-0.,0.,-1.));
#3731 = DIRECTION('',(-0.,-1.,0.));
#3732 = FACE_BOUND('',#3733,.F.);
#3733 = EDGE_LOOP('',(#3734));
#3734 = ORIENTED_EDGE('',*,*,#3735,.T.);
#3735 = EDGE_CURVE('',#3736,#3736,#3738,.T.);
#3736 = VERTEX_POINT('',#3737);
#3737 = CARTESIAN_POINT('',(162.1175,-118.095,0.));
#3738 = CIRCLE('',#3739,1.5);
#3739 = AXIS2_PLACEMENT_3D('',#3740,#3741,#3742);
#3740 = CARTESIAN_POINT('',(162.1175,-116.595,0.));
#3741 = DIRECTION('',(-0.,0.,-1.));
#3742 = DIRECTION('',(-0.,-1.,0.));
#3743 = FACE_BOUND('',#3744,.F.);
#3744 = EDGE_LOOP('',(#3745));
#3745 = ORIENTED_EDGE('',*,*,#3746,.T.);
#3746 = EDGE_CURVE('',#3747,#3747,#3749,.T.);
#3747 = VERTEX_POINT('',#3748);
#3748 = CARTESIAN_POINT('',(171.6425,-137.145,0.));
#3749 = CIRCLE('',#3750,1.5);
#3750 = AXIS2_PLACEMENT_3D('',#3751,#3752,#3753);
#3751 = CARTESIAN_POINT('',(171.6425,-135.645,0.));
#3752 = DIRECTION('',(-0.,0.,-1.));
#3753 = DIRECTION('',(-0.,-1.,0.));
#3754 = FACE_BOUND('',#3755,.F.);
#3755 = EDGE_LOOP('',(#3756));
#3756 = ORIENTED_EDGE('',*,*,#3757,.T.);
#3757 = EDGE_CURVE('',#3758,#3758,#3760,.T.);
#3758 = VERTEX_POINT('',#3759);
#3759 = CARTESIAN_POINT('',(190.6925,-137.145,0.));
#3760 = CIRCLE('',#3761,1.5);
#3761 = AXIS2_PLACEMENT_3D('',#3762,#3763,#3764);
#3762 = CARTESIAN_POINT('',(190.6925,-135.645,0.));
#3763 = DIRECTION('',(-0.,0.,-1.));
#3764 = DIRECTION('',(-0.,-1.,0.));
#3765 = FACE_BOUND('',#3766,.F.);
#3766 = EDGE_LOOP('',(#3767));
#3767 = ORIENTED_EDGE('',*,*,#3768,.T.);
#3768 = EDGE_CURVE('',#3769,#3769,#3771,.T.);
#3769 = VERTEX_POINT('',#3770);
#3770 = CARTESIAN_POINT('',(169.0975,-130.485,0.));
#3771 = CIRCLE('',#3772,0.4);
#3772 = AXIS2_PLACEMENT_3D('',#3773,#3774,#3775);
#3773 = CARTESIAN_POINT('',(169.0975,-130.085,0.));
#3774 = DIRECTION('',(-0.,0.,-1.));
#3775 = DIRECTION('',(-0.,-1.,0.));
#3776 = FACE_BOUND('',#3777,.F.);
#3777 = EDGE_LOOP('',(#3778));
#3778 = ORIENTED_EDGE('',*,*,#3779,.T.);
#3779 = EDGE_CURVE('',#3780,#3780,#3782,.T.);
#3780 = VERTEX_POINT('',#3781);
#3781 = CARTESIAN_POINT('',(188.1475,-130.485,0.));
#3782 = CIRCLE('',#3783,0.4);
#3783 = AXIS2_PLACEMENT_3D('',#3784,#3785,#3786);
#3784 = CARTESIAN_POINT('',(188.1475,-130.085,0.));
#3785 = DIRECTION('',(-0.,0.,-1.));
#3786 = DIRECTION('',(-0.,-1.,0.));
#3787 = FACE_BOUND('',#3788,.F.);
#3788 = EDGE_LOOP('',(#3789));
#3789 = ORIENTED_EDGE('',*,*,#3790,.T.);
#3790 = EDGE_CURVE('',#3791,#3791,#3793,.T.);
#3791 = VERTEX_POINT('',#3792);
#3792 = CARTESIAN_POINT('',(209.7425,-137.145,0.));
#3793 = CIRCLE('',#3794,1.5);
#3794 = AXIS2_PLACEMENT_3D('',#3795,#3796,#3797);
#3795 = CARTESIAN_POINT('',(209.7425,-135.645,0.));
#3796 = DIRECTION('',(-0.,0.,-1.));
#3797 = DIRECTION('',(-0.,-1.,0.));
#3798 = FACE_BOUND('',#3799,.F.);
#3799 = EDGE_LOOP('',(#3800));
#3800 = ORIENTED_EDGE('',*,*,#3801,.T.);
#3801 = EDGE_CURVE('',#3802,#3802,#3804,.T.);
#3802 = VERTEX_POINT('',#3803);
#3803 = CARTESIAN_POINT('',(228.7925,-137.145,0.));
#3804 = CIRCLE('',#3805,1.5);
#3805 = AXIS2_PLACEMENT_3D('',#3806,#3807,#3808);
#3806 = CARTESIAN_POINT('',(228.7925,-135.645,0.));
#3807 = DIRECTION('',(-0.,0.,-1.));
#3808 = DIRECTION('',(-0.,-1.,0.));
#3809 = FACE_BOUND('',#3810,.F.);
#3810 = EDGE_LOOP('',(#3811));
#3811 = ORIENTED_EDGE('',*,*,#3812,.T.);
#3812 = EDGE_CURVE('',#3813,#3813,#3815,.T.);
#3813 = VERTEX_POINT('',#3814);
#3814 = CARTESIAN_POINT('',(207.1975,-130.485,0.));
#3815 = CIRCLE('',#3816,0.4);
#3816 = AXIS2_PLACEMENT_3D('',#3817,#3818,#3819);
#3817 = CARTESIAN_POINT('',(207.1975,-130.085,0.));
#3818 = DIRECTION('',(-0.,0.,-1.));
#3819 = DIRECTION('',(-0.,-1.,0.));
#3820 = FACE_BOUND('',#3821,.F.);
#3821 = EDGE_LOOP('',(#3822));
#3822 = ORIENTED_EDGE('',*,*,#3823,.T.);
#3823 = EDGE_CURVE('',#3824,#3824,#3826,.T.);
#3824 = VERTEX_POINT('',#3825);
#3825 = CARTESIAN_POINT('',(226.2475,-130.485,0.));
#3826 = CIRCLE('',#3827,0.4);
#3827 = AXIS2_PLACEMENT_3D('',#3828,#3829,#3830);
#3828 = CARTESIAN_POINT('',(226.2475,-130.085,0.));
#3829 = DIRECTION('',(-0.,0.,-1.));
#3830 = DIRECTION('',(-0.,-1.,0.));
#3831 = FACE_BOUND('',#3832,.F.);
#3832 = EDGE_LOOP('',(#3833));
#3833 = ORIENTED_EDGE('',*,*,#3834,.T.);
#3834 = EDGE_CURVE('',#3835,#3835,#3837,.T.);
#3835 = VERTEX_POINT('',#3836);
#3836 = CARTESIAN_POINT('',(169.0975,-122.865,0.));
#3837 = CIRCLE('',#3838,0.4);
#3838 = AXIS2_PLACEMENT_3D('',#3839,#3840,#3841);
#3839 = CARTESIAN_POINT('',(169.0975,-122.465,0.));
#3840 = DIRECTION('',(-0.,0.,-1.));
#3841 = DIRECTION('',(-0.,-1.,0.));
#3842 = FACE_BOUND('',#3843,.F.);
#3843 = EDGE_LOOP('',(#3844));
#3844 = ORIENTED_EDGE('',*,*,#3845,.T.);
#3845 = EDGE_CURVE('',#3846,#3846,#3848,.T.);
#3846 = VERTEX_POINT('',#3847);
#3847 = CARTESIAN_POINT('',(173.5475,-122.55,0.));
#3848 = CIRCLE('',#3849,0.875);
#3849 = AXIS2_PLACEMENT_3D('',#3850,#3851,#3852);
#3850 = CARTESIAN_POINT('',(173.5475,-121.675,0.));
#3851 = DIRECTION('',(-0.,0.,-1.));
#3852 = DIRECTION('',(-0.,-1.,0.));
#3853 = FACE_BOUND('',#3854,.F.);
#3854 = EDGE_LOOP('',(#3855));
#3855 = ORIENTED_EDGE('',*,*,#3856,.T.);
#3856 = EDGE_CURVE('',#3857,#3857,#3859,.T.);
#3857 = VERTEX_POINT('',#3858);
#3858 = CARTESIAN_POINT('',(174.8175,-120.635,0.));
#3859 = CIRCLE('',#3860,1.5);
#3860 = AXIS2_PLACEMENT_3D('',#3861,#3862,#3863);
#3861 = CARTESIAN_POINT('',(174.8175,-119.135,0.));
#3862 = DIRECTION('',(-0.,0.,-1.));
#3863 = DIRECTION('',(-0.,-1.,0.));
#3864 = FACE_BOUND('',#3865,.F.);
#3865 = EDGE_LOOP('',(#3866));
#3866 = ORIENTED_EDGE('',*,*,#3867,.T.);
#3867 = EDGE_CURVE('',#3868,#3868,#3870,.T.);
#3868 = VERTEX_POINT('',#3869);
#3869 = CARTESIAN_POINT('',(178.6275,-123.6689,0.));
#3870 = CIRCLE('',#3871,1.9939);
#3871 = AXIS2_PLACEMENT_3D('',#3872,#3873,#3874);
#3872 = CARTESIAN_POINT('',(178.6275,-121.675,0.));
#3873 = DIRECTION('',(-0.,0.,-1.));
#3874 = DIRECTION('',(-0.,-1.,0.));
#3875 = FACE_BOUND('',#3876,.F.);
#3876 = EDGE_LOOP('',(#3877));
#3877 = ORIENTED_EDGE('',*,*,#3878,.T.);
#3878 = EDGE_CURVE('',#3879,#3879,#3881,.T.);
#3879 = VERTEX_POINT('',#3880);
#3880 = CARTESIAN_POINT('',(183.7075,-122.55,0.));
#3881 = CIRCLE('',#3882,0.875);
#3882 = AXIS2_PLACEMENT_3D('',#3883,#3884,#3885);
#3883 = CARTESIAN_POINT('',(183.7075,-121.675,0.));
#3884 = DIRECTION('',(-0.,0.,-1.));
#3885 = DIRECTION('',(-0.,-1.,0.));
#3886 = FACE_BOUND('',#3887,.F.);
#3887 = EDGE_LOOP('',(#3888));
#3888 = ORIENTED_EDGE('',*,*,#3889,.T.);
#3889 = EDGE_CURVE('',#3890,#3890,#3892,.T.);
#3890 = VERTEX_POINT('',#3891);
#3891 = CARTESIAN_POINT('',(188.1475,-122.865,0.));
#3892 = CIRCLE('',#3893,0.4);
#3893 = AXIS2_PLACEMENT_3D('',#3894,#3895,#3896);
#3894 = CARTESIAN_POINT('',(188.1475,-122.465,0.));
#3895 = DIRECTION('',(-0.,0.,-1.));
#3896 = DIRECTION('',(-0.,-1.,0.));
#3897 = FACE_BOUND('',#3898,.F.);
#3898 = EDGE_LOOP('',(#3899));
#3899 = ORIENTED_EDGE('',*,*,#3900,.T.);
#3900 = EDGE_CURVE('',#3901,#3901,#3903,.T.);
#3901 = VERTEX_POINT('',#3902);
#3902 = CARTESIAN_POINT('',(192.5975,-122.55,0.));
#3903 = CIRCLE('',#3904,0.875);
#3904 = AXIS2_PLACEMENT_3D('',#3905,#3906,#3907);
#3905 = CARTESIAN_POINT('',(192.5975,-121.675,0.));
#3906 = DIRECTION('',(-0.,0.,-1.));
#3907 = DIRECTION('',(-0.,-1.,0.));
#3908 = FACE_BOUND('',#3909,.F.);
#3909 = EDGE_LOOP('',(#3910));
#3910 = ORIENTED_EDGE('',*,*,#3911,.T.);
#3911 = EDGE_CURVE('',#3912,#3912,#3914,.T.);
#3912 = VERTEX_POINT('',#3913);
#3913 = CARTESIAN_POINT('',(197.6775,-123.6689,0.));
#3914 = CIRCLE('',#3915,1.9939);
#3915 = AXIS2_PLACEMENT_3D('',#3916,#3917,#3918);
#3916 = CARTESIAN_POINT('',(197.6775,-121.675,0.));
#3917 = DIRECTION('',(-0.,0.,-1.));
#3918 = DIRECTION('',(-0.,-1.,0.));
#3919 = FACE_BOUND('',#3920,.F.);
#3920 = EDGE_LOOP('',(#3921));
#3921 = ORIENTED_EDGE('',*,*,#3922,.T.);
#3922 = EDGE_CURVE('',#3923,#3923,#3925,.T.);
#3923 = VERTEX_POINT('',#3924);
#3924 = CARTESIAN_POINT('',(193.8675,-120.635,0.));
#3925 = CIRCLE('',#3926,1.5);
#3926 = AXIS2_PLACEMENT_3D('',#3927,#3928,#3929);
#3927 = CARTESIAN_POINT('',(193.8675,-119.135,0.));
#3928 = DIRECTION('',(-0.,0.,-1.));
#3929 = DIRECTION('',(-0.,-1.,0.));
#3930 = FACE_BOUND('',#3931,.F.);
#3931 = EDGE_LOOP('',(#3932));
#3932 = ORIENTED_EDGE('',*,*,#3933,.T.);
#3933 = EDGE_CURVE('',#3934,#3934,#3936,.T.);
#3934 = VERTEX_POINT('',#3935);
#3935 = CARTESIAN_POINT('',(181.1675,-118.095,0.));
#3936 = CIRCLE('',#3937,1.5);
#3937 = AXIS2_PLACEMENT_3D('',#3938,#3939,#3940);
#3938 = CARTESIAN_POINT('',(181.1675,-116.595,0.));
#3939 = DIRECTION('',(-0.,0.,-1.));
#3940 = DIRECTION('',(-0.,-1.,0.));
#3941 = FACE_BOUND('',#3942,.F.);
#3942 = EDGE_LOOP('',(#3943));
#3943 = ORIENTED_EDGE('',*,*,#3944,.T.);
#3944 = EDGE_CURVE('',#3945,#3945,#3947,.T.);
#3945 = VERTEX_POINT('',#3946);
#3946 = CARTESIAN_POINT('',(200.2175,-118.095,0.));
#3947 = CIRCLE('',#3948,1.5);
#3948 = AXIS2_PLACEMENT_3D('',#3949,#3950,#3951);
#3949 = CARTESIAN_POINT('',(200.2175,-116.595,0.));
#3950 = DIRECTION('',(-0.,0.,-1.));
#3951 = DIRECTION('',(-0.,-1.,0.));
#3952 = FACE_BOUND('',#3953,.F.);
#3953 = EDGE_LOOP('',(#3954));
#3954 = ORIENTED_EDGE('',*,*,#3955,.T.);
#3955 = EDGE_CURVE('',#3956,#3956,#3958,.T.);
#3956 = VERTEX_POINT('',#3957);
#3957 = CARTESIAN_POINT('',(207.1975,-122.865,0.));
#3958 = CIRCLE('',#3959,0.4);
#3959 = AXIS2_PLACEMENT_3D('',#3960,#3961,#3962);
#3960 = CARTESIAN_POINT('',(207.1975,-122.465,0.));
#3961 = DIRECTION('',(-0.,0.,-1.));
#3962 = DIRECTION('',(-0.,-1.,0.));
#3963 = FACE_BOUND('',#3964,.F.);
#3964 = EDGE_LOOP('',(#3965));
#3965 = ORIENTED_EDGE('',*,*,#3966,.T.);
#3966 = EDGE_CURVE('',#3967,#3967,#3969,.T.);
#3967 = VERTEX_POINT('',#3968);
#3968 = CARTESIAN_POINT('',(202.7575,-122.55,0.));
#3969 = CIRCLE('',#3970,0.875);
#3970 = AXIS2_PLACEMENT_3D('',#3971,#3972,#3973);
#3971 = CARTESIAN_POINT('',(202.7575,-121.675,0.));
#3972 = DIRECTION('',(-0.,0.,-1.));
#3973 = DIRECTION('',(-0.,-1.,0.));
#3974 = FACE_BOUND('',#3975,.F.);
#3975 = EDGE_LOOP('',(#3976));
#3976 = ORIENTED_EDGE('',*,*,#3977,.T.);
#3977 = EDGE_CURVE('',#3978,#3978,#3980,.T.);
#3978 = VERTEX_POINT('',#3979);
#3979 = CARTESIAN_POINT('',(211.6475,-122.55,0.));
#3980 = CIRCLE('',#3981,0.875);
#3981 = AXIS2_PLACEMENT_3D('',#3982,#3983,#3984);
#3982 = CARTESIAN_POINT('',(211.6475,-121.675,0.));
#3983 = DIRECTION('',(-0.,0.,-1.));
#3984 = DIRECTION('',(-0.,-1.,0.));
#3985 = FACE_BOUND('',#3986,.F.);
#3986 = EDGE_LOOP('',(#3987));
#3987 = ORIENTED_EDGE('',*,*,#3988,.T.);
#3988 = EDGE_CURVE('',#3989,#3989,#3991,.T.);
#3989 = VERTEX_POINT('',#3990);
#3990 = CARTESIAN_POINT('',(216.7275,-123.6689,0.));
#3991 = CIRCLE('',#3992,1.9939);
#3992 = AXIS2_PLACEMENT_3D('',#3993,#3994,#3995);
#3993 = CARTESIAN_POINT('',(216.7275,-121.675,0.));
#3994 = DIRECTION('',(-0.,0.,-1.));
#3995 = DIRECTION('',(-0.,-1.,0.));
#3996 = FACE_BOUND('',#3997,.F.);
#3997 = EDGE_LOOP('',(#3998));
#3998 = ORIENTED_EDGE('',*,*,#3999,.T.);
#3999 = EDGE_CURVE('',#4000,#4000,#4002,.T.);
#4000 = VERTEX_POINT('',#4001);
#4001 = CARTESIAN_POINT('',(212.9175,-120.635,0.));
#4002 = CIRCLE('',#4003,1.5);
#4003 = AXIS2_PLACEMENT_3D('',#4004,#4005,#4006);
#4004 = CARTESIAN_POINT('',(212.9175,-119.135,0.));
#4005 = DIRECTION('',(-0.,0.,-1.));
#4006 = DIRECTION('',(-0.,-1.,0.));
#4007 = FACE_BOUND('',#4008,.F.);
#4008 = EDGE_LOOP('',(#4009));
#4009 = ORIENTED_EDGE('',*,*,#4010,.T.);
#4010 = EDGE_CURVE('',#4011,#4011,#4013,.T.);
#4011 = VERTEX_POINT('',#4012);
#4012 = CARTESIAN_POINT('',(226.2475,-122.865,0.));
#4013 = CIRCLE('',#4014,0.4);
#4014 = AXIS2_PLACEMENT_3D('',#4015,#4016,#4017);
#4015 = CARTESIAN_POINT('',(226.2475,-122.465,0.));
#4016 = DIRECTION('',(-0.,0.,-1.));
#4017 = DIRECTION('',(-0.,-1.,0.));
#4018 = FACE_BOUND('',#4019,.F.);
#4019 = EDGE_LOOP('',(#4020));
#4020 = ORIENTED_EDGE('',*,*,#4021,.T.);
#4021 = EDGE_CURVE('',#4022,#4022,#4024,.T.);
#4022 = VERTEX_POINT('',#4023);
#4023 = CARTESIAN_POINT('',(221.8075,-122.55,0.));
#4024 = CIRCLE('',#4025,0.875);
#4025 = AXIS2_PLACEMENT_3D('',#4026,#4027,#4028);
#4026 = CARTESIAN_POINT('',(221.8075,-121.675,0.));
#4027 = DIRECTION('',(-0.,0.,-1.));
#4028 = DIRECTION('',(-0.,-1.,0.));
#4029 = FACE_BOUND('',#4030,.F.);
#4030 = EDGE_LOOP('',(#4031));
#4031 = ORIENTED_EDGE('',*,*,#4032,.T.);
#4032 = EDGE_CURVE('',#4033,#4033,#4035,.T.);
#4033 = VERTEX_POINT('',#4034);
#4034 = CARTESIAN_POINT('',(230.6975,-122.55,0.));
#4035 = CIRCLE('',#4036,0.875);
#4036 = AXIS2_PLACEMENT_3D('',#4037,#4038,#4039);
#4037 = CARTESIAN_POINT('',(230.6975,-121.675,0.));
#4038 = DIRECTION('',(-0.,0.,-1.));
#4039 = DIRECTION('',(-0.,-1.,0.));
#4040 = FACE_BOUND('',#4041,.F.);
#4041 = EDGE_LOOP('',(#4042));
#4042 = ORIENTED_EDGE('',*,*,#4043,.T.);
#4043 = EDGE_CURVE('',#4044,#4044,#4046,.T.);
#4044 = VERTEX_POINT('',#4045);
#4045 = CARTESIAN_POINT('',(235.7775,-123.6689,0.));
#4046 = CIRCLE('',#4047,1.9939);
#4047 = AXIS2_PLACEMENT_3D('',#4048,#4049,#4050);
#4048 = CARTESIAN_POINT('',(235.7775,-121.675,0.));
#4049 = DIRECTION('',(-0.,0.,-1.));
#4050 = DIRECTION('',(-0.,-1.,0.));
#4051 = FACE_BOUND('',#4052,.F.);
#4052 = EDGE_LOOP('',(#4053));
#4053 = ORIENTED_EDGE('',*,*,#4054,.T.);
#4054 = EDGE_CURVE('',#4055,#4055,#4057,.T.);
#4055 = VERTEX_POINT('',#4056);
#4056 = CARTESIAN_POINT('',(231.9675,-120.635,0.));
#4057 = CIRCLE('',#4058,1.5);
#4058 = AXIS2_PLACEMENT_3D('',#4059,#4060,#4061);
#4059 = CARTESIAN_POINT('',(231.9675,-119.135,0.));
#4060 = DIRECTION('',(-0.,0.,-1.));
#4061 = DIRECTION('',(-0.,-1.,0.));
#4062 = FACE_BOUND('',#4063,.F.);
#4063 = EDGE_LOOP('',(#4064));
#4064 = ORIENTED_EDGE('',*,*,#4065,.T.);
#4065 = EDGE_CURVE('',#4066,#4066,#4068,.T.);
#4066 = VERTEX_POINT('',#4067);
#4067 = CARTESIAN_POINT('',(219.2675,-118.095,0.));
#4068 = CIRCLE('',#4069,1.5);
#4069 = AXIS2_PLACEMENT_3D('',#4070,#4071,#4072);
#4070 = CARTESIAN_POINT('',(219.2675,-116.595,0.));
#4071 = DIRECTION('',(-0.,0.,-1.));
#4072 = DIRECTION('',(-0.,-1.,0.));
#4073 = FACE_BOUND('',#4074,.F.);
#4074 = EDGE_LOOP('',(#4075));
#4075 = ORIENTED_EDGE('',*,*,#4076,.T.);
#4076 = EDGE_CURVE('',#4077,#4077,#4079,.T.);
#4077 = VERTEX_POINT('',#4078);
#4078 = CARTESIAN_POINT('',(240.5375,-160.975,0.));
#4079 = CIRCLE('',#4080,0.4);
#4080 = AXIS2_PLACEMENT_3D('',#4081,#4082,#4083);
#4081 = CARTESIAN_POINT('',(240.5375,-160.575,0.));
#4082 = DIRECTION('',(-0.,0.,-1.));
#4083 = DIRECTION('',(-0.,-1.,0.));
#4084 = FACE_BOUND('',#4085,.F.);
#4085 = EDGE_LOOP('',(#4086));
#4086 = ORIENTED_EDGE('',*,*,#4087,.T.);
#4087 = EDGE_CURVE('',#4088,#4088,#4090,.T.);
#4088 = VERTEX_POINT('',#4089);
#4089 = CARTESIAN_POINT('',(244.985,-160.65,0.));
#4090 = CIRCLE('',#4091,0.875);
#4091 = AXIS2_PLACEMENT_3D('',#4092,#4093,#4094);
#4092 = CARTESIAN_POINT('',(244.985,-159.775,0.));
#4093 = DIRECTION('',(-0.,0.,-1.));
#4094 = DIRECTION('',(-0.,-1.,0.));
#4095 = FACE_BOUND('',#4096,.F.);
#4096 = EDGE_LOOP('',(#4097));
#4097 = ORIENTED_EDGE('',*,*,#4098,.T.);
#4098 = EDGE_CURVE('',#4099,#4099,#4101,.T.);
#4099 = VERTEX_POINT('',#4100);
#4100 = CARTESIAN_POINT('',(250.065,-161.7689,0.));
#4101 = CIRCLE('',#4102,1.9939);
#4102 = AXIS2_PLACEMENT_3D('',#4103,#4104,#4105);
#4103 = CARTESIAN_POINT('',(250.065,-159.775,0.));
#4104 = DIRECTION('',(-0.,0.,-1.));
#4105 = DIRECTION('',(-0.,-1.,0.));
#4106 = FACE_BOUND('',#4107,.F.);
#4107 = EDGE_LOOP('',(#4108));
#4108 = ORIENTED_EDGE('',*,*,#4109,.T.);
#4109 = EDGE_CURVE('',#4110,#4110,#4112,.T.);
#4110 = VERTEX_POINT('',#4111);
#4111 = CARTESIAN_POINT('',(246.255,-158.735,0.));
#4112 = CIRCLE('',#4113,1.5);
#4113 = AXIS2_PLACEMENT_3D('',#4114,#4115,#4116);
#4114 = CARTESIAN_POINT('',(246.255,-157.235,0.));
#4115 = DIRECTION('',(-0.,0.,-1.));
#4116 = DIRECTION('',(-0.,-1.,0.));
#4117 = FACE_BOUND('',#4118,.F.);
#4118 = EDGE_LOOP('',(#4119));
#4119 = ORIENTED_EDGE('',*,*,#4120,.T.);
#4120 = EDGE_CURVE('',#4121,#4121,#4123,.T.);
#4121 = VERTEX_POINT('',#4122);
#4122 = CARTESIAN_POINT('',(255.145,-160.65,0.));
#4123 = CIRCLE('',#4124,0.875);
#4124 = AXIS2_PLACEMENT_3D('',#4125,#4126,#4127);
#4125 = CARTESIAN_POINT('',(255.145,-159.775,0.));
#4126 = DIRECTION('',(-0.,0.,-1.));
#4127 = DIRECTION('',(3.248195363475E-14,-1.,-0.));
#4128 = FACE_BOUND('',#4129,.F.);
#4129 = EDGE_LOOP('',(#4130));
#4130 = ORIENTED_EDGE('',*,*,#4131,.T.);
#4131 = EDGE_CURVE('',#4132,#4132,#4134,.T.);
#4132 = VERTEX_POINT('',#4133);
#4133 = CARTESIAN_POINT('',(259.5875,-160.975,0.));
#4134 = CIRCLE('',#4135,0.4);
#4135 = AXIS2_PLACEMENT_3D('',#4136,#4137,#4138);
#4136 = CARTESIAN_POINT('',(259.5875,-160.575,0.));
#4137 = DIRECTION('',(-0.,0.,-1.));
#4138 = DIRECTION('',(-0.,-1.,0.));
#4139 = FACE_BOUND('',#4140,.F.);
#4140 = EDGE_LOOP('',(#4141));
#4141 = ORIENTED_EDGE('',*,*,#4142,.T.);
#4142 = EDGE_CURVE('',#4143,#4143,#4145,.T.);
#4143 = VERTEX_POINT('',#4144);
#4144 = CARTESIAN_POINT('',(264.035,-160.65,0.));
#4145 = CIRCLE('',#4146,0.875);
#4146 = AXIS2_PLACEMENT_3D('',#4147,#4148,#4149);
#4147 = CARTESIAN_POINT('',(264.035,-159.775,0.));
#4148 = DIRECTION('',(-0.,0.,-1.));
#4149 = DIRECTION('',(-0.,-1.,0.));
#4150 = FACE_BOUND('',#4151,.F.);
#4151 = EDGE_LOOP('',(#4152));
#4152 = ORIENTED_EDGE('',*,*,#4153,.T.);
#4153 = EDGE_CURVE('',#4154,#4154,#4156,.T.);
#4154 = VERTEX_POINT('',#4155);
#4155 = CARTESIAN_POINT('',(269.115,-161.7689,0.));
#4156 = CIRCLE('',#4157,1.9939);
#4157 = AXIS2_PLACEMENT_3D('',#4158,#4159,#4160);
#4158 = CARTESIAN_POINT('',(269.115,-159.775,0.));
#4159 = DIRECTION('',(-0.,0.,-1.));
#4160 = DIRECTION('',(-0.,-1.,0.));
#4161 = FACE_BOUND('',#4162,.F.);
#4162 = EDGE_LOOP('',(#4163));
#4163 = ORIENTED_EDGE('',*,*,#4164,.T.);
#4164 = EDGE_CURVE('',#4165,#4165,#4167,.T.);
#4165 = VERTEX_POINT('',#4166);
#4166 = CARTESIAN_POINT('',(265.305,-158.735,0.));
#4167 = CIRCLE('',#4168,1.5);
#4168 = AXIS2_PLACEMENT_3D('',#4169,#4170,#4171);
#4169 = CARTESIAN_POINT('',(265.305,-157.235,0.));
#4170 = DIRECTION('',(-0.,0.,-1.));
#4171 = DIRECTION('',(-0.,-1.,0.));
#4172 = FACE_BOUND('',#4173,.F.);
#4173 = EDGE_LOOP('',(#4174));
#4174 = ORIENTED_EDGE('',*,*,#4175,.T.);
#4175 = EDGE_CURVE('',#4176,#4176,#4178,.T.);
#4176 = VERTEX_POINT('',#4177);
#4177 = CARTESIAN_POINT('',(252.605,-156.195,0.));
#4178 = CIRCLE('',#4179,1.5);
#4179 = AXIS2_PLACEMENT_3D('',#4180,#4181,#4182);
#4180 = CARTESIAN_POINT('',(252.605,-154.695,0.));
#4181 = DIRECTION('',(-0.,0.,-1.));
#4182 = DIRECTION('',(-0.,-1.,0.));
#4183 = FACE_BOUND('',#4184,.F.);
#4184 = EDGE_LOOP('',(#4185));
#4185 = ORIENTED_EDGE('',*,*,#4186,.T.);
#4186 = EDGE_CURVE('',#4187,#4187,#4189,.T.);
#4187 = VERTEX_POINT('',#4188);
#4188 = CARTESIAN_POINT('',(271.655,-156.195,0.));
#4189 = CIRCLE('',#4190,1.5);
#4190 = AXIS2_PLACEMENT_3D('',#4191,#4192,#4193);
#4191 = CARTESIAN_POINT('',(271.655,-154.695,0.));
#4192 = DIRECTION('',(-0.,0.,-1.));
#4193 = DIRECTION('',(-0.,-1.,0.));
#4194 = FACE_BOUND('',#4195,.F.);
#4195 = EDGE_LOOP('',(#4196));
#4196 = ORIENTED_EDGE('',*,*,#4197,.T.);
#4197 = EDGE_CURVE('',#4198,#4198,#4200,.T.);
#4198 = VERTEX_POINT('',#4199);
#4199 = CARTESIAN_POINT('',(254.8275,-149.535,0.));
#4200 = CIRCLE('',#4201,0.4);
#4201 = AXIS2_PLACEMENT_3D('',#4202,#4203,#4204);
#4202 = CARTESIAN_POINT('',(254.8275,-149.135,0.));
#4203 = DIRECTION('',(-0.,0.,-1.));
#4204 = DIRECTION('',(-0.,-1.,0.));
#4205 = FACE_BOUND('',#4206,.F.);
#4206 = EDGE_LOOP('',(#4207));
#4207 = ORIENTED_EDGE('',*,*,#4208,.T.);
#4208 = EDGE_CURVE('',#4209,#4209,#4211,.T.);
#4209 = VERTEX_POINT('',#4210);
#4210 = CARTESIAN_POINT('',(274.195,-160.65,0.));
#4211 = CIRCLE('',#4212,0.875);
#4212 = AXIS2_PLACEMENT_3D('',#4213,#4214,#4215);
#4213 = CARTESIAN_POINT('',(274.195,-159.775,0.));
#4214 = DIRECTION('',(-0.,0.,-1.));
#4215 = DIRECTION('',(-0.,-1.,0.));
#4216 = FACE_BOUND('',#4217,.F.);
#4217 = EDGE_LOOP('',(#4218));
#4218 = ORIENTED_EDGE('',*,*,#4219,.T.);
#4219 = EDGE_CURVE('',#4220,#4220,#4222,.T.);
#4220 = VERTEX_POINT('',#4221);
#4221 = CARTESIAN_POINT('',(278.6375,-160.975,0.));
#4222 = CIRCLE('',#4223,0.4);
#4223 = AXIS2_PLACEMENT_3D('',#4224,#4225,#4226);
#4224 = CARTESIAN_POINT('',(278.6375,-160.575,0.));
#4225 = DIRECTION('',(-0.,0.,-1.));
#4226 = DIRECTION('',(-1.42108547152E-13,-1.,0.));
#4227 = FACE_BOUND('',#4228,.F.);
#4228 = EDGE_LOOP('',(#4229));
#4229 = ORIENTED_EDGE('',*,*,#4230,.T.);
#4230 = EDGE_CURVE('',#4231,#4231,#4233,.T.);
#4231 = VERTEX_POINT('',#4232);
#4232 = CARTESIAN_POINT('',(283.085,-160.65,0.));
#4233 = CIRCLE('',#4234,0.875);
#4234 = AXIS2_PLACEMENT_3D('',#4235,#4236,#4237);
#4235 = CARTESIAN_POINT('',(283.085,-159.775,0.));
#4236 = DIRECTION('',(-0.,0.,-1.));
#4237 = DIRECTION('',(-0.,-1.,0.));
#4238 = FACE_BOUND('',#4239,.F.);
#4239 = EDGE_LOOP('',(#4240));
#4240 = ORIENTED_EDGE('',*,*,#4241,.T.);
#4241 = EDGE_CURVE('',#4242,#4242,#4244,.T.);
#4242 = VERTEX_POINT('',#4243);
#4243 = CARTESIAN_POINT('',(288.165,-161.7689,0.));
#4244 = CIRCLE('',#4245,1.9939);
#4245 = AXIS2_PLACEMENT_3D('',#4246,#4247,#4248);
#4246 = CARTESIAN_POINT('',(288.165,-159.775,0.));
#4247 = DIRECTION('',(-0.,0.,-1.));
#4248 = DIRECTION('',(-0.,-1.,0.));
#4249 = FACE_BOUND('',#4250,.F.);
#4250 = EDGE_LOOP('',(#4251));
#4251 = ORIENTED_EDGE('',*,*,#4252,.T.);
#4252 = EDGE_CURVE('',#4253,#4253,#4255,.T.);
#4253 = VERTEX_POINT('',#4254);
#4254 = CARTESIAN_POINT('',(284.355,-158.735,0.));
#4255 = CIRCLE('',#4256,1.5);
#4256 = AXIS2_PLACEMENT_3D('',#4257,#4258,#4259);
#4257 = CARTESIAN_POINT('',(284.355,-157.235,0.));
#4258 = DIRECTION('',(-0.,0.,-1.));
#4259 = DIRECTION('',(-0.,-1.,0.));
#4260 = FACE_BOUND('',#4261,.F.);
#4261 = EDGE_LOOP('',(#4262));
#4262 = ORIENTED_EDGE('',*,*,#4263,.T.);
#4263 = EDGE_CURVE('',#4264,#4264,#4266,.T.);
#4264 = VERTEX_POINT('',#4265);
#4265 = CARTESIAN_POINT('',(293.245,-160.65,0.));
#4266 = CIRCLE('',#4267,0.875);
#4267 = AXIS2_PLACEMENT_3D('',#4268,#4269,#4270);
#4268 = CARTESIAN_POINT('',(293.245,-159.775,0.));
#4269 = DIRECTION('',(-0.,0.,-1.));
#4270 = DIRECTION('',(-0.,-1.,0.));
#4271 = FACE_BOUND('',#4272,.F.);
#4272 = EDGE_LOOP('',(#4273));
#4273 = ORIENTED_EDGE('',*,*,#4274,.T.);
#4274 = EDGE_CURVE('',#4275,#4275,#4277,.T.);
#4275 = VERTEX_POINT('',#4276);
#4276 = CARTESIAN_POINT('',(297.6875,-160.975,0.));
#4277 = CIRCLE('',#4278,0.4);
#4278 = AXIS2_PLACEMENT_3D('',#4279,#4280,#4281);
#4279 = CARTESIAN_POINT('',(297.6875,-160.575,0.));
#4280 = DIRECTION('',(-0.,0.,-1.));
#4281 = DIRECTION('',(-0.,-1.,0.));
#4282 = FACE_BOUND('',#4283,.F.);
#4283 = EDGE_LOOP('',(#4284));
#4284 = ORIENTED_EDGE('',*,*,#4285,.T.);
#4285 = EDGE_CURVE('',#4286,#4286,#4288,.T.);
#4286 = VERTEX_POINT('',#4287);
#4287 = CARTESIAN_POINT('',(302.135,-160.65,0.));
#4288 = CIRCLE('',#4289,0.875);
#4289 = AXIS2_PLACEMENT_3D('',#4290,#4291,#4292);
#4290 = CARTESIAN_POINT('',(302.135,-159.775,0.));
#4291 = DIRECTION('',(-0.,0.,-1.));
#4292 = DIRECTION('',(-0.,-1.,0.));
#4293 = FACE_BOUND('',#4294,.F.);
#4294 = EDGE_LOOP('',(#4295));
#4295 = ORIENTED_EDGE('',*,*,#4296,.T.);
#4296 = EDGE_CURVE('',#4297,#4297,#4299,.T.);
#4297 = VERTEX_POINT('',#4298);
#4298 = CARTESIAN_POINT('',(303.405,-158.735,0.));
#4299 = CIRCLE('',#4300,1.5);
#4300 = AXIS2_PLACEMENT_3D('',#4301,#4302,#4303);
#4301 = CARTESIAN_POINT('',(303.405,-157.235,0.));
#4302 = DIRECTION('',(-0.,0.,-1.));
#4303 = DIRECTION('',(-0.,-1.,0.));
#4304 = FACE_BOUND('',#4305,.F.);
#4305 = EDGE_LOOP('',(#4306));
#4306 = ORIENTED_EDGE('',*,*,#4307,.T.);
#4307 = EDGE_CURVE('',#4308,#4308,#4310,.T.);
#4308 = VERTEX_POINT('',#4309);
#4309 = CARTESIAN_POINT('',(278.638,-152.48,0.));
#4310 = CIRCLE('',#4311,1.35);
#4311 = AXIS2_PLACEMENT_3D('',#4312,#4313,#4314);
#4312 = CARTESIAN_POINT('',(278.638,-151.13,0.));
#4313 = DIRECTION('',(-0.,0.,-1.));
#4314 = DIRECTION('',(-4.210623619319E-14,-1.,0.));
#4315 = FACE_BOUND('',#4316,.F.);
#4316 = EDGE_LOOP('',(#4317));
#4317 = ORIENTED_EDGE('',*,*,#4318,.T.);
#4318 = EDGE_CURVE('',#4319,#4319,#4321,.T.);
#4319 = VERTEX_POINT('',#4320);
#4320 = CARTESIAN_POINT('',(273.8775,-149.535,0.));
#4321 = CIRCLE('',#4322,0.4);
#4322 = AXIS2_PLACEMENT_3D('',#4323,#4324,#4325);
#4323 = CARTESIAN_POINT('',(273.8775,-149.135,0.));
#4324 = DIRECTION('',(-0.,0.,-1.));
#4325 = DIRECTION('',(-0.,-1.,0.));
#4326 = FACE_BOUND('',#4327,.F.);
#4327 = EDGE_LOOP('',(#4328));
#4328 = ORIENTED_EDGE('',*,*,#4329,.T.);
#4329 = EDGE_CURVE('',#4330,#4330,#4332,.T.);
#4330 = VERTEX_POINT('',#4331);
#4331 = CARTESIAN_POINT('',(290.705,-156.195,0.));
#4332 = CIRCLE('',#4333,1.5);
#4333 = AXIS2_PLACEMENT_3D('',#4334,#4335,#4336);
#4334 = CARTESIAN_POINT('',(290.705,-154.695,0.));
#4335 = DIRECTION('',(-0.,0.,-1.));
#4336 = DIRECTION('',(-0.,-1.,0.));
#4337 = FACE_BOUND('',#4338,.F.);
#4338 = EDGE_LOOP('',(#4339));
#4339 = ORIENTED_EDGE('',*,*,#4340,.T.);
#4340 = EDGE_CURVE('',#4341,#4341,#4343,.T.);
#4341 = VERTEX_POINT('',#4342);
#4342 = CARTESIAN_POINT('',(292.9275,-149.535,0.));
#4343 = CIRCLE('',#4344,0.4);
#4344 = AXIS2_PLACEMENT_3D('',#4345,#4346,#4347);
#4345 = CARTESIAN_POINT('',(292.9275,-149.135,0.));
#4346 = DIRECTION('',(-0.,0.,-1.));
#4347 = DIRECTION('',(-0.,-1.,0.));
#4348 = FACE_BOUND('',#4349,.F.);
#4349 = EDGE_LOOP('',(#4350));
#4350 = ORIENTED_EDGE('',*,*,#4351,.T.);
#4351 = EDGE_CURVE('',#4352,#4352,#4354,.T.);
#4352 = VERTEX_POINT('',#4353);
#4353 = CARTESIAN_POINT('',(240.2225,-141.6,0.));
#4354 = CIRCLE('',#4355,0.875);
#4355 = AXIS2_PLACEMENT_3D('',#4356,#4357,#4358);
#4356 = CARTESIAN_POINT('',(240.2225,-140.725,0.));
#4357 = DIRECTION('',(-0.,0.,-1.));
#4358 = DIRECTION('',(-0.,-1.,0.));
#4359 = FACE_BOUND('',#4360,.F.);
#4360 = EDGE_LOOP('',(#4361));
#4361 = ORIENTED_EDGE('',*,*,#4362,.T.);
#4362 = EDGE_CURVE('',#4363,#4363,#4365,.T.);
#4363 = VERTEX_POINT('',#4364);
#4364 = CARTESIAN_POINT('',(245.3025,-142.7189,0.));
#4365 = CIRCLE('',#4366,1.9939);
#4366 = AXIS2_PLACEMENT_3D('',#4367,#4368,#4369);
#4367 = CARTESIAN_POINT('',(245.3025,-140.725,0.));
#4368 = DIRECTION('',(-0.,0.,-1.));
#4369 = DIRECTION('',(-0.,-1.,0.));
#4370 = FACE_BOUND('',#4371,.F.);
#4371 = EDGE_LOOP('',(#4372));
#4372 = ORIENTED_EDGE('',*,*,#4373,.T.);
#4373 = EDGE_CURVE('',#4374,#4374,#4376,.T.);
#4374 = VERTEX_POINT('',#4375);
#4375 = CARTESIAN_POINT('',(250.3825,-141.6,0.));
#4376 = CIRCLE('',#4377,0.875);
#4377 = AXIS2_PLACEMENT_3D('',#4378,#4379,#4380);
#4378 = CARTESIAN_POINT('',(250.3825,-140.725,0.));
#4379 = DIRECTION('',(-0.,0.,-1.));
#4380 = DIRECTION('',(-0.,-1.,0.));
#4381 = FACE_BOUND('',#4382,.F.);
#4382 = EDGE_LOOP('',(#4383));
#4383 = ORIENTED_EDGE('',*,*,#4384,.T.);
#4384 = EDGE_CURVE('',#4385,#4385,#4387,.T.);
#4385 = VERTEX_POINT('',#4386);
#4386 = CARTESIAN_POINT('',(241.4925,-139.685,0.));
#4387 = CIRCLE('',#4388,1.5);
#4388 = AXIS2_PLACEMENT_3D('',#4389,#4390,#4391);
#4389 = CARTESIAN_POINT('',(241.4925,-138.185,0.));
#4390 = DIRECTION('',(-0.,0.,-1.));
#4391 = DIRECTION('',(-0.,-1.,0.));
#4392 = FACE_BOUND('',#4393,.F.);
#4393 = EDGE_LOOP('',(#4394));
#4394 = ORIENTED_EDGE('',*,*,#4395,.T.);
#4395 = EDGE_CURVE('',#4396,#4396,#4398,.T.);
#4396 = VERTEX_POINT('',#4397);
#4397 = CARTESIAN_POINT('',(254.8275,-141.915,0.));
#4398 = CIRCLE('',#4399,0.4);
#4399 = AXIS2_PLACEMENT_3D('',#4400,#4401,#4402);
#4400 = CARTESIAN_POINT('',(254.8275,-141.515,0.));
#4401 = DIRECTION('',(-0.,0.,-1.));
#4402 = DIRECTION('',(-0.,-1.,0.));
#4403 = FACE_BOUND('',#4404,.F.);
#4404 = EDGE_LOOP('',(#4405));
#4405 = ORIENTED_EDGE('',*,*,#4406,.T.);
#4406 = EDGE_CURVE('',#4407,#4407,#4409,.T.);
#4407 = VERTEX_POINT('',#4408);
#4408 = CARTESIAN_POINT('',(259.2725,-141.6,0.));
#4409 = CIRCLE('',#4410,0.875);
#4410 = AXIS2_PLACEMENT_3D('',#4411,#4412,#4413);
#4411 = CARTESIAN_POINT('',(259.2725,-140.725,0.));
#4412 = DIRECTION('',(-0.,0.,-1.));
#4413 = DIRECTION('',(-0.,-1.,0.));
#4414 = FACE_BOUND('',#4415,.F.);
#4415 = EDGE_LOOP('',(#4416));
#4416 = ORIENTED_EDGE('',*,*,#4417,.T.);
#4417 = EDGE_CURVE('',#4418,#4418,#4420,.T.);
#4418 = VERTEX_POINT('',#4419);
#4419 = CARTESIAN_POINT('',(264.3525,-142.7189,0.));
#4420 = CIRCLE('',#4421,1.9939);
#4421 = AXIS2_PLACEMENT_3D('',#4422,#4423,#4424);
#4422 = CARTESIAN_POINT('',(264.3525,-140.725,0.));
#4423 = DIRECTION('',(-0.,0.,-1.));
#4424 = DIRECTION('',(-0.,-1.,0.));
#4425 = FACE_BOUND('',#4426,.F.);
#4426 = EDGE_LOOP('',(#4427));
#4427 = ORIENTED_EDGE('',*,*,#4428,.T.);
#4428 = EDGE_CURVE('',#4429,#4429,#4431,.T.);
#4429 = VERTEX_POINT('',#4430);
#4430 = CARTESIAN_POINT('',(269.4325,-141.6,0.));
#4431 = CIRCLE('',#4432,0.875);
#4432 = AXIS2_PLACEMENT_3D('',#4433,#4434,#4435);
#4433 = CARTESIAN_POINT('',(269.4325,-140.725,0.));
#4434 = DIRECTION('',(-0.,0.,-1.));
#4435 = DIRECTION('',(-0.,-1.,0.));
#4436 = FACE_BOUND('',#4437,.F.);
#4437 = EDGE_LOOP('',(#4438));
#4438 = ORIENTED_EDGE('',*,*,#4439,.T.);
#4439 = EDGE_CURVE('',#4440,#4440,#4442,.T.);
#4440 = VERTEX_POINT('',#4441);
#4441 = CARTESIAN_POINT('',(260.5425,-139.685,0.));
#4442 = CIRCLE('',#4443,1.5);
#4443 = AXIS2_PLACEMENT_3D('',#4444,#4445,#4446);
#4444 = CARTESIAN_POINT('',(260.5425,-138.185,0.));
#4445 = DIRECTION('',(-0.,0.,-1.));
#4446 = DIRECTION('',(-0.,-1.,0.));
#4447 = FACE_BOUND('',#4448,.F.);
#4448 = EDGE_LOOP('',(#4449));
#4449 = ORIENTED_EDGE('',*,*,#4450,.T.);
#4450 = EDGE_CURVE('',#4451,#4451,#4453,.T.);
#4451 = VERTEX_POINT('',#4452);
#4452 = CARTESIAN_POINT('',(273.8775,-141.915,0.));
#4453 = CIRCLE('',#4454,0.4);
#4454 = AXIS2_PLACEMENT_3D('',#4455,#4456,#4457);
#4455 = CARTESIAN_POINT('',(273.8775,-141.515,0.));
#4456 = DIRECTION('',(-0.,0.,-1.));
#4457 = DIRECTION('',(-0.,-1.,0.));
#4458 = FACE_BOUND('',#4459,.F.);
#4459 = EDGE_LOOP('',(#4460));
#4460 = ORIENTED_EDGE('',*,*,#4461,.T.);
#4461 = EDGE_CURVE('',#4462,#4462,#4464,.T.);
#4462 = VERTEX_POINT('',#4463);
#4463 = CARTESIAN_POINT('',(278.3225,-141.6,0.));
#4464 = CIRCLE('',#4465,0.875);
#4465 = AXIS2_PLACEMENT_3D('',#4466,#4467,#4468);
#4466 = CARTESIAN_POINT('',(278.3225,-140.725,0.));
#4467 = DIRECTION('',(-0.,0.,-1.));
#4468 = DIRECTION('',(-0.,-1.,0.));
#4469 = FACE_BOUND('',#4470,.F.);
#4470 = EDGE_LOOP('',(#4471));
#4471 = ORIENTED_EDGE('',*,*,#4472,.T.);
#4472 = EDGE_CURVE('',#4473,#4473,#4475,.T.);
#4473 = VERTEX_POINT('',#4474);
#4474 = CARTESIAN_POINT('',(283.4025,-142.7189,0.));
#4475 = CIRCLE('',#4476,1.9939);
#4476 = AXIS2_PLACEMENT_3D('',#4477,#4478,#4479);
#4477 = CARTESIAN_POINT('',(283.4025,-140.725,0.));
#4478 = DIRECTION('',(-0.,0.,-1.));
#4479 = DIRECTION('',(-2.850866084598E-14,-1.,0.));
#4480 = FACE_BOUND('',#4481,.F.);
#4481 = EDGE_LOOP('',(#4482));
#4482 = ORIENTED_EDGE('',*,*,#4483,.T.);
#4483 = EDGE_CURVE('',#4484,#4484,#4486,.T.);
#4484 = VERTEX_POINT('',#4485);
#4485 = CARTESIAN_POINT('',(288.4825,-141.6,0.));
#4486 = CIRCLE('',#4487,0.875);
#4487 = AXIS2_PLACEMENT_3D('',#4488,#4489,#4490);
#4488 = CARTESIAN_POINT('',(288.4825,-140.725,0.));
#4489 = DIRECTION('',(-0.,0.,-1.));
#4490 = DIRECTION('',(-0.,-1.,0.));
#4491 = FACE_BOUND('',#4492,.F.);
#4492 = EDGE_LOOP('',(#4493));
#4493 = ORIENTED_EDGE('',*,*,#4494,.T.);
#4494 = EDGE_CURVE('',#4495,#4495,#4497,.T.);
#4495 = VERTEX_POINT('',#4496);
#4496 = CARTESIAN_POINT('',(279.5925,-139.685,0.));
#4497 = CIRCLE('',#4498,1.5);
#4498 = AXIS2_PLACEMENT_3D('',#4499,#4500,#4501);
#4499 = CARTESIAN_POINT('',(279.5925,-138.185,0.));
#4500 = DIRECTION('',(-0.,0.,-1.));
#4501 = DIRECTION('',(-0.,-1.,0.));
#4502 = FACE_BOUND('',#4503,.F.);
#4503 = EDGE_LOOP('',(#4504));
#4504 = ORIENTED_EDGE('',*,*,#4505,.T.);
#4505 = EDGE_CURVE('',#4506,#4506,#4508,.T.);
#4506 = VERTEX_POINT('',#4507);
#4507 = CARTESIAN_POINT('',(292.9275,-141.915,0.));
#4508 = CIRCLE('',#4509,0.4);
#4509 = AXIS2_PLACEMENT_3D('',#4510,#4511,#4512);
#4510 = CARTESIAN_POINT('',(292.9275,-141.515,0.));
#4511 = DIRECTION('',(-0.,0.,-1.));
#4512 = DIRECTION('',(-0.,-1.,0.));
#4513 = FACE_BOUND('',#4514,.F.);
#4514 = EDGE_LOOP('',(#4515));
#4515 = ORIENTED_EDGE('',*,*,#4516,.T.);
#4516 = EDGE_CURVE('',#4517,#4517,#4519,.T.);
#4517 = VERTEX_POINT('',#4518);
#4518 = CARTESIAN_POINT('',(297.3725,-141.6,0.));
#4519 = CIRCLE('',#4520,0.875);
#4520 = AXIS2_PLACEMENT_3D('',#4521,#4522,#4523);
#4521 = CARTESIAN_POINT('',(297.3725,-140.725,0.));
#4522 = DIRECTION('',(-0.,0.,-1.));
#4523 = DIRECTION('',(-0.,-1.,0.));
#4524 = FACE_BOUND('',#4525,.F.);
#4525 = EDGE_LOOP('',(#4526));
#4526 = ORIENTED_EDGE('',*,*,#4527,.T.);
#4527 = EDGE_CURVE('',#4528,#4528,#4530,.T.);
#4528 = VERTEX_POINT('',#4529);
#4529 = CARTESIAN_POINT('',(302.4525,-142.7189,0.));
#4530 = CIRCLE('',#4531,1.9939);
#4531 = AXIS2_PLACEMENT_3D('',#4532,#4533,#4534);
#4532 = CARTESIAN_POINT('',(302.4525,-140.725,0.));
#4533 = DIRECTION('',(-0.,0.,-1.));
#4534 = DIRECTION('',(-0.,-1.,0.));
#4535 = FACE_BOUND('',#4536,.F.);
#4536 = EDGE_LOOP('',(#4537));
#4537 = ORIENTED_EDGE('',*,*,#4538,.T.);
#4538 = EDGE_CURVE('',#4539,#4539,#4541,.T.);
#4539 = VERTEX_POINT('',#4540);
#4540 = CARTESIAN_POINT('',(298.6425,-139.685,0.));
#4541 = CIRCLE('',#4542,1.5);
#4542 = AXIS2_PLACEMENT_3D('',#4543,#4544,#4545);
#4543 = CARTESIAN_POINT('',(298.6425,-138.185,0.));
#4544 = DIRECTION('',(-0.,0.,-1.));
#4545 = DIRECTION('',(-0.,-1.,0.));
#4546 = FACE_BOUND('',#4547,.F.);
#4547 = EDGE_LOOP('',(#4548));
#4548 = ORIENTED_EDGE('',*,*,#4549,.T.);
#4549 = EDGE_CURVE('',#4550,#4550,#4552,.T.);
#4550 = VERTEX_POINT('',#4551);
#4551 = CARTESIAN_POINT('',(307.215,-161.7689,0.));
#4552 = CIRCLE('',#4553,1.9939);
#4553 = AXIS2_PLACEMENT_3D('',#4554,#4555,#4556);
#4554 = CARTESIAN_POINT('',(307.215,-159.775,0.));
#4555 = DIRECTION('',(-0.,0.,-1.));
#4556 = DIRECTION('',(-2.850866084598E-14,-1.,0.));
#4557 = FACE_BOUND('',#4558,.F.);
#4558 = EDGE_LOOP('',(#4559));
#4559 = ORIENTED_EDGE('',*,*,#4560,.T.);
#4560 = EDGE_CURVE('',#4561,#4561,#4563,.T.);
#4561 = VERTEX_POINT('',#4562);
#4562 = CARTESIAN_POINT('',(312.295,-160.65,0.));
#4563 = CIRCLE('',#4564,0.875);
#4564 = AXIS2_PLACEMENT_3D('',#4565,#4566,#4567);
#4565 = CARTESIAN_POINT('',(312.295,-159.775,0.));
#4566 = DIRECTION('',(-0.,0.,-1.));
#4567 = DIRECTION('',(-0.,-1.,0.));
#4568 = FACE_BOUND('',#4569,.F.);
#4569 = EDGE_LOOP('',(#4570));
#4570 = ORIENTED_EDGE('',*,*,#4571,.T.);
#4571 = EDGE_CURVE('',#4572,#4572,#4574,.T.);
#4572 = VERTEX_POINT('',#4573);
#4573 = CARTESIAN_POINT('',(316.7375,-160.975,0.));
#4574 = CIRCLE('',#4575,0.4);
#4575 = AXIS2_PLACEMENT_3D('',#4576,#4577,#4578);
#4576 = CARTESIAN_POINT('',(316.7375,-160.575,0.));
#4577 = DIRECTION('',(-0.,0.,-1.));
#4578 = DIRECTION('',(1.42108547152E-13,-1.,-0.));
#4579 = FACE_BOUND('',#4580,.F.);
#4580 = EDGE_LOOP('',(#4581));
#4581 = ORIENTED_EDGE('',*,*,#4582,.T.);
#4582 = EDGE_CURVE('',#4583,#4583,#4585,.T.);
#4583 = VERTEX_POINT('',#4584);
#4584 = CARTESIAN_POINT('',(321.185,-160.65,0.));
#4585 = CIRCLE('',#4586,0.875);
#4586 = AXIS2_PLACEMENT_3D('',#4587,#4588,#4589);
#4587 = CARTESIAN_POINT('',(321.185,-159.775,0.));
#4588 = DIRECTION('',(-0.,0.,-1.));
#4589 = DIRECTION('',(-0.,-1.,0.));
#4590 = FACE_BOUND('',#4591,.F.);
#4591 = EDGE_LOOP('',(#4592));
#4592 = ORIENTED_EDGE('',*,*,#4593,.T.);
#4593 = EDGE_CURVE('',#4594,#4594,#4596,.T.);
#4594 = VERTEX_POINT('',#4595);
#4595 = CARTESIAN_POINT('',(322.455,-158.735,0.));
#4596 = CIRCLE('',#4597,1.5);
#4597 = AXIS2_PLACEMENT_3D('',#4598,#4599,#4600);
#4598 = CARTESIAN_POINT('',(322.455,-157.235,0.));
#4599 = DIRECTION('',(-0.,0.,-1.));
#4600 = DIRECTION('',(-0.,-1.,0.));
#4601 = FACE_BOUND('',#4602,.F.);
#4602 = EDGE_LOOP('',(#4603));
#4603 = ORIENTED_EDGE('',*,*,#4604,.T.);
#4604 = EDGE_CURVE('',#4605,#4605,#4607,.T.);
#4605 = VERTEX_POINT('',#4606);
#4606 = CARTESIAN_POINT('',(326.265,-161.7689,0.));
#4607 = CIRCLE('',#4608,1.9939);
#4608 = AXIS2_PLACEMENT_3D('',#4609,#4610,#4611);
#4609 = CARTESIAN_POINT('',(326.265,-159.775,0.));
#4610 = DIRECTION('',(-0.,0.,-1.));
#4611 = DIRECTION('',(-0.,-1.,0.));
#4612 = FACE_BOUND('',#4613,.F.);
#4613 = EDGE_LOOP('',(#4614));
#4614 = ORIENTED_EDGE('',*,*,#4615,.T.);
#4615 = EDGE_CURVE('',#4616,#4616,#4618,.T.);
#4616 = VERTEX_POINT('',#4617);
#4617 = CARTESIAN_POINT('',(331.345,-160.65,0.));
#4618 = CIRCLE('',#4619,0.875);
#4619 = AXIS2_PLACEMENT_3D('',#4620,#4621,#4622);
#4620 = CARTESIAN_POINT('',(331.345,-159.775,0.));
#4621 = DIRECTION('',(-0.,0.,-1.));
#4622 = DIRECTION('',(-0.,-1.,0.));
#4623 = FACE_BOUND('',#4624,.F.);
#4624 = EDGE_LOOP('',(#4625));
#4625 = ORIENTED_EDGE('',*,*,#4626,.T.);
#4626 = EDGE_CURVE('',#4627,#4627,#4629,.T.);
#4627 = VERTEX_POINT('',#4628);
#4628 = CARTESIAN_POINT('',(335.7875,-160.975,0.));
#4629 = CIRCLE('',#4630,0.4);
#4630 = AXIS2_PLACEMENT_3D('',#4631,#4632,#4633);
#4631 = CARTESIAN_POINT('',(335.7875,-160.575,0.));
#4632 = DIRECTION('',(-0.,0.,-1.));
#4633 = DIRECTION('',(-0.,-1.,0.));
#4634 = FACE_BOUND('',#4635,.F.);
#4635 = EDGE_LOOP('',(#4636));
#4636 = ORIENTED_EDGE('',*,*,#4637,.T.);
#4637 = EDGE_CURVE('',#4638,#4638,#4640,.T.);
#4638 = VERTEX_POINT('',#4639);
#4639 = CARTESIAN_POINT('',(309.755,-156.195,0.));
#4640 = CIRCLE('',#4641,1.5);
#4641 = AXIS2_PLACEMENT_3D('',#4642,#4643,#4644);
#4642 = CARTESIAN_POINT('',(309.755,-154.695,0.));
#4643 = DIRECTION('',(-0.,0.,-1.));
#4644 = DIRECTION('',(-0.,-1.,0.));
#4645 = FACE_BOUND('',#4646,.F.);
#4646 = EDGE_LOOP('',(#4647));
#4647 = ORIENTED_EDGE('',*,*,#4648,.T.);
#4648 = EDGE_CURVE('',#4649,#4649,#4651,.T.);
#4649 = VERTEX_POINT('',#4650);
#4650 = CARTESIAN_POINT('',(311.9775,-149.535,0.));
#4651 = CIRCLE('',#4652,0.4);
#4652 = AXIS2_PLACEMENT_3D('',#4653,#4654,#4655);
#4653 = CARTESIAN_POINT('',(311.9775,-149.135,0.));
#4654 = DIRECTION('',(-0.,0.,-1.));
#4655 = DIRECTION('',(1.42108547152E-13,-1.,-0.));
#4656 = FACE_BOUND('',#4657,.F.);
#4657 = EDGE_LOOP('',(#4658));
#4658 = ORIENTED_EDGE('',*,*,#4659,.T.);
#4659 = EDGE_CURVE('',#4660,#4660,#4662,.T.);
#4660 = VERTEX_POINT('',#4661);
#4661 = CARTESIAN_POINT('',(328.805,-156.195,0.));
#4662 = CIRCLE('',#4663,1.5);
#4663 = AXIS2_PLACEMENT_3D('',#4664,#4665,#4666);
#4664 = CARTESIAN_POINT('',(328.805,-154.695,0.));
#4665 = DIRECTION('',(-0.,0.,-1.));
#4666 = DIRECTION('',(-0.,-1.,0.));
#4667 = FACE_BOUND('',#4668,.F.);
#4668 = EDGE_LOOP('',(#4669));
#4669 = ORIENTED_EDGE('',*,*,#4670,.T.);
#4670 = EDGE_CURVE('',#4671,#4671,#4673,.T.);
#4671 = VERTEX_POINT('',#4672);
#4672 = CARTESIAN_POINT('',(331.0275,-149.535,0.));
#4673 = CIRCLE('',#4674,0.4);
#4674 = AXIS2_PLACEMENT_3D('',#4675,#4676,#4677);
#4675 = CARTESIAN_POINT('',(331.0275,-149.135,0.));
#4676 = DIRECTION('',(-0.,0.,-1.));
#4677 = DIRECTION('',(-1.42108547152E-13,-1.,0.));
#4678 = FACE_BOUND('',#4679,.F.);
#4679 = EDGE_LOOP('',(#4680));
#4680 = ORIENTED_EDGE('',*,*,#4681,.T.);
#4681 = EDGE_CURVE('',#4682,#4682,#4684,.T.);
#4682 = VERTEX_POINT('',#4683);
#4683 = CARTESIAN_POINT('',(352.14125,-160.65,0.));
#4684 = CIRCLE('',#4685,0.875);
#4685 = AXIS2_PLACEMENT_3D('',#4686,#4687,#4688);
#4686 = CARTESIAN_POINT('',(352.14125,-159.775,0.));
#4687 = DIRECTION('',(-0.,0.,-1.));
#4688 = DIRECTION('',(-0.,-1.,0.));
#4689 = FACE_BOUND('',#4690,.F.);
#4690 = EDGE_LOOP('',(#4691));
#4691 = ORIENTED_EDGE('',*,*,#4692,.T.);
#4692 = EDGE_CURVE('',#4693,#4693,#4695,.T.);
#4693 = VERTEX_POINT('',#4694);
#4694 = CARTESIAN_POINT('',(357.22125,-161.7689,0.));
#4695 = CIRCLE('',#4696,1.9939);
#4696 = AXIS2_PLACEMENT_3D('',#4697,#4698,#4699);
#4697 = CARTESIAN_POINT('',(357.22125,-159.775,0.));
#4698 = DIRECTION('',(-0.,0.,-1.));
#4699 = DIRECTION('',(-0.,-1.,0.));
#4700 = FACE_BOUND('',#4701,.F.);
#4701 = EDGE_LOOP('',(#4702));
#4702 = ORIENTED_EDGE('',*,*,#4703,.T.);
#4703 = EDGE_CURVE('',#4704,#4704,#4706,.T.);
#4704 = VERTEX_POINT('',#4705);
#4705 = CARTESIAN_POINT('',(353.41125,-158.735,0.));
#4706 = CIRCLE('',#4707,1.5);
#4707 = AXIS2_PLACEMENT_3D('',#4708,#4709,#4710);
#4708 = CARTESIAN_POINT('',(353.41125,-157.235,0.));
#4709 = DIRECTION('',(-0.,0.,-1.));
#4710 = DIRECTION('',(-0.,-1.,0.));
#4711 = FACE_BOUND('',#4712,.F.);
#4712 = EDGE_LOOP('',(#4713));
#4713 = ORIENTED_EDGE('',*,*,#4714,.T.);
#4714 = EDGE_CURVE('',#4715,#4715,#4717,.T.);
#4715 = VERTEX_POINT('',#4716);
#4716 = CARTESIAN_POINT('',(362.30125,-160.65,0.));
#4717 = CIRCLE('',#4718,0.875);
#4718 = AXIS2_PLACEMENT_3D('',#4719,#4720,#4721);
#4719 = CARTESIAN_POINT('',(362.30125,-159.775,0.));
#4720 = DIRECTION('',(-0.,0.,-1.));
#4721 = DIRECTION('',(-0.,-1.,0.));
#4722 = FACE_BOUND('',#4723,.F.);
#4723 = EDGE_LOOP('',(#4724));
#4724 = ORIENTED_EDGE('',*,*,#4725,.T.);
#4725 = EDGE_CURVE('',#4726,#4726,#4728,.T.);
#4726 = VERTEX_POINT('',#4727);
#4727 = CARTESIAN_POINT('',(373.41875,-160.975,0.));
#4728 = CIRCLE('',#4729,0.4);
#4729 = AXIS2_PLACEMENT_3D('',#4730,#4731,#4732);
#4730 = CARTESIAN_POINT('',(373.41875,-160.575,0.));
#4731 = DIRECTION('',(-0.,0.,-1.));
#4732 = DIRECTION('',(-1.42108547152E-13,-1.,0.));
#4733 = FACE_BOUND('',#4734,.F.);
#4734 = EDGE_LOOP('',(#4735));
#4735 = ORIENTED_EDGE('',*,*,#4736,.T.);
#4736 = EDGE_CURVE('',#4737,#4737,#4739,.T.);
#4737 = VERTEX_POINT('',#4738);
#4738 = CARTESIAN_POINT('',(345.315,-154.314,0.));
#4739 = CIRCLE('',#4740,1.524);
#4740 = AXIS2_PLACEMENT_3D('',#4741,#4742,#4743);
#4741 = CARTESIAN_POINT('',(345.315,-152.79,0.));
#4742 = DIRECTION('',(-0.,0.,-1.));
#4743 = DIRECTION('',(-0.,-1.,0.));
#4744 = FACE_BOUND('',#4745,.F.);
#4745 = EDGE_LOOP('',(#4746));
#4746 = ORIENTED_EDGE('',*,*,#4747,.T.);
#4747 = EDGE_CURVE('',#4748,#4748,#4750,.T.);
#4748 = VERTEX_POINT('',#4749);
#4749 = CARTESIAN_POINT('',(350.0775,-149.535,0.));
#4750 = CIRCLE('',#4751,0.4);
#4751 = AXIS2_PLACEMENT_3D('',#4752,#4753,#4754);
#4752 = CARTESIAN_POINT('',(350.0775,-149.135,0.));
#4753 = DIRECTION('',(-0.,0.,-1.));
#4754 = DIRECTION('',(-0.,-1.,0.));
#4755 = FACE_BOUND('',#4756,.F.);
#4756 = EDGE_LOOP('',(#4757));
#4757 = ORIENTED_EDGE('',*,*,#4758,.T.);
#4758 = EDGE_CURVE('',#4759,#4759,#4761,.T.);
#4759 = VERTEX_POINT('',#4760);
#4760 = CARTESIAN_POINT('',(359.76125,-156.195,0.));
#4761 = CIRCLE('',#4762,1.5);
#4762 = AXIS2_PLACEMENT_3D('',#4763,#4764,#4765);
#4763 = CARTESIAN_POINT('',(359.76125,-154.695,0.));
#4764 = DIRECTION('',(-0.,0.,-1.));
#4765 = DIRECTION('',(-0.,-1.,0.));
#4766 = FACE_BOUND('',#4767,.F.);
#4767 = EDGE_LOOP('',(#4768));
#4768 = ORIENTED_EDGE('',*,*,#4769,.T.);
#4769 = EDGE_CURVE('',#4770,#4770,#4772,.T.);
#4770 = VERTEX_POINT('',#4771);
#4771 = CARTESIAN_POINT('',(369.1275,-154.314,0.));
#4772 = CIRCLE('',#4773,1.524);
#4773 = AXIS2_PLACEMENT_3D('',#4774,#4775,#4776);
#4774 = CARTESIAN_POINT('',(369.1275,-152.79,0.));
#4775 = DIRECTION('',(-0.,0.,-1.));
#4776 = DIRECTION('',(-0.,-1.,0.));
#4777 = FACE_BOUND('',#4778,.F.);
#4778 = EDGE_LOOP('',(#4779));
#4779 = ORIENTED_EDGE('',*,*,#4780,.T.);
#4780 = EDGE_CURVE('',#4781,#4781,#4783,.T.);
#4781 = VERTEX_POINT('',#4782);
#4782 = CARTESIAN_POINT('',(373.89,-149.535,0.));
#4783 = CIRCLE('',#4784,0.4);
#4784 = AXIS2_PLACEMENT_3D('',#4785,#4786,#4787);
#4785 = CARTESIAN_POINT('',(373.89,-149.135,0.));
#4786 = DIRECTION('',(-0.,0.,-1.));
#4787 = DIRECTION('',(-0.,-1.,0.));
#4788 = FACE_BOUND('',#4789,.F.);
#4789 = EDGE_LOOP('',(#4790));
#4790 = ORIENTED_EDGE('',*,*,#4791,.T.);
#4791 = EDGE_CURVE('',#4792,#4792,#4794,.T.);
#4792 = VERTEX_POINT('',#4793);
#4793 = CARTESIAN_POINT('',(311.9775,-141.915,0.));
#4794 = CIRCLE('',#4795,0.4);
#4795 = AXIS2_PLACEMENT_3D('',#4796,#4797,#4798);
#4796 = CARTESIAN_POINT('',(311.9775,-141.515,0.));
#4797 = DIRECTION('',(-0.,0.,-1.));
#4798 = DIRECTION('',(1.42108547152E-13,-1.,-0.));
#4799 = FACE_BOUND('',#4800,.F.);
#4800 = EDGE_LOOP('',(#4801));
#4801 = ORIENTED_EDGE('',*,*,#4802,.T.);
#4802 = EDGE_CURVE('',#4803,#4803,#4805,.T.);
#4803 = VERTEX_POINT('',#4804);
#4804 = CARTESIAN_POINT('',(307.5325,-141.6,0.));
#4805 = CIRCLE('',#4806,0.875);
#4806 = AXIS2_PLACEMENT_3D('',#4807,#4808,#4809);
#4807 = CARTESIAN_POINT('',(307.5325,-140.725,0.));
#4808 = DIRECTION('',(-0.,0.,-1.));
#4809 = DIRECTION('',(-0.,-1.,0.));
#4810 = FACE_BOUND('',#4811,.F.);
#4811 = EDGE_LOOP('',(#4812));
#4812 = ORIENTED_EDGE('',*,*,#4813,.T.);
#4813 = EDGE_CURVE('',#4814,#4814,#4816,.T.);
#4814 = VERTEX_POINT('',#4815);
#4815 = CARTESIAN_POINT('',(316.4225,-141.6,0.));
#4816 = CIRCLE('',#4817,0.875);
#4817 = AXIS2_PLACEMENT_3D('',#4818,#4819,#4820);
#4818 = CARTESIAN_POINT('',(316.4225,-140.725,0.));
#4819 = DIRECTION('',(-0.,0.,-1.));
#4820 = DIRECTION('',(-0.,-1.,0.));
#4821 = FACE_BOUND('',#4822,.F.);
#4822 = EDGE_LOOP('',(#4823));
#4823 = ORIENTED_EDGE('',*,*,#4824,.T.);
#4824 = EDGE_CURVE('',#4825,#4825,#4827,.T.);
#4825 = VERTEX_POINT('',#4826);
#4826 = CARTESIAN_POINT('',(321.5025,-142.7189,0.));
#4827 = CIRCLE('',#4828,1.9939);
#4828 = AXIS2_PLACEMENT_3D('',#4829,#4830,#4831);
#4829 = CARTESIAN_POINT('',(321.5025,-140.725,0.));
#4830 = DIRECTION('',(-0.,0.,-1.));
#4831 = DIRECTION('',(-0.,-1.,0.));
#4832 = FACE_BOUND('',#4833,.F.);
#4833 = EDGE_LOOP('',(#4834));
#4834 = ORIENTED_EDGE('',*,*,#4835,.T.);
#4835 = EDGE_CURVE('',#4836,#4836,#4838,.T.);
#4836 = VERTEX_POINT('',#4837);
#4837 = CARTESIAN_POINT('',(317.6925,-139.685,0.));
#4838 = CIRCLE('',#4839,1.5);
#4839 = AXIS2_PLACEMENT_3D('',#4840,#4841,#4842);
#4840 = CARTESIAN_POINT('',(317.6925,-138.185,0.));
#4841 = DIRECTION('',(-0.,0.,-1.));
#4842 = DIRECTION('',(-0.,-1.,0.));
#4843 = FACE_BOUND('',#4844,.F.);
#4844 = EDGE_LOOP('',(#4845));
#4845 = ORIENTED_EDGE('',*,*,#4846,.T.);
#4846 = EDGE_CURVE('',#4847,#4847,#4849,.T.);
#4847 = VERTEX_POINT('',#4848);
#4848 = CARTESIAN_POINT('',(331.0275,-141.915,0.));
#4849 = CIRCLE('',#4850,0.4);
#4850 = AXIS2_PLACEMENT_3D('',#4851,#4852,#4853);
#4851 = CARTESIAN_POINT('',(331.0275,-141.515,0.));
#4852 = DIRECTION('',(-0.,0.,-1.));
#4853 = DIRECTION('',(-1.42108547152E-13,-1.,0.));
#4854 = FACE_BOUND('',#4855,.F.);
#4855 = EDGE_LOOP('',(#4856));
#4856 = ORIENTED_EDGE('',*,*,#4857,.T.);
#4857 = EDGE_CURVE('',#4858,#4858,#4860,.T.);
#4858 = VERTEX_POINT('',#4859);
#4859 = CARTESIAN_POINT('',(326.5825,-141.6,0.));
#4860 = CIRCLE('',#4861,0.875);
#4861 = AXIS2_PLACEMENT_3D('',#4862,#4863,#4864);
#4862 = CARTESIAN_POINT('',(326.5825,-140.725,0.));
#4863 = DIRECTION('',(-0.,0.,-1.));
#4864 = DIRECTION('',(-0.,-1.,0.));
#4865 = FACE_BOUND('',#4866,.F.);
#4866 = EDGE_LOOP('',(#4867));
#4867 = ORIENTED_EDGE('',*,*,#4868,.T.);
#4868 = EDGE_CURVE('',#4869,#4869,#4871,.T.);
#4869 = VERTEX_POINT('',#4870);
#4870 = CARTESIAN_POINT('',(335.4725,-141.6,0.));
#4871 = CIRCLE('',#4872,0.875);
#4872 = AXIS2_PLACEMENT_3D('',#4873,#4874,#4875);
#4873 = CARTESIAN_POINT('',(335.4725,-140.725,0.));
#4874 = DIRECTION('',(-0.,0.,-1.));
#4875 = DIRECTION('',(-0.,-1.,0.));
#4876 = FACE_BOUND('',#4877,.F.);
#4877 = EDGE_LOOP('',(#4878));
#4878 = ORIENTED_EDGE('',*,*,#4879,.T.);
#4879 = EDGE_CURVE('',#4880,#4880,#4882,.T.);
#4880 = VERTEX_POINT('',#4881);
#4881 = CARTESIAN_POINT('',(340.5525,-142.7189,0.));
#4882 = CIRCLE('',#4883,1.9939);
#4883 = AXIS2_PLACEMENT_3D('',#4884,#4885,#4886);
#4884 = CARTESIAN_POINT('',(340.5525,-140.725,0.));
#4885 = DIRECTION('',(-0.,0.,-1.));
#4886 = DIRECTION('',(-0.,-1.,0.));
#4887 = FACE_BOUND('',#4888,.F.);
#4888 = EDGE_LOOP('',(#4889));
#4889 = ORIENTED_EDGE('',*,*,#4890,.T.);
#4890 = EDGE_CURVE('',#4891,#4891,#4893,.T.);
#4891 = VERTEX_POINT('',#4892);
#4892 = CARTESIAN_POINT('',(336.7425,-139.685,0.));
#4893 = CIRCLE('',#4894,1.5);
#4894 = AXIS2_PLACEMENT_3D('',#4895,#4896,#4897);
#4895 = CARTESIAN_POINT('',(336.7425,-138.185,0.));
#4896 = DIRECTION('',(-0.,0.,-1.));
#4897 = DIRECTION('',(-0.,-1.,0.));
#4898 = FACE_BOUND('',#4899,.F.);
#4899 = EDGE_LOOP('',(#4900));
#4900 = ORIENTED_EDGE('',*,*,#4901,.T.);
#4901 = EDGE_CURVE('',#4902,#4902,#4904,.T.);
#4902 = VERTEX_POINT('',#4903);
#4903 = CARTESIAN_POINT('',(350.0775,-141.915,0.));
#4904 = CIRCLE('',#4905,0.4);
#4905 = AXIS2_PLACEMENT_3D('',#4906,#4907,#4908);
#4906 = CARTESIAN_POINT('',(350.0775,-141.515,0.));
#4907 = DIRECTION('',(-0.,0.,-1.));
#4908 = DIRECTION('',(-0.,-1.,0.));
#4909 = FACE_BOUND('',#4910,.F.);
#4910 = EDGE_LOOP('',(#4911));
#4911 = ORIENTED_EDGE('',*,*,#4912,.T.);
#4912 = EDGE_CURVE('',#4913,#4913,#4915,.T.);
#4913 = VERTEX_POINT('',#4914);
#4914 = CARTESIAN_POINT('',(345.6325,-141.6,0.));
#4915 = CIRCLE('',#4916,0.875);
#4916 = AXIS2_PLACEMENT_3D('',#4917,#4918,#4919);
#4917 = CARTESIAN_POINT('',(345.6325,-140.725,0.));
#4918 = DIRECTION('',(-0.,0.,-1.));
#4919 = DIRECTION('',(-0.,-1.,0.));
#4920 = FACE_BOUND('',#4921,.F.);
#4921 = EDGE_LOOP('',(#4922));
#4922 = ORIENTED_EDGE('',*,*,#4923,.T.);
#4923 = EDGE_CURVE('',#4924,#4924,#4926,.T.);
#4924 = VERTEX_POINT('',#4925);
#4925 = CARTESIAN_POINT('',(359.285,-141.6,0.));
#4926 = CIRCLE('',#4927,0.875);
#4927 = AXIS2_PLACEMENT_3D('',#4928,#4929,#4930);
#4928 = CARTESIAN_POINT('',(359.285,-140.725,0.));
#4929 = DIRECTION('',(-0.,0.,-1.));
#4930 = DIRECTION('',(-0.,-1.,0.));
#4931 = FACE_BOUND('',#4932,.F.);
#4932 = EDGE_LOOP('',(#4933));
#4933 = ORIENTED_EDGE('',*,*,#4934,.T.);
#4934 = EDGE_CURVE('',#4935,#4935,#4937,.T.);
#4935 = VERTEX_POINT('',#4936);
#4936 = CARTESIAN_POINT('',(351.918,-138.436,0.));
#4937 = CIRCLE('',#4938,1.35);
#4938 = AXIS2_PLACEMENT_3D('',#4939,#4940,#4941);
#4939 = CARTESIAN_POINT('',(351.918,-137.086,0.));
#4940 = DIRECTION('',(-0.,0.,-1.));
#4941 = DIRECTION('',(-0.,-1.,0.));
#4942 = FACE_BOUND('',#4943,.F.);
#4943 = EDGE_LOOP('',(#4944));
#4944 = ORIENTED_EDGE('',*,*,#4945,.T.);
#4945 = EDGE_CURVE('',#4946,#4946,#4948,.T.);
#4946 = VERTEX_POINT('',#4947);
#4947 = CARTESIAN_POINT('',(364.365,-142.7189,0.));
#4948 = CIRCLE('',#4949,1.9939);
#4949 = AXIS2_PLACEMENT_3D('',#4950,#4951,#4952);
#4950 = CARTESIAN_POINT('',(364.365,-140.725,0.));
#4951 = DIRECTION('',(-0.,0.,-1.));
#4952 = DIRECTION('',(-0.,-1.,0.));
#4953 = FACE_BOUND('',#4954,.F.);
#4954 = EDGE_LOOP('',(#4955));
#4955 = ORIENTED_EDGE('',*,*,#4956,.T.);
#4956 = EDGE_CURVE('',#4957,#4957,#4959,.T.);
#4957 = VERTEX_POINT('',#4958);
#4958 = CARTESIAN_POINT('',(373.89,-141.915,0.));
#4959 = CIRCLE('',#4960,0.4);
#4960 = AXIS2_PLACEMENT_3D('',#4961,#4962,#4963);
#4961 = CARTESIAN_POINT('',(373.89,-141.515,0.));
#4962 = DIRECTION('',(-0.,0.,-1.));
#4963 = DIRECTION('',(-0.,-1.,0.));
#4964 = FACE_BOUND('',#4965,.F.);
#4965 = EDGE_LOOP('',(#4966));
#4966 = ORIENTED_EDGE('',*,*,#4967,.T.);
#4967 = EDGE_CURVE('',#4968,#4968,#4970,.T.);
#4968 = VERTEX_POINT('',#4969);
#4969 = CARTESIAN_POINT('',(369.445,-141.6,0.));
#4970 = CIRCLE('',#4971,0.875);
#4971 = AXIS2_PLACEMENT_3D('',#4972,#4973,#4974);
#4972 = CARTESIAN_POINT('',(369.445,-140.725,0.));
#4973 = DIRECTION('',(-0.,0.,-1.));
#4974 = DIRECTION('',(-0.,-1.,0.));
#4975 = FACE_BOUND('',#4976,.F.);
#4976 = EDGE_LOOP('',(#4977));
#4977 = ORIENTED_EDGE('',*,*,#4978,.T.);
#4978 = EDGE_CURVE('',#4979,#4979,#4981,.T.);
#4979 = VERTEX_POINT('',#4980);
#4980 = CARTESIAN_POINT('',(360.555,-139.685,0.));
#4981 = CIRCLE('',#4982,1.5);
#4982 = AXIS2_PLACEMENT_3D('',#4983,#4984,#4985);
#4983 = CARTESIAN_POINT('',(360.555,-138.185,0.));
#4984 = DIRECTION('',(-0.,0.,-1.));
#4985 = DIRECTION('',(-0.,-1.,0.));
#4986 = FACE_BOUND('',#4987,.F.);
#4987 = EDGE_LOOP('',(#4988));
#4988 = ORIENTED_EDGE('',*,*,#4989,.T.);
#4989 = EDGE_CURVE('',#4990,#4990,#4992,.T.);
#4990 = VERTEX_POINT('',#4991);
#4991 = CARTESIAN_POINT('',(247.8425,-137.145,0.));
#4992 = CIRCLE('',#4993,1.5);
#4993 = AXIS2_PLACEMENT_3D('',#4994,#4995,#4996);
#4994 = CARTESIAN_POINT('',(247.8425,-135.645,0.));
#4995 = DIRECTION('',(-0.,0.,-1.));
#4996 = DIRECTION('',(-0.,-1.,0.));
#4997 = FACE_BOUND('',#4998,.F.);
#4998 = EDGE_LOOP('',(#4999));
#4999 = ORIENTED_EDGE('',*,*,#5000,.T.);
#5000 = EDGE_CURVE('',#5001,#5001,#5003,.T.);
#5001 = VERTEX_POINT('',#5002);
#5002 = CARTESIAN_POINT('',(266.8925,-137.145,0.));
#5003 = CIRCLE('',#5004,1.5);
#5004 = AXIS2_PLACEMENT_3D('',#5005,#5006,#5007);
#5005 = CARTESIAN_POINT('',(266.8925,-135.645,0.));
#5006 = DIRECTION('',(-0.,0.,-1.));
#5007 = DIRECTION('',(-0.,-1.,0.));
#5008 = FACE_BOUND('',#5009,.F.);
#5009 = EDGE_LOOP('',(#5010));
#5010 = ORIENTED_EDGE('',*,*,#5011,.T.);
#5011 = EDGE_CURVE('',#5012,#5012,#5014,.T.);
#5012 = VERTEX_POINT('',#5013);
#5013 = CARTESIAN_POINT('',(245.2975,-130.485,0.));
#5014 = CIRCLE('',#5015,0.4);
#5015 = AXIS2_PLACEMENT_3D('',#5016,#5017,#5018);
#5016 = CARTESIAN_POINT('',(245.2975,-130.085,0.));
#5017 = DIRECTION('',(-0.,0.,-1.));
#5018 = DIRECTION('',(-0.,-1.,0.));
#5019 = FACE_BOUND('',#5020,.F.);
#5020 = EDGE_LOOP('',(#5021));
#5021 = ORIENTED_EDGE('',*,*,#5022,.T.);
#5022 = EDGE_CURVE('',#5023,#5023,#5025,.T.);
#5023 = VERTEX_POINT('',#5024);
#5024 = CARTESIAN_POINT('',(264.3475,-130.485,0.));
#5025 = CIRCLE('',#5026,0.4);
#5026 = AXIS2_PLACEMENT_3D('',#5027,#5028,#5029);
#5027 = CARTESIAN_POINT('',(264.3475,-130.085,0.));
#5028 = DIRECTION('',(-0.,0.,-1.));
#5029 = DIRECTION('',(1.42108547152E-13,-1.,-0.));
#5030 = FACE_BOUND('',#5031,.F.);
#5031 = EDGE_LOOP('',(#5032));
#5032 = ORIENTED_EDGE('',*,*,#5033,.T.);
#5033 = EDGE_CURVE('',#5034,#5034,#5036,.T.);
#5034 = VERTEX_POINT('',#5035);
#5035 = CARTESIAN_POINT('',(285.9425,-137.145,0.));
#5036 = CIRCLE('',#5037,1.5);
#5037 = AXIS2_PLACEMENT_3D('',#5038,#5039,#5040);
#5038 = CARTESIAN_POINT('',(285.9425,-135.645,0.));
#5039 = DIRECTION('',(-0.,0.,-1.));
#5040 = DIRECTION('',(-0.,-1.,0.));
#5041 = FACE_BOUND('',#5042,.F.);
#5042 = EDGE_LOOP('',(#5043));
#5043 = ORIENTED_EDGE('',*,*,#5044,.T.);
#5044 = EDGE_CURVE('',#5045,#5045,#5047,.T.);
#5045 = VERTEX_POINT('',#5046);
#5046 = CARTESIAN_POINT('',(304.9925,-137.145,0.));
#5047 = CIRCLE('',#5048,1.5);
#5048 = AXIS2_PLACEMENT_3D('',#5049,#5050,#5051);
#5049 = CARTESIAN_POINT('',(304.9925,-135.645,0.));
#5050 = DIRECTION('',(-0.,0.,-1.));
#5051 = DIRECTION('',(-0.,-1.,0.));
#5052 = FACE_BOUND('',#5053,.F.);
#5053 = EDGE_LOOP('',(#5054));
#5054 = ORIENTED_EDGE('',*,*,#5055,.T.);
#5055 = EDGE_CURVE('',#5056,#5056,#5058,.T.);
#5056 = VERTEX_POINT('',#5057);
#5057 = CARTESIAN_POINT('',(283.3975,-130.485,0.));
#5058 = CIRCLE('',#5059,0.4);
#5059 = AXIS2_PLACEMENT_3D('',#5060,#5061,#5062);
#5060 = CARTESIAN_POINT('',(283.3975,-130.085,0.));
#5061 = DIRECTION('',(-0.,0.,-1.));
#5062 = DIRECTION('',(-1.42108547152E-13,-1.,0.));
#5063 = FACE_BOUND('',#5064,.F.);
#5064 = EDGE_LOOP('',(#5065));
#5065 = ORIENTED_EDGE('',*,*,#5066,.T.);
#5066 = EDGE_CURVE('',#5067,#5067,#5069,.T.);
#5067 = VERTEX_POINT('',#5068);
#5068 = CARTESIAN_POINT('',(302.4475,-130.485,0.));
#5069 = CIRCLE('',#5070,0.4);
#5070 = AXIS2_PLACEMENT_3D('',#5071,#5072,#5073);
#5071 = CARTESIAN_POINT('',(302.4475,-130.085,0.));
#5072 = DIRECTION('',(-0.,0.,-1.));
#5073 = DIRECTION('',(-0.,-1.,0.));
#5074 = FACE_BOUND('',#5075,.F.);
#5075 = EDGE_LOOP('',(#5076));
#5076 = ORIENTED_EDGE('',*,*,#5077,.T.);
#5077 = EDGE_CURVE('',#5078,#5078,#5080,.T.);
#5078 = VERTEX_POINT('',#5079);
#5079 = CARTESIAN_POINT('',(245.2975,-122.865,0.));
#5080 = CIRCLE('',#5081,0.4);
#5081 = AXIS2_PLACEMENT_3D('',#5082,#5083,#5084);
#5082 = CARTESIAN_POINT('',(245.2975,-122.465,0.));
#5083 = DIRECTION('',(-0.,0.,-1.));
#5084 = DIRECTION('',(-0.,-1.,0.));
#5085 = FACE_BOUND('',#5086,.F.);
#5086 = EDGE_LOOP('',(#5087));
#5087 = ORIENTED_EDGE('',*,*,#5088,.T.);
#5088 = EDGE_CURVE('',#5089,#5089,#5091,.T.);
#5089 = VERTEX_POINT('',#5090);
#5090 = CARTESIAN_POINT('',(240.8575,-122.55,0.));
#5091 = CIRCLE('',#5092,0.875);
#5092 = AXIS2_PLACEMENT_3D('',#5093,#5094,#5095);
#5093 = CARTESIAN_POINT('',(240.8575,-121.675,0.));
#5094 = DIRECTION('',(-0.,0.,-1.));
#5095 = DIRECTION('',(-0.,-1.,0.));
#5096 = FACE_BOUND('',#5097,.F.);
#5097 = EDGE_LOOP('',(#5098));
#5098 = ORIENTED_EDGE('',*,*,#5099,.T.);
#5099 = EDGE_CURVE('',#5100,#5100,#5102,.T.);
#5100 = VERTEX_POINT('',#5101);
#5101 = CARTESIAN_POINT('',(249.7475,-122.55,0.));
#5102 = CIRCLE('',#5103,0.875);
#5103 = AXIS2_PLACEMENT_3D('',#5104,#5105,#5106);
#5104 = CARTESIAN_POINT('',(249.7475,-121.675,0.));
#5105 = DIRECTION('',(-0.,0.,-1.));
#5106 = DIRECTION('',(-0.,-1.,0.));
#5107 = FACE_BOUND('',#5108,.F.);
#5108 = EDGE_LOOP('',(#5109));
#5109 = ORIENTED_EDGE('',*,*,#5110,.T.);
#5110 = EDGE_CURVE('',#5111,#5111,#5113,.T.);
#5111 = VERTEX_POINT('',#5112);
#5112 = CARTESIAN_POINT('',(251.0175,-120.635,0.));
#5113 = CIRCLE('',#5114,1.5);
#5114 = AXIS2_PLACEMENT_3D('',#5115,#5116,#5117);
#5115 = CARTESIAN_POINT('',(251.0175,-119.135,0.));
#5116 = DIRECTION('',(-0.,0.,-1.));
#5117 = DIRECTION('',(-0.,-1.,0.));
#5118 = FACE_BOUND('',#5119,.F.);
#5119 = EDGE_LOOP('',(#5120));
#5120 = ORIENTED_EDGE('',*,*,#5121,.T.);
#5121 = EDGE_CURVE('',#5122,#5122,#5124,.T.);
#5122 = VERTEX_POINT('',#5123);
#5123 = CARTESIAN_POINT('',(264.3475,-122.865,0.));
#5124 = CIRCLE('',#5125,0.4);
#5125 = AXIS2_PLACEMENT_3D('',#5126,#5127,#5128);
#5126 = CARTESIAN_POINT('',(264.3475,-122.465,0.));
#5127 = DIRECTION('',(-0.,0.,-1.));
#5128 = DIRECTION('',(1.42108547152E-13,-1.,-0.));
#5129 = FACE_BOUND('',#5130,.F.);
#5130 = EDGE_LOOP('',(#5131));
#5131 = ORIENTED_EDGE('',*,*,#5132,.T.);
#5132 = EDGE_CURVE('',#5133,#5133,#5135,.T.);
#5133 = VERTEX_POINT('',#5134);
#5134 = CARTESIAN_POINT('',(254.8275,-123.6689,0.));
#5135 = CIRCLE('',#5136,1.9939);
#5136 = AXIS2_PLACEMENT_3D('',#5137,#5138,#5139);
#5137 = CARTESIAN_POINT('',(254.8275,-121.675,0.));
#5138 = DIRECTION('',(-0.,0.,-1.));
#5139 = DIRECTION('',(-0.,-1.,0.));
#5140 = FACE_BOUND('',#5141,.F.);
#5141 = EDGE_LOOP('',(#5142));
#5142 = ORIENTED_EDGE('',*,*,#5143,.T.);
#5143 = EDGE_CURVE('',#5144,#5144,#5146,.T.);
#5144 = VERTEX_POINT('',#5145);
#5145 = CARTESIAN_POINT('',(259.9075,-122.55,0.));
#5146 = CIRCLE('',#5147,0.875);
#5147 = AXIS2_PLACEMENT_3D('',#5148,#5149,#5150);
#5148 = CARTESIAN_POINT('',(259.9075,-121.675,0.));
#5149 = DIRECTION('',(-0.,0.,-1.));
#5150 = DIRECTION('',(-0.,-1.,0.));
#5151 = FACE_BOUND('',#5152,.F.);
#5152 = EDGE_LOOP('',(#5153));
#5153 = ORIENTED_EDGE('',*,*,#5154,.T.);
#5154 = EDGE_CURVE('',#5155,#5155,#5157,.T.);
#5155 = VERTEX_POINT('',#5156);
#5156 = CARTESIAN_POINT('',(268.7975,-122.55,0.));
#5157 = CIRCLE('',#5158,0.875);
#5158 = AXIS2_PLACEMENT_3D('',#5159,#5160,#5161);
#5159 = CARTESIAN_POINT('',(268.7975,-121.675,0.));
#5160 = DIRECTION('',(-0.,0.,-1.));
#5161 = DIRECTION('',(-0.,-1.,0.));
#5162 = FACE_BOUND('',#5163,.F.);
#5163 = EDGE_LOOP('',(#5164));
#5164 = ORIENTED_EDGE('',*,*,#5165,.T.);
#5165 = EDGE_CURVE('',#5166,#5166,#5168,.T.);
#5166 = VERTEX_POINT('',#5167);
#5167 = CARTESIAN_POINT('',(270.0675,-120.635,0.));
#5168 = CIRCLE('',#5169,1.5);
#5169 = AXIS2_PLACEMENT_3D('',#5170,#5171,#5172);
#5170 = CARTESIAN_POINT('',(270.0675,-119.135,0.));
#5171 = DIRECTION('',(-0.,0.,-1.));
#5172 = DIRECTION('',(-0.,-1.,0.));
#5173 = FACE_BOUND('',#5174,.F.);
#5174 = EDGE_LOOP('',(#5175));
#5175 = ORIENTED_EDGE('',*,*,#5176,.T.);
#5176 = EDGE_CURVE('',#5177,#5177,#5179,.T.);
#5177 = VERTEX_POINT('',#5178);
#5178 = CARTESIAN_POINT('',(238.3175,-118.095,0.));
#5179 = CIRCLE('',#5180,1.5);
#5180 = AXIS2_PLACEMENT_3D('',#5181,#5182,#5183);
#5181 = CARTESIAN_POINT('',(238.3175,-116.595,0.));
#5182 = DIRECTION('',(-0.,0.,-1.));
#5183 = DIRECTION('',(-0.,-1.,0.));
#5184 = FACE_BOUND('',#5185,.F.);
#5185 = EDGE_LOOP('',(#5186));
#5186 = ORIENTED_EDGE('',*,*,#5187,.T.);
#5187 = EDGE_CURVE('',#5188,#5188,#5190,.T.);
#5188 = VERTEX_POINT('',#5189);
#5189 = CARTESIAN_POINT('',(257.3675,-118.095,0.));
#5190 = CIRCLE('',#5191,1.5);
#5191 = AXIS2_PLACEMENT_3D('',#5192,#5193,#5194);
#5192 = CARTESIAN_POINT('',(257.3675,-116.595,0.));
#5193 = DIRECTION('',(-0.,0.,-1.));
#5194 = DIRECTION('',(-0.,-1.,0.));
#5195 = FACE_BOUND('',#5196,.F.);
#5196 = EDGE_LOOP('',(#5197));
#5197 = ORIENTED_EDGE('',*,*,#5198,.T.);
#5198 = EDGE_CURVE('',#5199,#5199,#5201,.T.);
#5199 = VERTEX_POINT('',#5200);
#5200 = CARTESIAN_POINT('',(283.3975,-122.865,0.));
#5201 = CIRCLE('',#5202,0.4);
#5202 = AXIS2_PLACEMENT_3D('',#5203,#5204,#5205);
#5203 = CARTESIAN_POINT('',(283.3975,-122.465,0.));
#5204 = DIRECTION('',(-0.,0.,-1.));
#5205 = DIRECTION('',(-1.42108547152E-13,-1.,0.));
#5206 = FACE_BOUND('',#5207,.F.);
#5207 = EDGE_LOOP('',(#5208));
#5208 = ORIENTED_EDGE('',*,*,#5209,.T.);
#5209 = EDGE_CURVE('',#5210,#5210,#5212,.T.);
#5210 = VERTEX_POINT('',#5211);
#5211 = CARTESIAN_POINT('',(273.8775,-123.6689,0.));
#5212 = CIRCLE('',#5213,1.9939);
#5213 = AXIS2_PLACEMENT_3D('',#5214,#5215,#5216);
#5214 = CARTESIAN_POINT('',(273.8775,-121.675,0.));
#5215 = DIRECTION('',(-0.,0.,-1.));
#5216 = DIRECTION('',(-0.,-1.,0.));
#5217 = FACE_BOUND('',#5218,.F.);
#5218 = EDGE_LOOP('',(#5219));
#5219 = ORIENTED_EDGE('',*,*,#5220,.T.);
#5220 = EDGE_CURVE('',#5221,#5221,#5223,.T.);
#5221 = VERTEX_POINT('',#5222);
#5222 = CARTESIAN_POINT('',(278.9575,-122.55,0.));
#5223 = CIRCLE('',#5224,0.875);
#5224 = AXIS2_PLACEMENT_3D('',#5225,#5226,#5227);
#5225 = CARTESIAN_POINT('',(278.9575,-121.675,0.));
#5226 = DIRECTION('',(-0.,0.,-1.));
#5227 = DIRECTION('',(-0.,-1.,0.));
#5228 = FACE_BOUND('',#5229,.F.);
#5229 = EDGE_LOOP('',(#5230));
#5230 = ORIENTED_EDGE('',*,*,#5231,.T.);
#5231 = EDGE_CURVE('',#5232,#5232,#5234,.T.);
#5232 = VERTEX_POINT('',#5233);
#5233 = CARTESIAN_POINT('',(287.8475,-122.55,0.));
#5234 = CIRCLE('',#5235,0.875);
#5235 = AXIS2_PLACEMENT_3D('',#5236,#5237,#5238);
#5236 = CARTESIAN_POINT('',(287.8475,-121.675,0.));
#5237 = DIRECTION('',(-0.,0.,-1.));
#5238 = DIRECTION('',(-0.,-1.,0.));
#5239 = FACE_BOUND('',#5240,.F.);
#5240 = EDGE_LOOP('',(#5241));
#5241 = ORIENTED_EDGE('',*,*,#5242,.T.);
#5242 = EDGE_CURVE('',#5243,#5243,#5245,.T.);
#5243 = VERTEX_POINT('',#5244);
#5244 = CARTESIAN_POINT('',(289.1175,-120.635,0.));
#5245 = CIRCLE('',#5246,1.5);
#5246 = AXIS2_PLACEMENT_3D('',#5247,#5248,#5249);
#5247 = CARTESIAN_POINT('',(289.1175,-119.135,0.));
#5248 = DIRECTION('',(-0.,0.,-1.));
#5249 = DIRECTION('',(-0.,-1.,0.));
#5250 = FACE_BOUND('',#5251,.F.);
#5251 = EDGE_LOOP('',(#5252));
#5252 = ORIENTED_EDGE('',*,*,#5253,.T.);
#5253 = EDGE_CURVE('',#5254,#5254,#5256,.T.);
#5254 = VERTEX_POINT('',#5255);
#5255 = CARTESIAN_POINT('',(302.4475,-122.865,0.));
#5256 = CIRCLE('',#5257,0.4);
#5257 = AXIS2_PLACEMENT_3D('',#5258,#5259,#5260);
#5258 = CARTESIAN_POINT('',(302.4475,-122.465,0.));
#5259 = DIRECTION('',(-0.,0.,-1.));
#5260 = DIRECTION('',(-0.,-1.,0.));
#5261 = FACE_BOUND('',#5262,.F.);
#5262 = EDGE_LOOP('',(#5263));
#5263 = ORIENTED_EDGE('',*,*,#5264,.T.);
#5264 = EDGE_CURVE('',#5265,#5265,#5267,.T.);
#5265 = VERTEX_POINT('',#5266);
#5266 = CARTESIAN_POINT('',(292.9275,-123.6689,0.));
#5267 = CIRCLE('',#5268,1.9939);
#5268 = AXIS2_PLACEMENT_3D('',#5269,#5270,#5271);
#5269 = CARTESIAN_POINT('',(292.9275,-121.675,0.));
#5270 = DIRECTION('',(-0.,0.,-1.));
#5271 = DIRECTION('',(-0.,-1.,0.));
#5272 = FACE_BOUND('',#5273,.F.);
#5273 = EDGE_LOOP('',(#5274));
#5274 = ORIENTED_EDGE('',*,*,#5275,.T.);
#5275 = EDGE_CURVE('',#5276,#5276,#5278,.T.);
#5276 = VERTEX_POINT('',#5277);
#5277 = CARTESIAN_POINT('',(298.0075,-122.55,0.));
#5278 = CIRCLE('',#5279,0.875);
#5279 = AXIS2_PLACEMENT_3D('',#5280,#5281,#5282);
#5280 = CARTESIAN_POINT('',(298.0075,-121.675,0.));
#5281 = DIRECTION('',(-0.,0.,-1.));
#5282 = DIRECTION('',(-0.,-1.,0.));
#5283 = FACE_BOUND('',#5284,.F.);
#5284 = EDGE_LOOP('',(#5285));
#5285 = ORIENTED_EDGE('',*,*,#5286,.T.);
#5286 = EDGE_CURVE('',#5287,#5287,#5289,.T.);
#5287 = VERTEX_POINT('',#5288);
#5288 = CARTESIAN_POINT('',(306.8975,-122.55,0.));
#5289 = CIRCLE('',#5290,0.875);
#5290 = AXIS2_PLACEMENT_3D('',#5291,#5292,#5293);
#5291 = CARTESIAN_POINT('',(306.8975,-121.675,0.));
#5292 = DIRECTION('',(-0.,0.,-1.));
#5293 = DIRECTION('',(-0.,-1.,0.));
#5294 = FACE_BOUND('',#5295,.F.);
#5295 = EDGE_LOOP('',(#5296));
#5296 = ORIENTED_EDGE('',*,*,#5297,.T.);
#5297 = EDGE_CURVE('',#5298,#5298,#5300,.T.);
#5298 = VERTEX_POINT('',#5299);
#5299 = CARTESIAN_POINT('',(276.4175,-118.095,0.));
#5300 = CIRCLE('',#5301,1.5);
#5301 = AXIS2_PLACEMENT_3D('',#5302,#5303,#5304);
#5302 = CARTESIAN_POINT('',(276.4175,-116.595,0.));
#5303 = DIRECTION('',(-0.,0.,-1.));
#5304 = DIRECTION('',(-0.,-1.,0.));
#5305 = FACE_BOUND('',#5306,.F.);
#5306 = EDGE_LOOP('',(#5307));
#5307 = ORIENTED_EDGE('',*,*,#5308,.T.);
#5308 = EDGE_CURVE('',#5309,#5309,#5311,.T.);
#5309 = VERTEX_POINT('',#5310);
#5310 = CARTESIAN_POINT('',(295.4675,-118.095,0.));
#5311 = CIRCLE('',#5312,1.5);
#5312 = AXIS2_PLACEMENT_3D('',#5313,#5314,#5315);
#5313 = CARTESIAN_POINT('',(295.4675,-116.595,0.));
#5314 = DIRECTION('',(-0.,0.,-1.));
#5315 = DIRECTION('',(-0.,-1.,0.));
#5316 = FACE_BOUND('',#5317,.F.);
#5317 = EDGE_LOOP('',(#5318));
#5318 = ORIENTED_EDGE('',*,*,#5319,.T.);
#5319 = EDGE_CURVE('',#5320,#5320,#5322,.T.);
#5320 = VERTEX_POINT('',#5321);
#5321 = CARTESIAN_POINT('',(324.0425,-137.145,0.));
#5322 = CIRCLE('',#5323,1.5);
#5323 = AXIS2_PLACEMENT_3D('',#5324,#5325,#5326);
#5324 = CARTESIAN_POINT('',(324.0425,-135.645,0.));
#5325 = DIRECTION('',(-0.,0.,-1.));
#5326 = DIRECTION('',(-0.,-1.,0.));
#5327 = FACE_BOUND('',#5328,.F.);
#5328 = EDGE_LOOP('',(#5329));
#5329 = ORIENTED_EDGE('',*,*,#5330,.T.);
#5330 = EDGE_CURVE('',#5331,#5331,#5333,.T.);
#5331 = VERTEX_POINT('',#5332);
#5332 = CARTESIAN_POINT('',(321.4975,-130.485,0.));
#5333 = CIRCLE('',#5334,0.4);
#5334 = AXIS2_PLACEMENT_3D('',#5335,#5336,#5337);
#5335 = CARTESIAN_POINT('',(321.4975,-130.085,0.));
#5336 = DIRECTION('',(-0.,0.,-1.));
#5337 = DIRECTION('',(-0.,-1.,0.));
#5338 = FACE_BOUND('',#5339,.F.);
#5339 = EDGE_LOOP('',(#5340));
#5340 = ORIENTED_EDGE('',*,*,#5341,.T.);
#5341 = EDGE_CURVE('',#5342,#5342,#5344,.T.);
#5342 = VERTEX_POINT('',#5343);
#5343 = CARTESIAN_POINT('',(340.5475,-130.485,0.));
#5344 = CIRCLE('',#5345,0.4);
#5345 = AXIS2_PLACEMENT_3D('',#5346,#5347,#5348);
#5346 = CARTESIAN_POINT('',(340.5475,-130.085,0.));
#5347 = DIRECTION('',(-0.,0.,-1.));
#5348 = DIRECTION('',(-0.,-1.,0.));
#5349 = FACE_BOUND('',#5350,.F.);
#5350 = EDGE_LOOP('',(#5351));
#5351 = ORIENTED_EDGE('',*,*,#5352,.T.);
#5352 = EDGE_CURVE('',#5353,#5353,#5355,.T.);
#5353 = VERTEX_POINT('',#5354);
#5354 = CARTESIAN_POINT('',(343.0925,-137.145,0.));
#5355 = CIRCLE('',#5356,1.5);
#5356 = AXIS2_PLACEMENT_3D('',#5357,#5358,#5359);
#5357 = CARTESIAN_POINT('',(343.0925,-135.645,0.));
#5358 = DIRECTION('',(-0.,0.,-1.));
#5359 = DIRECTION('',(-0.,-1.,0.));
#5360 = FACE_BOUND('',#5361,.F.);
#5361 = EDGE_LOOP('',(#5362));
#5362 = ORIENTED_EDGE('',*,*,#5363,.T.);
#5363 = EDGE_CURVE('',#5364,#5364,#5366,.T.);
#5364 = VERTEX_POINT('',#5365);
#5365 = CARTESIAN_POINT('',(366.905,-137.145,0.));
#5366 = CIRCLE('',#5367,1.5);
#5367 = AXIS2_PLACEMENT_3D('',#5368,#5369,#5370);
#5368 = CARTESIAN_POINT('',(366.905,-135.645,0.));
#5369 = DIRECTION('',(-0.,0.,-1.));
#5370 = DIRECTION('',(-0.,-1.,0.));
#5371 = FACE_BOUND('',#5372,.F.);
#5372 = EDGE_LOOP('',(#5373));
#5373 = ORIENTED_EDGE('',*,*,#5374,.T.);
#5374 = EDGE_CURVE('',#5375,#5375,#5377,.T.);
#5375 = VERTEX_POINT('',#5376);
#5376 = CARTESIAN_POINT('',(347.69625,-131.9239,0.));
#5377 = CIRCLE('',#5378,1.9939);
#5378 = AXIS2_PLACEMENT_3D('',#5379,#5380,#5381);
#5379 = CARTESIAN_POINT('',(347.69625,-129.93,0.));
#5380 = DIRECTION('',(-0.,0.,-1.));
#5381 = DIRECTION('',(-0.,-1.,0.));
#5382 = FACE_BOUND('',#5383,.F.);
#5383 = EDGE_LOOP('',(#5384));
#5384 = ORIENTED_EDGE('',*,*,#5385,.T.);
#5385 = EDGE_CURVE('',#5386,#5386,#5388,.T.);
#5386 = VERTEX_POINT('',#5387);
#5387 = CARTESIAN_POINT('',(371.50875,-131.9239,0.));
#5388 = CIRCLE('',#5389,1.9939);
#5389 = AXIS2_PLACEMENT_3D('',#5390,#5391,#5392);
#5390 = CARTESIAN_POINT('',(371.50875,-129.93,0.));
#5391 = DIRECTION('',(-0.,0.,-1.));
#5392 = DIRECTION('',(-0.,-1.,0.));
#5393 = FACE_BOUND('',#5394,.F.);
#5394 = EDGE_LOOP('',(#5395));
#5395 = ORIENTED_EDGE('',*,*,#5396,.T.);
#5396 = EDGE_CURVE('',#5397,#5397,#5399,.T.);
#5397 = VERTEX_POINT('',#5398);
#5398 = CARTESIAN_POINT('',(375.7975,-130.485,0.));
#5399 = CIRCLE('',#5400,0.4);
#5400 = AXIS2_PLACEMENT_3D('',#5401,#5402,#5403);
#5401 = CARTESIAN_POINT('',(375.7975,-130.085,0.));
#5402 = DIRECTION('',(-0.,0.,-1.));
#5403 = DIRECTION('',(-0.,-1.,0.));
#5404 = FACE_BOUND('',#5405,.F.);
#5405 = EDGE_LOOP('',(#5406));
#5406 = ORIENTED_EDGE('',*,*,#5407,.T.);
#5407 = EDGE_CURVE('',#5408,#5408,#5410,.T.);
#5408 = VERTEX_POINT('',#5409);
#5409 = CARTESIAN_POINT('',(321.4975,-122.865,0.));
#5410 = CIRCLE('',#5411,0.4);
#5411 = AXIS2_PLACEMENT_3D('',#5412,#5413,#5414);
#5412 = CARTESIAN_POINT('',(321.4975,-122.465,0.));
#5413 = DIRECTION('',(-0.,0.,-1.));
#5414 = DIRECTION('',(-0.,-1.,0.));
#5415 = FACE_BOUND('',#5416,.F.);
#5416 = EDGE_LOOP('',(#5417));
#5417 = ORIENTED_EDGE('',*,*,#5418,.T.);
#5418 = EDGE_CURVE('',#5419,#5419,#5421,.T.);
#5419 = VERTEX_POINT('',#5420);
#5420 = CARTESIAN_POINT('',(311.9775,-123.6689,0.));
#5421 = CIRCLE('',#5422,1.9939);
#5422 = AXIS2_PLACEMENT_3D('',#5423,#5424,#5425);
#5423 = CARTESIAN_POINT('',(311.9775,-121.675,0.));
#5424 = DIRECTION('',(-0.,0.,-1.));
#5425 = DIRECTION('',(-0.,-1.,0.));
#5426 = FACE_BOUND('',#5427,.F.);
#5427 = EDGE_LOOP('',(#5428));
#5428 = ORIENTED_EDGE('',*,*,#5429,.T.);
#5429 = EDGE_CURVE('',#5430,#5430,#5432,.T.);
#5430 = VERTEX_POINT('',#5431);
#5431 = CARTESIAN_POINT('',(308.1675,-120.635,0.));
#5432 = CIRCLE('',#5433,1.5);
#5433 = AXIS2_PLACEMENT_3D('',#5434,#5435,#5436);
#5434 = CARTESIAN_POINT('',(308.1675,-119.135,0.));
#5435 = DIRECTION('',(-0.,0.,-1.));
#5436 = DIRECTION('',(-0.,-1.,0.));
#5437 = FACE_BOUND('',#5438,.F.);
#5438 = EDGE_LOOP('',(#5439));
#5439 = ORIENTED_EDGE('',*,*,#5440,.T.);
#5440 = EDGE_CURVE('',#5441,#5441,#5443,.T.);
#5441 = VERTEX_POINT('',#5442);
#5442 = CARTESIAN_POINT('',(317.0575,-122.55,0.));
#5443 = CIRCLE('',#5444,0.875);
#5444 = AXIS2_PLACEMENT_3D('',#5445,#5446,#5447);
#5445 = CARTESIAN_POINT('',(317.0575,-121.675,0.));
#5446 = DIRECTION('',(-0.,0.,-1.));
#5447 = DIRECTION('',(-0.,-1.,0.));
#5448 = FACE_BOUND('',#5449,.F.);
#5449 = EDGE_LOOP('',(#5450));
#5450 = ORIENTED_EDGE('',*,*,#5451,.T.);
#5451 = EDGE_CURVE('',#5452,#5452,#5454,.T.);
#5452 = VERTEX_POINT('',#5453);
#5453 = CARTESIAN_POINT('',(340.5475,-122.865,0.));
#5454 = CIRCLE('',#5455,0.4);
#5455 = AXIS2_PLACEMENT_3D('',#5456,#5457,#5458);
#5456 = CARTESIAN_POINT('',(340.5475,-122.465,0.));
#5457 = DIRECTION('',(-0.,0.,-1.));
#5458 = DIRECTION('',(-0.,-1.,0.));
#5459 = FACE_BOUND('',#5460,.F.);
#5460 = EDGE_LOOP('',(#5461));
#5461 = ORIENTED_EDGE('',*,*,#5462,.T.);
#5462 = EDGE_CURVE('',#5463,#5463,#5465,.T.);
#5463 = VERTEX_POINT('',#5464);
#5464 = CARTESIAN_POINT('',(325.9475,-122.55,0.));
#5465 = CIRCLE('',#5466,0.875);
#5466 = AXIS2_PLACEMENT_3D('',#5467,#5468,#5469);
#5467 = CARTESIAN_POINT('',(325.9475,-121.675,0.));
#5468 = DIRECTION('',(-0.,0.,-1.));
#5469 = DIRECTION('',(-0.,-1.,0.));
#5470 = FACE_BOUND('',#5471,.F.);
#5471 = EDGE_LOOP('',(#5472));
#5472 = ORIENTED_EDGE('',*,*,#5473,.T.);
#5473 = EDGE_CURVE('',#5474,#5474,#5476,.T.);
#5474 = VERTEX_POINT('',#5475);
#5475 = CARTESIAN_POINT('',(331.0275,-123.6689,0.));
#5476 = CIRCLE('',#5477,1.9939);
#5477 = AXIS2_PLACEMENT_3D('',#5478,#5479,#5480);
#5478 = CARTESIAN_POINT('',(331.0275,-121.675,0.));
#5479 = DIRECTION('',(-0.,0.,-1.));
#5480 = DIRECTION('',(-2.850866084598E-14,-1.,0.));
#5481 = FACE_BOUND('',#5482,.F.);
#5482 = EDGE_LOOP('',(#5483));
#5483 = ORIENTED_EDGE('',*,*,#5484,.T.);
#5484 = EDGE_CURVE('',#5485,#5485,#5487,.T.);
#5485 = VERTEX_POINT('',#5486);
#5486 = CARTESIAN_POINT('',(327.2175,-120.635,0.));
#5487 = CIRCLE('',#5488,1.5);
#5488 = AXIS2_PLACEMENT_3D('',#5489,#5490,#5491);
#5489 = CARTESIAN_POINT('',(327.2175,-119.135,0.));
#5490 = DIRECTION('',(-0.,0.,-1.));
#5491 = DIRECTION('',(-0.,-1.,0.));
#5492 = FACE_BOUND('',#5493,.F.);
#5493 = EDGE_LOOP('',(#5494));
#5494 = ORIENTED_EDGE('',*,*,#5495,.T.);
#5495 = EDGE_CURVE('',#5496,#5496,#5498,.T.);
#5496 = VERTEX_POINT('',#5497);
#5497 = CARTESIAN_POINT('',(336.1075,-122.55,0.));
#5498 = CIRCLE('',#5499,0.875);
#5499 = AXIS2_PLACEMENT_3D('',#5500,#5501,#5502);
#5500 = CARTESIAN_POINT('',(336.1075,-121.675,0.));
#5501 = DIRECTION('',(-0.,0.,-1.));
#5502 = DIRECTION('',(-0.,-1.,0.));
#5503 = FACE_BOUND('',#5504,.F.);
#5504 = EDGE_LOOP('',(#5505));
#5505 = ORIENTED_EDGE('',*,*,#5506,.T.);
#5506 = EDGE_CURVE('',#5507,#5507,#5509,.T.);
#5507 = VERTEX_POINT('',#5508);
#5508 = CARTESIAN_POINT('',(314.5175,-118.095,0.));
#5509 = CIRCLE('',#5510,1.5);
#5510 = AXIS2_PLACEMENT_3D('',#5511,#5512,#5513);
#5511 = CARTESIAN_POINT('',(314.5175,-116.595,0.));
#5512 = DIRECTION('',(-0.,0.,-1.));
#5513 = DIRECTION('',(-0.,-1.,0.));
#5514 = FACE_BOUND('',#5515,.F.);
#5515 = EDGE_LOOP('',(#5516));
#5516 = ORIENTED_EDGE('',*,*,#5517,.T.);
#5517 = EDGE_CURVE('',#5518,#5518,#5520,.T.);
#5518 = VERTEX_POINT('',#5519);
#5519 = CARTESIAN_POINT('',(333.5675,-118.095,0.));
#5520 = CIRCLE('',#5521,1.5);
#5521 = AXIS2_PLACEMENT_3D('',#5522,#5523,#5524);
#5522 = CARTESIAN_POINT('',(333.5675,-116.595,0.));
#5523 = DIRECTION('',(-0.,0.,-1.));
#5524 = DIRECTION('',(-0.,-1.,0.));
#5525 = FACE_BOUND('',#5526,.F.);
#5526 = EDGE_LOOP('',(#5527));
#5527 = ORIENTED_EDGE('',*,*,#5528,.T.);
#5528 = EDGE_CURVE('',#5529,#5529,#5531,.T.);
#5529 = VERTEX_POINT('',#5530);
#5530 = CARTESIAN_POINT('',(354.5225,-122.55,0.));
#5531 = CIRCLE('',#5532,0.875);
#5532 = AXIS2_PLACEMENT_3D('',#5533,#5534,#5535);
#5533 = CARTESIAN_POINT('',(354.5225,-121.675,0.));
#5534 = DIRECTION('',(-0.,0.,-1.));
#5535 = DIRECTION('',(-0.,-1.,0.));
#5536 = FACE_BOUND('',#5537,.F.);
#5537 = EDGE_LOOP('',(#5538));
#5538 = ORIENTED_EDGE('',*,*,#5539,.T.);
#5539 = EDGE_CURVE('',#5540,#5540,#5542,.T.);
#5540 = VERTEX_POINT('',#5541);
#5541 = CARTESIAN_POINT('',(355.7925,-120.635,0.));
#5542 = CIRCLE('',#5543,1.5);
#5543 = AXIS2_PLACEMENT_3D('',#5544,#5545,#5546);
#5544 = CARTESIAN_POINT('',(355.7925,-119.135,0.));
#5545 = DIRECTION('',(-0.,0.,-1.));
#5546 = DIRECTION('',(-0.,-1.,0.));
#5547 = FACE_BOUND('',#5548,.F.);
#5548 = EDGE_LOOP('',(#5549));
#5549 = ORIENTED_EDGE('',*,*,#5550,.T.);
#5550 = EDGE_CURVE('',#5551,#5551,#5553,.T.);
#5551 = VERTEX_POINT('',#5552);
#5552 = CARTESIAN_POINT('',(375.7975,-122.865,0.));
#5553 = CIRCLE('',#5554,0.4);
#5554 = AXIS2_PLACEMENT_3D('',#5555,#5556,#5557);
#5555 = CARTESIAN_POINT('',(375.7975,-122.465,0.));
#5556 = DIRECTION('',(-0.,0.,-1.));
#5557 = DIRECTION('',(-0.,-1.,0.));
#5558 = FACE_BOUND('',#5559,.F.);
#5559 = EDGE_LOOP('',(#5560));
#5560 = ORIENTED_EDGE('',*,*,#5561,.T.);
#5561 = EDGE_CURVE('',#5562,#5562,#5564,.T.);
#5562 = VERTEX_POINT('',#5563);
#5563 = CARTESIAN_POINT('',(359.6025,-123.6689,0.));
#5564 = CIRCLE('',#5565,1.9939);
#5565 = AXIS2_PLACEMENT_3D('',#5566,#5567,#5568);
#5566 = CARTESIAN_POINT('',(359.6025,-121.675,0.));
#5567 = DIRECTION('',(-0.,0.,-1.));
#5568 = DIRECTION('',(-0.,-1.,0.));
#5569 = FACE_BOUND('',#5570,.F.);
#5570 = EDGE_LOOP('',(#5571));
#5571 = ORIENTED_EDGE('',*,*,#5572,.T.);
#5572 = EDGE_CURVE('',#5573,#5573,#5575,.T.);
#5573 = VERTEX_POINT('',#5574);
#5574 = CARTESIAN_POINT('',(364.6825,-122.55,0.));
#5575 = CIRCLE('',#5576,0.875);
#5576 = AXIS2_PLACEMENT_3D('',#5577,#5578,#5579);
#5577 = CARTESIAN_POINT('',(364.6825,-121.675,0.));
#5578 = DIRECTION('',(-0.,0.,-1.));
#5579 = DIRECTION('',(-0.,-1.,0.));
#5580 = FACE_BOUND('',#5581,.F.);
#5581 = EDGE_LOOP('',(#5582));
#5582 = ORIENTED_EDGE('',*,*,#5583,.T.);
#5583 = EDGE_CURVE('',#5584,#5584,#5586,.T.);
#5584 = VERTEX_POINT('',#5585);
#5585 = CARTESIAN_POINT('',(347.69625,-116.214,0.));
#5586 = CIRCLE('',#5587,1.524);
#5587 = AXIS2_PLACEMENT_3D('',#5588,#5589,#5590);
#5588 = CARTESIAN_POINT('',(347.69625,-114.69,0.));
#5589 = DIRECTION('',(-0.,0.,-1.));
#5590 = DIRECTION('',(-0.,-1.,0.));
#5591 = FACE_BOUND('',#5592,.F.);
#5592 = EDGE_LOOP('',(#5593));
#5593 = ORIENTED_EDGE('',*,*,#5594,.T.);
#5594 = EDGE_CURVE('',#5595,#5595,#5597,.T.);
#5595 = VERTEX_POINT('',#5596);
#5596 = CARTESIAN_POINT('',(362.1425,-118.095,0.));
#5597 = CIRCLE('',#5598,1.5);
#5598 = AXIS2_PLACEMENT_3D('',#5599,#5600,#5601);
#5599 = CARTESIAN_POINT('',(362.1425,-116.595,0.));
#5600 = DIRECTION('',(-0.,0.,-1.));
#5601 = DIRECTION('',(-0.,-1.,0.));
#5602 = FACE_BOUND('',#5603,.F.);
#5603 = EDGE_LOOP('',(#5604));
#5604 = ORIENTED_EDGE('',*,*,#5605,.T.);
#5605 = EDGE_CURVE('',#5606,#5606,#5608,.T.);
#5606 = VERTEX_POINT('',#5607);
#5607 = CARTESIAN_POINT('',(371.50875,-116.214,0.));
#5608 = CIRCLE('',#5609,1.524);
#5609 = AXIS2_PLACEMENT_3D('',#5610,#5611,#5612);
#5610 = CARTESIAN_POINT('',(371.50875,-114.69,0.));
#5611 = DIRECTION('',(-0.,0.,-1.));
#5612 = DIRECTION('',(-0.,-1.,0.));
#5613 = PLANE('',#5614);
#5614 = AXIS2_PLACEMENT_3D('',#5615,#5616,#5617);
#5615 = CARTESIAN_POINT('',(0.,0.,0.));
#5616 = DIRECTION('',(0.,0.,1.));
#5617 = DIRECTION('',(1.,0.,-0.));
#5618 = ADVANCED_FACE('',(#5619,#5742,#5753,#5764,#5775,#5786,#5797,
    #5808,#5819,#5830,#5841,#5852,#5863,#5874,#5885,#5896,#5907,#5918,
    #5929,#5940,#5951,#5962,#5973,#5984,#5995,#6006,#6017,#6028,#6039,
    #6050,#6061,#6072,#6083,#6094,#6105,#6116,#6127,#6138,#6149,#6160,
    #6171,#6182,#6193,#6204,#6215,#6226,#6237,#6248,#6259,#6270,#6281,
    #6292,#6303,#6314,#6325,#6375,#6386,#6397,#6408,#6419,#6430,#6441,
    #6452,#6463,#6474,#6485,#6496,#6507,#6518,#6529,#6540,#6551,#6562,
    #6573,#6584,#6595,#6606,#6617,#6628,#6639,#6650,#6661,#6672,#6683,
    #6694,#6705,#6716,#6727,#6738,#6749,#6760,#6771,#6782,#6793,#6804,
    #6815,#6826,#6837,#6848,#6859,#6870,#6881,#6892,#6903,#6914,#6925,
    #6936,#6947,#6958,#6969,#6980,#6991,#7002,#7013,#7024,#7035,#7046,
    #7057,#7068,#7079,#7090,#7101,#7112,#7123,#7134,#7145,#7156,#7167,
    #7178,#7189,#7200,#7211,#7222,#7233,#7244,#7255,#7266,#7277,#7288,
    #7299,#7310,#7321,#7332,#7343,#7354,#7365,#7376,#7387,#7398,#7409,
    #7420,#7431,#7442,#7453,#7464,#7475,#7486,#7497,#7508,#7519,#7530,
    #7541,#7552,#7563,#7574,#7585,#7596,#7607,#7618,#7629,#7640,#7651,
    #7662,#7673,#7684,#7695,#7706,#7717,#7728,#7739,#7750,#7761,#7772,
    #7783,#7794,#7805,#7816,#7827,#7838,#7849,#7860,#7871,#7882,#7893,
    #7904,#7915,#7926,#7937,#7948,#7959,#7970,#7981,#7992,#8003,#8014,
    #8025,#8036,#8047,#8058,#8069,#8080,#8091,#8102,#8113,#8124,#8135,
    #8146,#8157,#8168,#8179,#8190,#8201,#8212,#8223,#8234,#8245,#8256,
    #8267,#8278,#8289,#8300,#8311,#8322,#8333,#8344,#8355,#8366,#8377,
    #8388,#8399,#8410,#8421,#8432,#8443,#8454,#8465,#8476,#8487,#8498,
    #8509,#8520,#8531,#8542,#8553,#8564,#8575,#8586,#8597,#8608,#8619,
    #8630,#8641,#8652,#8663,#8674,#8685,#8696,#8707,#8718,#8729,#8740,
    #8751,#8762,#8773,#8784,#8795,#8806,#8817,#8828,#8839,#8850,#8861,
    #8872,#8883,#8894,#8905,#8916,#8927,#8938,#8949,#8960,#8971,#8982,
    #8993,#9004,#9015,#9026,#9037,#9048,#9059,#9070,#9081,#9092,#9103,
    #9114,#9125,#9136,#9147,#9158,#9169,#9180,#9191,#9202,#9213,#9224,
    #9235,#9246,#9257,#9268,#9279,#9290,#9301,#9312,#9323,#9334,#9345,
    #9356,#9367,#9378,#9389,#9400,#9411,#9422,#9433,#9444,#9455,#9466,
    #9477,#9488,#9499,#9510,#9521,#9532,#9543,#9554,#9565,#9576,#9587,
    #9598,#9609,#9620,#9631,#9642,#9653,#9664,#9675,#9686,#9697,#9708,
    #9719,#9730,#9741,#9752,#9763,#9774,#9785,#9796,#9807,#9818,#9829,
    #9840,#9851,#9862,#9873,#9884,#9895,#9906,#9917,#9928,#9939,#9950,
    #9961,#9972,#9983,#9994,#10005,#10016,#10027,#10038,#10049,#10060,
    #10071,#10082,#10093,#10104,#10115,#10126,#10137,#10148,#10159,
    #10170,#10181,#10192,#10203,#10214,#10225,#10236,#10247,#10258,
    #10269,#10280,#10291,#10302,#10313,#10324,#10335,#10346,#10357,
    #10368,#10379,#10390,#10401,#10412,#10423,#10434,#10445,#10456,
    #10467,#10478,#10489,#10500,#10511,#10522,#10533,#10544,#10555,
    #10566,#10577,#10588,#10599,#10610,#10621,#10632,#10643,#10654,
    #10665,#10676,#10687,#10698,#10709,#10720,#10731,#10742,#10753,
    #10764,#10775,#10786,#10797,#10808,#10819,#10830,#10841,#10852,
    #10863,#10874,#10885,#10896,#10907,#10918,#10929,#10940,#10951,
    #10962,#10973,#10984,#10995,#11006,#11017,#11028,#11039,#11050,
    #11061,#11072,#11083),#11094,.T.);
#5619 = FACE_BOUND('',#5620,.T.);
#5620 = EDGE_LOOP('',(#5621,#5622,#5623,#5631,#5639,#5647,#5655,#5663,
    #5671,#5679,#5687,#5695,#5703,#5711,#5719,#5727,#5735,#5741));
#5621 = ORIENTED_EDGE('',*,*,#49,.F.);
#5622 = ORIENTED_EDGE('',*,*,#89,.F.);
#5623 = ORIENTED_EDGE('',*,*,#5624,.F.);
#5624 = EDGE_CURVE('',#5625,#82,#5627,.T.);
#5625 = VERTEX_POINT('',#5626);
#5626 = CARTESIAN_POINT('',(369.744948,-109.1,1.51));
#5627 = LINE('',#5628,#5629);
#5628 = CARTESIAN_POINT('',(369.744948,-109.1,1.51));
#5629 = VECTOR('',#5630,1.);
#5630 = DIRECTION('',(1.,0.,0.));
#5631 = ORIENTED_EDGE('',*,*,#5632,.F.);
#5632 = EDGE_CURVE('',#5633,#5625,#5635,.T.);
#5633 = VERTEX_POINT('',#5634);
#5634 = CARTESIAN_POINT('',(92.285052,-109.1,1.51));
#5635 = LINE('',#5636,#5637);
#5636 = CARTESIAN_POINT('',(92.285052,-109.1,1.51));
#5637 = VECTOR('',#5638,1.);
#5638 = DIRECTION('',(1.,0.,0.));
#5639 = ORIENTED_EDGE('',*,*,#5640,.F.);
#5640 = EDGE_CURVE('',#5641,#5633,#5643,.T.);
#5641 = VERTEX_POINT('',#5642);
#5642 = CARTESIAN_POINT('',(91.182426,-109.556723,1.51));
#5643 = LINE('',#5644,#5645);
#5644 = CARTESIAN_POINT('',(91.182426,-109.556723,1.51));
#5645 = VECTOR('',#5646,1.);
#5646 = DIRECTION('',(0.92387942688,0.382683687382,0.));
#5647 = ORIENTED_EDGE('',*,*,#5648,.F.);
#5648 = EDGE_CURVE('',#5649,#5641,#5651,.T.);
#5649 = VERTEX_POINT('',#5650);
#5650 = CARTESIAN_POINT('',(90.309223,-110.429926,1.51));
#5651 = LINE('',#5652,#5653);
#5652 = CARTESIAN_POINT('',(90.309223,-110.429926,1.51));
#5653 = VECTOR('',#5654,1.);
#5654 = DIRECTION('',(0.707106781187,0.707106781187,0.));
#5655 = ORIENTED_EDGE('',*,*,#5656,.F.);
#5656 = EDGE_CURVE('',#5657,#5649,#5659,.T.);
#5657 = VERTEX_POINT('',#5658);
#5658 = CARTESIAN_POINT('',(89.8525,-111.532552,1.51));
#5659 = LINE('',#5660,#5661);
#5660 = CARTESIAN_POINT('',(89.8525,-111.532552,1.51));
#5661 = VECTOR('',#5662,1.);
#5662 = DIRECTION('',(0.382683687382,0.92387942688,0.));
#5663 = ORIENTED_EDGE('',*,*,#5664,.F.);
#5664 = EDGE_CURVE('',#5665,#5657,#5667,.T.);
#5665 = VERTEX_POINT('',#5666);
#5666 = CARTESIAN_POINT('',(89.8525,-208.017448,1.51));
#5667 = LINE('',#5668,#5669);
#5668 = CARTESIAN_POINT('',(89.8525,-208.017448,1.51));
#5669 = VECTOR('',#5670,1.);
#5670 = DIRECTION('',(0.,1.,0.));
#5671 = ORIENTED_EDGE('',*,*,#5672,.F.);
#5672 = EDGE_CURVE('',#5673,#5665,#5675,.T.);
#5673 = VERTEX_POINT('',#5674);
#5674 = CARTESIAN_POINT('',(90.309223,-209.120074,1.51));
#5675 = LINE('',#5676,#5677);
#5676 = CARTESIAN_POINT('',(90.309223,-209.120074,1.51));
#5677 = VECTOR('',#5678,1.);
#5678 = DIRECTION('',(-0.382683687382,0.92387942688,0.));
#5679 = ORIENTED_EDGE('',*,*,#5680,.F.);
#5680 = EDGE_CURVE('',#5681,#5673,#5683,.T.);
#5681 = VERTEX_POINT('',#5682);
#5682 = CARTESIAN_POINT('',(91.182426,-209.993277,1.51));
#5683 = LINE('',#5684,#5685);
#5684 = CARTESIAN_POINT('',(91.182426,-209.993277,1.51));
#5685 = VECTOR('',#5686,1.);
#5686 = DIRECTION('',(-0.707106781187,0.707106781187,0.));
#5687 = ORIENTED_EDGE('',*,*,#5688,.F.);
#5688 = EDGE_CURVE('',#5689,#5681,#5691,.T.);
#5689 = VERTEX_POINT('',#5690);
#5690 = CARTESIAN_POINT('',(92.285052,-210.45,1.51));
#5691 = LINE('',#5692,#5693);
#5692 = CARTESIAN_POINT('',(92.285052,-210.45,1.51));
#5693 = VECTOR('',#5694,1.);
#5694 = DIRECTION('',(-0.92387942688,0.382683687382,0.));
#5695 = ORIENTED_EDGE('',*,*,#5696,.F.);
#5696 = EDGE_CURVE('',#5697,#5689,#5699,.T.);
#5697 = VERTEX_POINT('',#5698);
#5698 = CARTESIAN_POINT('',(379.269948,-210.45,1.51));
#5699 = LINE('',#5700,#5701);
#5700 = CARTESIAN_POINT('',(379.269948,-210.45,1.51));
#5701 = VECTOR('',#5702,1.);
#5702 = DIRECTION('',(-1.,0.,0.));
#5703 = ORIENTED_EDGE('',*,*,#5704,.F.);
#5704 = EDGE_CURVE('',#5705,#5697,#5707,.T.);
#5705 = VERTEX_POINT('',#5706);
#5706 = CARTESIAN_POINT('',(380.372574,-209.993277,1.51));
#5707 = LINE('',#5708,#5709);
#5708 = CARTESIAN_POINT('',(380.372574,-209.993277,1.51));
#5709 = VECTOR('',#5710,1.);
#5710 = DIRECTION('',(-0.92387942688,-0.382683687382,0.));
#5711 = ORIENTED_EDGE('',*,*,#5712,.F.);
#5712 = EDGE_CURVE('',#5713,#5705,#5715,.T.);
#5713 = VERTEX_POINT('',#5714);
#5714 = CARTESIAN_POINT('',(381.245777,-209.120074,1.51));
#5715 = LINE('',#5716,#5717);
#5716 = CARTESIAN_POINT('',(381.245777,-209.120074,1.51));
#5717 = VECTOR('',#5718,1.);
#5718 = DIRECTION('',(-0.707106781187,-0.707106781187,0.));
#5719 = ORIENTED_EDGE('',*,*,#5720,.F.);
#5720 = EDGE_CURVE('',#5721,#5713,#5723,.T.);
#5721 = VERTEX_POINT('',#5722);
#5722 = CARTESIAN_POINT('',(381.7025,-208.017448,1.51));
#5723 = LINE('',#5724,#5725);
#5724 = CARTESIAN_POINT('',(381.7025,-208.017448,1.51));
#5725 = VECTOR('',#5726,1.);
#5726 = DIRECTION('',(-0.382683687382,-0.92387942688,0.));
#5727 = ORIENTED_EDGE('',*,*,#5728,.F.);
#5728 = EDGE_CURVE('',#5729,#5721,#5731,.T.);
#5729 = VERTEX_POINT('',#5730);
#5730 = CARTESIAN_POINT('',(381.7025,-130.829988,1.51));
#5731 = LINE('',#5732,#5733);
#5732 = CARTESIAN_POINT('',(381.7025,-130.829988,1.51));
#5733 = VECTOR('',#5734,1.);
#5734 = DIRECTION('',(0.,-1.,0.));
#5735 = ORIENTED_EDGE('',*,*,#5736,.F.);
#5736 = EDGE_CURVE('',#112,#5729,#5737,.T.);
#5737 = LINE('',#5738,#5739);
#5738 = CARTESIAN_POINT('',(381.700948,-111.532552,1.51));
#5739 = VECTOR('',#5740,1.);
#5740 = DIRECTION('',(8.042519197807E-05,-0.999999996766,0.));
#5741 = ORIENTED_EDGE('',*,*,#111,.F.);
#5742 = FACE_BOUND('',#5743,.T.);
#5743 = EDGE_LOOP('',(#5744));
#5744 = ORIENTED_EDGE('',*,*,#5745,.T.);
#5745 = EDGE_CURVE('',#5746,#5746,#5748,.T.);
#5746 = VERTEX_POINT('',#5747);
#5747 = CARTESIAN_POINT('',(116.7175,-206.635,1.51));
#5748 = CIRCLE('',#5749,0.4);
#5749 = AXIS2_PLACEMENT_3D('',#5750,#5751,#5752);
#5750 = CARTESIAN_POINT('',(116.7175,-206.235,1.51));
#5751 = DIRECTION('',(-0.,0.,-1.));
#5752 = DIRECTION('',(-0.,-1.,0.));
#5753 = FACE_BOUND('',#5754,.T.);
#5754 = EDGE_LOOP('',(#5755));
#5755 = ORIENTED_EDGE('',*,*,#5756,.T.);
#5756 = EDGE_CURVE('',#5757,#5757,#5759,.T.);
#5757 = VERTEX_POINT('',#5758);
#5758 = CARTESIAN_POINT('',(99.72875,-198.75,1.51));
#5759 = CIRCLE('',#5760,0.875);
#5760 = AXIS2_PLACEMENT_3D('',#5761,#5762,#5763);
#5761 = CARTESIAN_POINT('',(99.72875,-197.875,1.51));
#5762 = DIRECTION('',(-0.,0.,-1.));
#5763 = DIRECTION('',(-0.,-1.,0.));
#5764 = FACE_BOUND('',#5765,.T.);
#5765 = EDGE_LOOP('',(#5766));
#5766 = ORIENTED_EDGE('',*,*,#5767,.T.);
#5767 = EDGE_CURVE('',#5768,#5768,#5770,.T.);
#5768 = VERTEX_POINT('',#5769);
#5769 = CARTESIAN_POINT('',(104.80875,-199.8689,1.51));
#5770 = CIRCLE('',#5771,1.9939);
#5771 = AXIS2_PLACEMENT_3D('',#5772,#5773,#5774);
#5772 = CARTESIAN_POINT('',(104.80875,-197.875,1.51));
#5773 = DIRECTION('',(-0.,0.,-1.));
#5774 = DIRECTION('',(-0.,-1.,0.));
#5775 = FACE_BOUND('',#5776,.T.);
#5776 = EDGE_LOOP('',(#5777));
#5777 = ORIENTED_EDGE('',*,*,#5778,.T.);
#5778 = EDGE_CURVE('',#5779,#5779,#5781,.T.);
#5779 = VERTEX_POINT('',#5780);
#5780 = CARTESIAN_POINT('',(109.88875,-198.75,1.51));
#5781 = CIRCLE('',#5782,0.875);
#5782 = AXIS2_PLACEMENT_3D('',#5783,#5784,#5785);
#5783 = CARTESIAN_POINT('',(109.88875,-197.875,1.51));
#5784 = DIRECTION('',(-0.,0.,-1.));
#5785 = DIRECTION('',(-0.,-1.,0.));
#5786 = FACE_BOUND('',#5787,.T.);
#5787 = EDGE_LOOP('',(#5788));
#5788 = ORIENTED_EDGE('',*,*,#5789,.T.);
#5789 = EDGE_CURVE('',#5790,#5790,#5792,.T.);
#5790 = VERTEX_POINT('',#5791);
#5791 = CARTESIAN_POINT('',(116.7175,-199.015,1.51));
#5792 = CIRCLE('',#5793,0.4);
#5793 = AXIS2_PLACEMENT_3D('',#5794,#5795,#5796);
#5794 = CARTESIAN_POINT('',(116.7175,-198.615,1.51));
#5795 = DIRECTION('',(-0.,0.,-1.));
#5796 = DIRECTION('',(-0.,-1.,0.));
#5797 = FACE_BOUND('',#5798,.T.);
#5798 = EDGE_LOOP('',(#5799));
#5799 = ORIENTED_EDGE('',*,*,#5800,.T.);
#5800 = EDGE_CURVE('',#5801,#5801,#5803,.T.);
#5801 = VERTEX_POINT('',#5802);
#5802 = CARTESIAN_POINT('',(123.54125,-198.75,1.51));
#5803 = CIRCLE('',#5804,0.875);
#5804 = AXIS2_PLACEMENT_3D('',#5805,#5806,#5807);
#5805 = CARTESIAN_POINT('',(123.54125,-197.875,1.51));
#5806 = DIRECTION('',(-0.,0.,-1.));
#5807 = DIRECTION('',(-0.,-1.,0.));
#5808 = FACE_BOUND('',#5809,.T.);
#5809 = EDGE_LOOP('',(#5810));
#5810 = ORIENTED_EDGE('',*,*,#5811,.T.);
#5811 = EDGE_CURVE('',#5812,#5812,#5814,.T.);
#5812 = VERTEX_POINT('',#5813);
#5813 = CARTESIAN_POINT('',(128.62125,-199.8689,1.51));
#5814 = CIRCLE('',#5815,1.9939);
#5815 = AXIS2_PLACEMENT_3D('',#5816,#5817,#5818);
#5816 = CARTESIAN_POINT('',(128.62125,-197.875,1.51));
#5817 = DIRECTION('',(-0.,0.,-1.));
#5818 = DIRECTION('',(-0.,-1.,0.));
#5819 = FACE_BOUND('',#5820,.T.);
#5820 = EDGE_LOOP('',(#5821));
#5821 = ORIENTED_EDGE('',*,*,#5822,.T.);
#5822 = EDGE_CURVE('',#5823,#5823,#5825,.T.);
#5823 = VERTEX_POINT('',#5824);
#5824 = CARTESIAN_POINT('',(140.53,-206.635,1.51));
#5825 = CIRCLE('',#5826,0.4);
#5826 = AXIS2_PLACEMENT_3D('',#5827,#5828,#5829);
#5827 = CARTESIAN_POINT('',(140.53,-206.235,1.51));
#5828 = DIRECTION('',(-0.,0.,-1.));
#5829 = DIRECTION('',(-0.,-1.,0.));
#5830 = FACE_BOUND('',#5831,.T.);
#5831 = EDGE_LOOP('',(#5832));
#5832 = ORIENTED_EDGE('',*,*,#5833,.T.);
#5833 = EDGE_CURVE('',#5834,#5834,#5836,.T.);
#5834 = VERTEX_POINT('',#5835);
#5835 = CARTESIAN_POINT('',(164.3425,-206.635,1.51));
#5836 = CIRCLE('',#5837,0.4);
#5837 = AXIS2_PLACEMENT_3D('',#5838,#5839,#5840);
#5838 = CARTESIAN_POINT('',(164.3425,-206.235,1.51));
#5839 = DIRECTION('',(-0.,0.,-1.));
#5840 = DIRECTION('',(-0.,-1.,0.));
#5841 = FACE_BOUND('',#5842,.T.);
#5842 = EDGE_LOOP('',(#5843));
#5843 = ORIENTED_EDGE('',*,*,#5844,.T.);
#5844 = EDGE_CURVE('',#5845,#5845,#5847,.T.);
#5845 = VERTEX_POINT('',#5846);
#5846 = CARTESIAN_POINT('',(133.70125,-198.75,1.51));
#5847 = CIRCLE('',#5848,0.875);
#5848 = AXIS2_PLACEMENT_3D('',#5849,#5850,#5851);
#5849 = CARTESIAN_POINT('',(133.70125,-197.875,1.51));
#5850 = DIRECTION('',(-0.,0.,-1.));
#5851 = DIRECTION('',(-0.,-1.,0.));
#5852 = FACE_BOUND('',#5853,.T.);
#5853 = EDGE_LOOP('',(#5854));
#5854 = ORIENTED_EDGE('',*,*,#5855,.T.);
#5855 = EDGE_CURVE('',#5856,#5856,#5858,.T.);
#5856 = VERTEX_POINT('',#5857);
#5857 = CARTESIAN_POINT('',(140.53,-199.015,1.51));
#5858 = CIRCLE('',#5859,0.4);
#5859 = AXIS2_PLACEMENT_3D('',#5860,#5861,#5862);
#5860 = CARTESIAN_POINT('',(140.53,-198.615,1.51));
#5861 = DIRECTION('',(-0.,0.,-1.));
#5862 = DIRECTION('',(-0.,-1.,0.));
#5863 = FACE_BOUND('',#5864,.T.);
#5864 = EDGE_LOOP('',(#5865));
#5865 = ORIENTED_EDGE('',*,*,#5866,.T.);
#5866 = EDGE_CURVE('',#5867,#5867,#5869,.T.);
#5867 = VERTEX_POINT('',#5868);
#5868 = CARTESIAN_POINT('',(147.35375,-198.75,1.51));
#5869 = CIRCLE('',#5870,0.875);
#5870 = AXIS2_PLACEMENT_3D('',#5871,#5872,#5873);
#5871 = CARTESIAN_POINT('',(147.35375,-197.875,1.51));
#5872 = DIRECTION('',(-0.,0.,-1.));
#5873 = DIRECTION('',(-0.,-1.,0.));
#5874 = FACE_BOUND('',#5875,.T.);
#5875 = EDGE_LOOP('',(#5876));
#5876 = ORIENTED_EDGE('',*,*,#5877,.T.);
#5877 = EDGE_CURVE('',#5878,#5878,#5880,.T.);
#5878 = VERTEX_POINT('',#5879);
#5879 = CARTESIAN_POINT('',(152.43375,-199.8689,1.51));
#5880 = CIRCLE('',#5881,1.9939);
#5881 = AXIS2_PLACEMENT_3D('',#5882,#5883,#5884);
#5882 = CARTESIAN_POINT('',(152.43375,-197.875,1.51));
#5883 = DIRECTION('',(-0.,0.,-1.));
#5884 = DIRECTION('',(-0.,-1.,0.));
#5885 = FACE_BOUND('',#5886,.T.);
#5886 = EDGE_LOOP('',(#5887));
#5887 = ORIENTED_EDGE('',*,*,#5888,.T.);
#5888 = EDGE_CURVE('',#5889,#5889,#5891,.T.);
#5889 = VERTEX_POINT('',#5890);
#5890 = CARTESIAN_POINT('',(157.51375,-198.75,1.51));
#5891 = CIRCLE('',#5892,0.875);
#5892 = AXIS2_PLACEMENT_3D('',#5893,#5894,#5895);
#5893 = CARTESIAN_POINT('',(157.51375,-197.875,1.51));
#5894 = DIRECTION('',(-0.,0.,-1.));
#5895 = DIRECTION('',(-0.,-1.,0.));
#5896 = FACE_BOUND('',#5897,.T.);
#5897 = EDGE_LOOP('',(#5898));
#5898 = ORIENTED_EDGE('',*,*,#5899,.T.);
#5899 = EDGE_CURVE('',#5900,#5900,#5902,.T.);
#5900 = VERTEX_POINT('',#5901);
#5901 = CARTESIAN_POINT('',(164.3425,-199.015,1.51));
#5902 = CIRCLE('',#5903,0.4);
#5903 = AXIS2_PLACEMENT_3D('',#5904,#5905,#5906);
#5904 = CARTESIAN_POINT('',(164.3425,-198.615,1.51));
#5905 = DIRECTION('',(-0.,0.,-1.));
#5906 = DIRECTION('',(-0.,-1.,0.));
#5907 = FACE_BOUND('',#5908,.T.);
#5908 = EDGE_LOOP('',(#5909));
#5909 = ORIENTED_EDGE('',*,*,#5910,.T.);
#5910 = EDGE_CURVE('',#5911,#5911,#5913,.T.);
#5911 = VERTEX_POINT('',#5912);
#5912 = CARTESIAN_POINT('',(100.99875,-196.835,1.51));
#5913 = CIRCLE('',#5914,1.5);
#5914 = AXIS2_PLACEMENT_3D('',#5915,#5916,#5917);
#5915 = CARTESIAN_POINT('',(100.99875,-195.335,1.51));
#5916 = DIRECTION('',(-0.,0.,-1.));
#5917 = DIRECTION('',(-0.,-1.,0.));
#5918 = FACE_BOUND('',#5919,.T.);
#5919 = EDGE_LOOP('',(#5920));
#5920 = ORIENTED_EDGE('',*,*,#5921,.T.);
#5921 = EDGE_CURVE('',#5922,#5922,#5924,.T.);
#5922 = VERTEX_POINT('',#5923);
#5923 = CARTESIAN_POINT('',(107.34875,-194.295,1.51));
#5924 = CIRCLE('',#5925,1.5);
#5925 = AXIS2_PLACEMENT_3D('',#5926,#5927,#5928);
#5926 = CARTESIAN_POINT('',(107.34875,-192.795,1.51));
#5927 = DIRECTION('',(-0.,0.,-1.));
#5928 = DIRECTION('',(-0.,-1.,0.));
#5929 = FACE_BOUND('',#5930,.T.);
#5930 = EDGE_LOOP('',(#5931));
#5931 = ORIENTED_EDGE('',*,*,#5932,.T.);
#5932 = EDGE_CURVE('',#5933,#5933,#5935,.T.);
#5933 = VERTEX_POINT('',#5934);
#5934 = CARTESIAN_POINT('',(124.81125,-196.835,1.51));
#5935 = CIRCLE('',#5936,1.5);
#5936 = AXIS2_PLACEMENT_3D('',#5937,#5938,#5939);
#5937 = CARTESIAN_POINT('',(124.81125,-195.335,1.51));
#5938 = DIRECTION('',(-0.,0.,-1.));
#5939 = DIRECTION('',(-0.,-1.,0.));
#5940 = FACE_BOUND('',#5941,.T.);
#5941 = EDGE_LOOP('',(#5942));
#5942 = ORIENTED_EDGE('',*,*,#5943,.T.);
#5943 = EDGE_CURVE('',#5944,#5944,#5946,.T.);
#5944 = VERTEX_POINT('',#5945);
#5945 = CARTESIAN_POINT('',(116.586,-192.866,1.51));
#5946 = CIRCLE('',#5947,1.35);
#5947 = AXIS2_PLACEMENT_3D('',#5948,#5949,#5950);
#5948 = CARTESIAN_POINT('',(116.586,-191.516,1.51));
#5949 = DIRECTION('',(-0.,0.,-1.));
#5950 = DIRECTION('',(-1.05265590483E-14,-1.,0.));
#5951 = FACE_BOUND('',#5952,.T.);
#5952 = EDGE_LOOP('',(#5953));
#5953 = ORIENTED_EDGE('',*,*,#5954,.T.);
#5954 = EDGE_CURVE('',#5955,#5955,#5957,.T.);
#5955 = VERTEX_POINT('',#5956);
#5956 = CARTESIAN_POINT('',(131.16125,-194.295,1.51));
#5957 = CIRCLE('',#5958,1.5);
#5958 = AXIS2_PLACEMENT_3D('',#5959,#5960,#5961);
#5959 = CARTESIAN_POINT('',(131.16125,-192.795,1.51));
#5960 = DIRECTION('',(-0.,0.,-1.));
#5961 = DIRECTION('',(-0.,-1.,0.));
#5962 = FACE_BOUND('',#5963,.T.);
#5963 = EDGE_LOOP('',(#5964));
#5964 = ORIENTED_EDGE('',*,*,#5965,.T.);
#5965 = EDGE_CURVE('',#5966,#5966,#5968,.T.);
#5966 = VERTEX_POINT('',#5967);
#5967 = CARTESIAN_POINT('',(102.4275,-189.0739,1.51));
#5968 = CIRCLE('',#5969,1.9939);
#5969 = AXIS2_PLACEMENT_3D('',#5970,#5971,#5972);
#5970 = CARTESIAN_POINT('',(102.4275,-187.08,1.51));
#5971 = DIRECTION('',(-0.,0.,-1.));
#5972 = DIRECTION('',(-7.127165211496E-15,-1.,0.));
#5973 = FACE_BOUND('',#5974,.T.);
#5974 = EDGE_LOOP('',(#5975));
#5975 = ORIENTED_EDGE('',*,*,#5976,.T.);
#5976 = EDGE_CURVE('',#5977,#5977,#5979,.T.);
#5977 = VERTEX_POINT('',#5978);
#5978 = CARTESIAN_POINT('',(126.24,-189.0739,1.51));
#5979 = CIRCLE('',#5980,1.9939);
#5980 = AXIS2_PLACEMENT_3D('',#5981,#5982,#5983);
#5981 = CARTESIAN_POINT('',(126.24,-187.08,1.51));
#5982 = DIRECTION('',(-0.,0.,-1.));
#5983 = DIRECTION('',(-7.127165211496E-15,-1.,0.));
#5984 = FACE_BOUND('',#5985,.T.);
#5985 = EDGE_LOOP('',(#5986));
#5986 = ORIENTED_EDGE('',*,*,#5987,.T.);
#5987 = EDGE_CURVE('',#5988,#5988,#5990,.T.);
#5988 = VERTEX_POINT('',#5989);
#5989 = CARTESIAN_POINT('',(130.85125,-187.7,1.51));
#5990 = CIRCLE('',#5991,0.4);
#5991 = AXIS2_PLACEMENT_3D('',#5992,#5993,#5994);
#5992 = CARTESIAN_POINT('',(130.85125,-187.3,1.51));
#5993 = DIRECTION('',(-0.,0.,-1.));
#5994 = DIRECTION('',(-0.,-1.,0.));
#5995 = FACE_BOUND('',#5996,.T.);
#5996 = EDGE_LOOP('',(#5997));
#5997 = ORIENTED_EDGE('',*,*,#5998,.T.);
#5998 = EDGE_CURVE('',#5999,#5999,#6001,.T.);
#5999 = VERTEX_POINT('',#6000);
#6000 = CARTESIAN_POINT('',(148.62375,-196.835,1.51));
#6001 = CIRCLE('',#6002,1.5);
#6002 = AXIS2_PLACEMENT_3D('',#6003,#6004,#6005);
#6003 = CARTESIAN_POINT('',(148.62375,-195.335,1.51));
#6004 = DIRECTION('',(-0.,0.,-1.));
#6005 = DIRECTION('',(-0.,-1.,0.));
#6006 = FACE_BOUND('',#6007,.T.);
#6007 = EDGE_LOOP('',(#6008));
#6008 = ORIENTED_EDGE('',*,*,#6009,.T.);
#6009 = EDGE_CURVE('',#6010,#6010,#6012,.T.);
#6010 = VERTEX_POINT('',#6011);
#6011 = CARTESIAN_POINT('',(154.97375,-194.295,1.51));
#6012 = CIRCLE('',#6013,1.5);
#6013 = AXIS2_PLACEMENT_3D('',#6014,#6015,#6016);
#6014 = CARTESIAN_POINT('',(154.97375,-192.795,1.51));
#6015 = DIRECTION('',(-0.,0.,-1.));
#6016 = DIRECTION('',(-0.,-1.,0.));
#6017 = FACE_BOUND('',#6018,.T.);
#6018 = EDGE_LOOP('',(#6019));
#6019 = ORIENTED_EDGE('',*,*,#6020,.T.);
#6020 = EDGE_CURVE('',#6021,#6021,#6023,.T.);
#6021 = VERTEX_POINT('',#6022);
#6022 = CARTESIAN_POINT('',(154.8075,-187.645,1.51));
#6023 = CIRCLE('',#6024,0.4);
#6024 = AXIS2_PLACEMENT_3D('',#6025,#6026,#6027);
#6025 = CARTESIAN_POINT('',(154.8075,-187.245,1.51));
#6026 = DIRECTION('',(-0.,0.,-1.));
#6027 = DIRECTION('',(-0.,-1.,0.));
#6028 = FACE_BOUND('',#6029,.T.);
#6029 = EDGE_LOOP('',(#6030));
#6030 = ORIENTED_EDGE('',*,*,#6031,.T.);
#6031 = EDGE_CURVE('',#6032,#6032,#6034,.T.);
#6032 = VERTEX_POINT('',#6033);
#6033 = CARTESIAN_POINT('',(173.865,-208.1239,1.51));
#6034 = CIRCLE('',#6035,1.9939);
#6035 = AXIS2_PLACEMENT_3D('',#6036,#6037,#6038);
#6036 = CARTESIAN_POINT('',(173.865,-206.13,1.51));
#6037 = DIRECTION('',(-0.,0.,-1.));
#6038 = DIRECTION('',(-0.,-1.,0.));
#6039 = FACE_BOUND('',#6040,.T.);
#6040 = EDGE_LOOP('',(#6041));
#6041 = ORIENTED_EDGE('',*,*,#6042,.T.);
#6042 = EDGE_CURVE('',#6043,#6043,#6045,.T.);
#6043 = VERTEX_POINT('',#6044);
#6044 = CARTESIAN_POINT('',(191.6075,-205.905,1.51));
#6045 = CIRCLE('',#6046,0.5);
#6046 = AXIS2_PLACEMENT_3D('',#6047,#6048,#6049);
#6047 = CARTESIAN_POINT('',(191.6075,-205.405,1.51));
#6048 = DIRECTION('',(-0.,0.,-1.));
#6049 = DIRECTION('',(-0.,-1.,0.));
#6050 = FACE_BOUND('',#6051,.T.);
#6051 = EDGE_LOOP('',(#6052));
#6052 = ORIENTED_EDGE('',*,*,#6053,.T.);
#6053 = EDGE_CURVE('',#6054,#6054,#6056,.T.);
#6054 = VERTEX_POINT('',#6055);
#6055 = CARTESIAN_POINT('',(194.1475,-205.905,1.51));
#6056 = CIRCLE('',#6057,0.5);
#6057 = AXIS2_PLACEMENT_3D('',#6058,#6059,#6060);
#6058 = CARTESIAN_POINT('',(194.1475,-205.405,1.51));
#6059 = DIRECTION('',(-0.,0.,-1.));
#6060 = DIRECTION('',(-0.,-1.,0.));
#6061 = FACE_BOUND('',#6062,.T.);
#6062 = EDGE_LOOP('',(#6063));
#6063 = ORIENTED_EDGE('',*,*,#6064,.T.);
#6064 = EDGE_CURVE('',#6065,#6065,#6067,.T.);
#6065 = VERTEX_POINT('',#6066);
#6066 = CARTESIAN_POINT('',(196.6875,-205.905,1.51));
#6067 = CIRCLE('',#6068,0.5);
#6068 = AXIS2_PLACEMENT_3D('',#6069,#6070,#6071);
#6069 = CARTESIAN_POINT('',(196.6875,-205.405,1.51));
#6070 = DIRECTION('',(-0.,0.,-1.));
#6071 = DIRECTION('',(-0.,-1.,0.));
#6072 = FACE_BOUND('',#6073,.T.);
#6073 = EDGE_LOOP('',(#6074));
#6074 = ORIENTED_EDGE('',*,*,#6075,.T.);
#6075 = EDGE_CURVE('',#6076,#6076,#6078,.T.);
#6076 = VERTEX_POINT('',#6077);
#6077 = CARTESIAN_POINT('',(199.2275,-205.905,1.51));
#6078 = CIRCLE('',#6079,0.5);
#6079 = AXIS2_PLACEMENT_3D('',#6080,#6081,#6082);
#6080 = CARTESIAN_POINT('',(199.2275,-205.405,1.51));
#6081 = DIRECTION('',(-0.,0.,-1.));
#6082 = DIRECTION('',(-0.,-1.,0.));
#6083 = FACE_BOUND('',#6084,.T.);
#6084 = EDGE_LOOP('',(#6085));
#6085 = ORIENTED_EDGE('',*,*,#6086,.T.);
#6086 = EDGE_CURVE('',#6087,#6087,#6089,.T.);
#6087 = VERTEX_POINT('',#6088);
#6088 = CARTESIAN_POINT('',(180.4815,-200.196,1.51));
#6089 = CIRCLE('',#6090,0.5);
#6090 = AXIS2_PLACEMENT_3D('',#6091,#6092,#6093);
#6091 = CARTESIAN_POINT('',(180.4815,-199.696,1.51));
#6092 = DIRECTION('',(-0.,0.,-1.));
#6093 = DIRECTION('',(-0.,-1.,0.));
#6094 = FACE_BOUND('',#6095,.T.);
#6095 = EDGE_LOOP('',(#6096));
#6096 = ORIENTED_EDGE('',*,*,#6097,.T.);
#6097 = EDGE_CURVE('',#6098,#6098,#6100,.T.);
#6098 = VERTEX_POINT('',#6099);
#6099 = CARTESIAN_POINT('',(183.0215,-200.196,1.51));
#6100 = CIRCLE('',#6101,0.5);
#6101 = AXIS2_PLACEMENT_3D('',#6102,#6103,#6104);
#6102 = CARTESIAN_POINT('',(183.0215,-199.696,1.51));
#6103 = DIRECTION('',(-0.,0.,-1.));
#6104 = DIRECTION('',(-0.,-1.,0.));
#6105 = FACE_BOUND('',#6106,.T.);
#6106 = EDGE_LOOP('',(#6107));
#6107 = ORIENTED_EDGE('',*,*,#6108,.T.);
#6108 = EDGE_CURVE('',#6109,#6109,#6111,.T.);
#6109 = VERTEX_POINT('',#6110);
#6110 = CARTESIAN_POINT('',(201.7675,-205.905,1.51));
#6111 = CIRCLE('',#6112,0.5);
#6112 = AXIS2_PLACEMENT_3D('',#6113,#6114,#6115);
#6113 = CARTESIAN_POINT('',(201.7675,-205.405,1.51));
#6114 = DIRECTION('',(-0.,0.,-1.));
#6115 = DIRECTION('',(-0.,-1.,0.));
#6116 = FACE_BOUND('',#6117,.T.);
#6117 = EDGE_LOOP('',(#6118));
#6118 = ORIENTED_EDGE('',*,*,#6119,.T.);
#6119 = EDGE_CURVE('',#6120,#6120,#6122,.T.);
#6120 = VERTEX_POINT('',#6121);
#6121 = CARTESIAN_POINT('',(204.3075,-205.905,1.51));
#6122 = CIRCLE('',#6123,0.5);
#6123 = AXIS2_PLACEMENT_3D('',#6124,#6125,#6126);
#6124 = CARTESIAN_POINT('',(204.3075,-205.405,1.51));
#6125 = DIRECTION('',(-0.,0.,-1.));
#6126 = DIRECTION('',(-0.,-1.,0.));
#6127 = FACE_BOUND('',#6128,.T.);
#6128 = EDGE_LOOP('',(#6129));
#6129 = ORIENTED_EDGE('',*,*,#6130,.T.);
#6130 = EDGE_CURVE('',#6131,#6131,#6133,.T.);
#6131 = VERTEX_POINT('',#6132);
#6132 = CARTESIAN_POINT('',(206.8475,-205.905,1.51));
#6133 = CIRCLE('',#6134,0.5);
#6134 = AXIS2_PLACEMENT_3D('',#6135,#6136,#6137);
#6135 = CARTESIAN_POINT('',(206.8475,-205.405,1.51));
#6136 = DIRECTION('',(-0.,0.,-1.));
#6137 = DIRECTION('',(-0.,-1.,0.));
#6138 = FACE_BOUND('',#6139,.T.);
#6139 = EDGE_LOOP('',(#6140));
#6140 = ORIENTED_EDGE('',*,*,#6141,.T.);
#6141 = EDGE_CURVE('',#6142,#6142,#6144,.T.);
#6142 = VERTEX_POINT('',#6143);
#6143 = CARTESIAN_POINT('',(209.3875,-205.905,1.51));
#6144 = CIRCLE('',#6145,0.5);
#6145 = AXIS2_PLACEMENT_3D('',#6146,#6147,#6148);
#6146 = CARTESIAN_POINT('',(209.3875,-205.405,1.51));
#6147 = DIRECTION('',(-0.,0.,-1.));
#6148 = DIRECTION('',(-0.,-1.,0.));
#6149 = FACE_BOUND('',#6150,.T.);
#6150 = EDGE_LOOP('',(#6151));
#6151 = ORIENTED_EDGE('',*,*,#6152,.T.);
#6152 = EDGE_CURVE('',#6153,#6153,#6155,.T.);
#6153 = VERTEX_POINT('',#6154);
#6154 = CARTESIAN_POINT('',(211.9275,-205.905,1.51));
#6155 = CIRCLE('',#6156,0.5);
#6156 = AXIS2_PLACEMENT_3D('',#6157,#6158,#6159);
#6157 = CARTESIAN_POINT('',(211.9275,-205.405,1.51));
#6158 = DIRECTION('',(-0.,0.,-1.));
#6159 = DIRECTION('',(-0.,-1.,0.));
#6160 = FACE_BOUND('',#6161,.T.);
#6161 = EDGE_LOOP('',(#6162));
#6162 = ORIENTED_EDGE('',*,*,#6163,.T.);
#6163 = EDGE_CURVE('',#6164,#6164,#6166,.T.);
#6164 = VERTEX_POINT('',#6165);
#6165 = CARTESIAN_POINT('',(211.9275,-203.365,1.51));
#6166 = CIRCLE('',#6167,0.5);
#6167 = AXIS2_PLACEMENT_3D('',#6168,#6169,#6170);
#6168 = CARTESIAN_POINT('',(211.9275,-202.865,1.51));
#6169 = DIRECTION('',(-0.,0.,-1.));
#6170 = DIRECTION('',(-0.,-1.,0.));
#6171 = FACE_BOUND('',#6172,.T.);
#6172 = EDGE_LOOP('',(#6173));
#6173 = ORIENTED_EDGE('',*,*,#6174,.T.);
#6174 = EDGE_CURVE('',#6175,#6175,#6177,.T.);
#6175 = VERTEX_POINT('',#6176);
#6176 = CARTESIAN_POINT('',(235.78,-206.635,1.51));
#6177 = CIRCLE('',#6178,0.4);
#6178 = AXIS2_PLACEMENT_3D('',#6179,#6180,#6181);
#6179 = CARTESIAN_POINT('',(235.78,-206.235,1.51));
#6180 = DIRECTION('',(-0.,0.,-1.));
#6181 = DIRECTION('',(-0.,-1.,0.));
#6182 = FACE_BOUND('',#6183,.T.);
#6183 = EDGE_LOOP('',(#6184));
#6184 = ORIENTED_EDGE('',*,*,#6185,.T.);
#6185 = EDGE_CURVE('',#6186,#6186,#6188,.T.);
#6186 = VERTEX_POINT('',#6187);
#6187 = CARTESIAN_POINT('',(211.9275,-200.825,1.51));
#6188 = CIRCLE('',#6189,0.5);
#6189 = AXIS2_PLACEMENT_3D('',#6190,#6191,#6192);
#6190 = CARTESIAN_POINT('',(211.9275,-200.325,1.51));
#6191 = DIRECTION('',(-0.,0.,-1.));
#6192 = DIRECTION('',(-0.,-1.,0.));
#6193 = FACE_BOUND('',#6194,.T.);
#6194 = EDGE_LOOP('',(#6195));
#6195 = ORIENTED_EDGE('',*,*,#6196,.T.);
#6196 = EDGE_CURVE('',#6197,#6197,#6199,.T.);
#6197 = VERTEX_POINT('',#6198);
#6198 = CARTESIAN_POINT('',(211.9275,-198.285,1.51));
#6199 = CIRCLE('',#6200,0.5);
#6200 = AXIS2_PLACEMENT_3D('',#6201,#6202,#6203);
#6201 = CARTESIAN_POINT('',(211.9275,-197.785,1.51));
#6202 = DIRECTION('',(-0.,0.,-1.));
#6203 = DIRECTION('',(-0.,-1.,0.));
#6204 = FACE_BOUND('',#6205,.T.);
#6205 = EDGE_LOOP('',(#6206));
#6206 = ORIENTED_EDGE('',*,*,#6207,.T.);
#6207 = EDGE_CURVE('',#6208,#6208,#6210,.T.);
#6208 = VERTEX_POINT('',#6209);
#6209 = CARTESIAN_POINT('',(218.79125,-198.75,1.51));
#6210 = CIRCLE('',#6211,0.875);
#6211 = AXIS2_PLACEMENT_3D('',#6212,#6213,#6214);
#6212 = CARTESIAN_POINT('',(218.79125,-197.875,1.51));
#6213 = DIRECTION('',(-0.,0.,-1.));
#6214 = DIRECTION('',(-0.,-1.,0.));
#6215 = FACE_BOUND('',#6216,.T.);
#6216 = EDGE_LOOP('',(#6217));
#6217 = ORIENTED_EDGE('',*,*,#6218,.T.);
#6218 = EDGE_CURVE('',#6219,#6219,#6221,.T.);
#6219 = VERTEX_POINT('',#6220);
#6220 = CARTESIAN_POINT('',(223.87125,-199.8689,1.51));
#6221 = CIRCLE('',#6222,1.9939);
#6222 = AXIS2_PLACEMENT_3D('',#6223,#6224,#6225);
#6223 = CARTESIAN_POINT('',(223.87125,-197.875,1.51));
#6224 = DIRECTION('',(-0.,0.,-1.));
#6225 = DIRECTION('',(-0.,-1.,0.));
#6226 = FACE_BOUND('',#6227,.T.);
#6227 = EDGE_LOOP('',(#6228));
#6228 = ORIENTED_EDGE('',*,*,#6229,.T.);
#6229 = EDGE_CURVE('',#6230,#6230,#6232,.T.);
#6230 = VERTEX_POINT('',#6231);
#6231 = CARTESIAN_POINT('',(228.95125,-198.75,1.51));
#6232 = CIRCLE('',#6233,0.875);
#6233 = AXIS2_PLACEMENT_3D('',#6234,#6235,#6236);
#6234 = CARTESIAN_POINT('',(228.95125,-197.875,1.51));
#6235 = DIRECTION('',(-0.,0.,-1.));
#6236 = DIRECTION('',(-0.,-1.,0.));
#6237 = FACE_BOUND('',#6238,.T.);
#6238 = EDGE_LOOP('',(#6239));
#6239 = ORIENTED_EDGE('',*,*,#6240,.T.);
#6240 = EDGE_CURVE('',#6241,#6241,#6243,.T.);
#6241 = VERTEX_POINT('',#6242);
#6242 = CARTESIAN_POINT('',(235.78,-199.015,1.51));
#6243 = CIRCLE('',#6244,0.4);
#6244 = AXIS2_PLACEMENT_3D('',#6245,#6246,#6247);
#6245 = CARTESIAN_POINT('',(235.78,-198.615,1.51));
#6246 = DIRECTION('',(-0.,0.,-1.));
#6247 = DIRECTION('',(-0.,-1.,0.));
#6248 = FACE_BOUND('',#6249,.T.);
#6249 = EDGE_LOOP('',(#6250));
#6250 = ORIENTED_EDGE('',*,*,#6251,.T.);
#6251 = EDGE_CURVE('',#6252,#6252,#6254,.T.);
#6252 = VERTEX_POINT('',#6253);
#6253 = CARTESIAN_POINT('',(173.865,-192.414,1.51));
#6254 = CIRCLE('',#6255,1.524);
#6255 = AXIS2_PLACEMENT_3D('',#6256,#6257,#6258);
#6256 = CARTESIAN_POINT('',(173.865,-190.89,1.51));
#6257 = DIRECTION('',(-0.,0.,-1.));
#6258 = DIRECTION('',(-0.,-1.,0.));
#6259 = FACE_BOUND('',#6260,.T.);
#6260 = EDGE_LOOP('',(#6261));
#6261 = ORIENTED_EDGE('',*,*,#6262,.T.);
#6262 = EDGE_CURVE('',#6263,#6263,#6265,.T.);
#6263 = VERTEX_POINT('',#6264);
#6264 = CARTESIAN_POINT('',(173.8575,-187.645,1.51));
#6265 = CIRCLE('',#6266,0.4);
#6266 = AXIS2_PLACEMENT_3D('',#6267,#6268,#6269);
#6267 = CARTESIAN_POINT('',(173.8575,-187.245,1.51));
#6268 = DIRECTION('',(-0.,0.,-1.));
#6269 = DIRECTION('',(-7.105427357601E-14,-1.,0.));
#6270 = FACE_BOUND('',#6271,.T.);
#6271 = EDGE_LOOP('',(#6272));
#6272 = ORIENTED_EDGE('',*,*,#6273,.T.);
#6273 = EDGE_CURVE('',#6274,#6274,#6276,.T.);
#6274 = VERTEX_POINT('',#6275);
#6275 = CARTESIAN_POINT('',(191.6075,-190.665,1.51));
#6276 = CIRCLE('',#6277,0.5);
#6277 = AXIS2_PLACEMENT_3D('',#6278,#6279,#6280);
#6278 = CARTESIAN_POINT('',(191.6075,-190.165,1.51));
#6279 = DIRECTION('',(-0.,0.,-1.));
#6280 = DIRECTION('',(-0.,-1.,0.));
#6281 = FACE_BOUND('',#6282,.T.);
#6282 = EDGE_LOOP('',(#6283));
#6283 = ORIENTED_EDGE('',*,*,#6284,.T.);
#6284 = EDGE_CURVE('',#6285,#6285,#6287,.T.);
#6285 = VERTEX_POINT('',#6286);
#6286 = CARTESIAN_POINT('',(194.1475,-190.665,1.51));
#6287 = CIRCLE('',#6288,0.5);
#6288 = AXIS2_PLACEMENT_3D('',#6289,#6290,#6291);
#6289 = CARTESIAN_POINT('',(194.1475,-190.165,1.51));
#6290 = DIRECTION('',(-0.,0.,-1.));
#6291 = DIRECTION('',(-0.,-1.,0.));
#6292 = FACE_BOUND('',#6293,.T.);
#6293 = EDGE_LOOP('',(#6294));
#6294 = ORIENTED_EDGE('',*,*,#6295,.T.);
#6295 = EDGE_CURVE('',#6296,#6296,#6298,.T.);
#6296 = VERTEX_POINT('',#6297);
#6297 = CARTESIAN_POINT('',(196.6875,-190.665,1.51));
#6298 = CIRCLE('',#6299,0.5);
#6299 = AXIS2_PLACEMENT_3D('',#6300,#6301,#6302);
#6300 = CARTESIAN_POINT('',(196.6875,-190.165,1.51));
#6301 = DIRECTION('',(-0.,0.,-1.));
#6302 = DIRECTION('',(-0.,-1.,0.));
#6303 = FACE_BOUND('',#6304,.T.);
#6304 = EDGE_LOOP('',(#6305));
#6305 = ORIENTED_EDGE('',*,*,#6306,.T.);
#6306 = EDGE_CURVE('',#6307,#6307,#6309,.T.);
#6307 = VERTEX_POINT('',#6308);
#6308 = CARTESIAN_POINT('',(199.2275,-190.665,1.51));
#6309 = CIRCLE('',#6310,0.5);
#6310 = AXIS2_PLACEMENT_3D('',#6311,#6312,#6313);
#6311 = CARTESIAN_POINT('',(199.2275,-190.165,1.51));
#6312 = DIRECTION('',(-0.,0.,-1.));
#6313 = DIRECTION('',(-0.,-1.,0.));
#6314 = FACE_BOUND('',#6315,.T.);
#6315 = EDGE_LOOP('',(#6316));
#6316 = ORIENTED_EDGE('',*,*,#6317,.T.);
#6317 = EDGE_CURVE('',#6318,#6318,#6320,.T.);
#6318 = VERTEX_POINT('',#6319);
#6319 = CARTESIAN_POINT('',(192.9075,-187.645,1.51));
#6320 = CIRCLE('',#6321,0.4);
#6321 = AXIS2_PLACEMENT_3D('',#6322,#6323,#6324);
#6322 = CARTESIAN_POINT('',(192.9075,-187.245,1.51));
#6323 = DIRECTION('',(-0.,0.,-1.));
#6324 = DIRECTION('',(-0.,-1.,0.));
#6325 = FACE_BOUND('',#6326,.T.);
#6326 = EDGE_LOOP('',(#6327,#6337,#6345,#6353,#6361,#6369));
#6327 = ORIENTED_EDGE('',*,*,#6328,.F.);
#6328 = EDGE_CURVE('',#6329,#6331,#6333,.T.);
#6329 = VERTEX_POINT('',#6330);
#6330 = CARTESIAN_POINT('',(194.1765,-193.451,1.51));
#6331 = VERTEX_POINT('',#6332);
#6332 = CARTESIAN_POINT('',(205.2315,-193.454,1.51));
#6333 = LINE('',#6334,#6335);
#6334 = CARTESIAN_POINT('',(194.1765,-193.451,1.51));
#6335 = VECTOR('',#6336,1.);
#6336 = DIRECTION('',(0.999999963179,-2.713704106333E-04,0.));
#6337 = ORIENTED_EDGE('',*,*,#6338,.F.);
#6338 = EDGE_CURVE('',#6339,#6329,#6341,.T.);
#6339 = VERTEX_POINT('',#6340);
#6340 = CARTESIAN_POINT('',(194.1765,-191.883,1.51));
#6341 = LINE('',#6342,#6343);
#6342 = CARTESIAN_POINT('',(194.1765,-191.883,1.51));
#6343 = VECTOR('',#6344,1.);
#6344 = DIRECTION('',(0.,-1.,0.));
#6345 = ORIENTED_EDGE('',*,*,#6346,.F.);
#6346 = EDGE_CURVE('',#6347,#6339,#6349,.T.);
#6347 = VERTEX_POINT('',#6348);
#6348 = CARTESIAN_POINT('',(210.1085,-191.883,1.51));
#6349 = LINE('',#6350,#6351);
#6350 = CARTESIAN_POINT('',(210.1085,-191.883,1.51));
#6351 = VECTOR('',#6352,1.);
#6352 = DIRECTION('',(-1.,0.,0.));
#6353 = ORIENTED_EDGE('',*,*,#6354,.F.);
#6354 = EDGE_CURVE('',#6355,#6347,#6357,.T.);
#6355 = VERTEX_POINT('',#6356);
#6356 = CARTESIAN_POINT('',(210.1085,-197.271,1.51));
#6357 = LINE('',#6358,#6359);
#6358 = CARTESIAN_POINT('',(210.1085,-197.271,1.51));
#6359 = VECTOR('',#6360,1.);
#6360 = DIRECTION('',(0.,1.,0.));
#6361 = ORIENTED_EDGE('',*,*,#6362,.F.);
#6362 = EDGE_CURVE('',#6363,#6355,#6365,.T.);
#6363 = VERTEX_POINT('',#6364);
#6364 = CARTESIAN_POINT('',(205.2315,-197.271,1.51));
#6365 = LINE('',#6366,#6367);
#6366 = CARTESIAN_POINT('',(205.2315,-197.271,1.51));
#6367 = VECTOR('',#6368,1.);
#6368 = DIRECTION('',(1.,0.,0.));
#6369 = ORIENTED_EDGE('',*,*,#6370,.F.);
#6370 = EDGE_CURVE('',#6331,#6363,#6371,.T.);
#6371 = LINE('',#6372,#6373);
#6372 = CARTESIAN_POINT('',(205.2315,-193.454,1.51));
#6373 = VECTOR('',#6374,1.);
#6374 = DIRECTION('',(0.,-1.,0.));
#6375 = FACE_BOUND('',#6376,.T.);
#6376 = EDGE_LOOP('',(#6377));
#6377 = ORIENTED_EDGE('',*,*,#6378,.T.);
#6378 = EDGE_CURVE('',#6379,#6379,#6381,.T.);
#6379 = VERTEX_POINT('',#6380);
#6380 = CARTESIAN_POINT('',(211.9275,-195.745,1.51));
#6381 = CIRCLE('',#6382,0.5);
#6382 = AXIS2_PLACEMENT_3D('',#6383,#6384,#6385);
#6383 = CARTESIAN_POINT('',(211.9275,-195.245,1.51));
#6384 = DIRECTION('',(-0.,0.,-1.));
#6385 = DIRECTION('',(-0.,-1.,0.));
#6386 = FACE_BOUND('',#6387,.T.);
#6387 = EDGE_LOOP('',(#6388));
#6388 = ORIENTED_EDGE('',*,*,#6389,.T.);
#6389 = EDGE_CURVE('',#6390,#6390,#6392,.T.);
#6390 = VERTEX_POINT('',#6391);
#6391 = CARTESIAN_POINT('',(211.9275,-193.205,1.51));
#6392 = CIRCLE('',#6393,0.5);
#6393 = AXIS2_PLACEMENT_3D('',#6394,#6395,#6396);
#6394 = CARTESIAN_POINT('',(211.9275,-192.705,1.51));
#6395 = DIRECTION('',(-0.,0.,-1.));
#6396 = DIRECTION('',(-0.,-1.,0.));
#6397 = FACE_BOUND('',#6398,.T.);
#6398 = EDGE_LOOP('',(#6399));
#6399 = ORIENTED_EDGE('',*,*,#6400,.T.);
#6400 = EDGE_CURVE('',#6401,#6401,#6403,.T.);
#6401 = VERTEX_POINT('',#6402);
#6402 = CARTESIAN_POINT('',(220.06125,-196.835,1.51));
#6403 = CIRCLE('',#6404,1.5);
#6404 = AXIS2_PLACEMENT_3D('',#6405,#6406,#6407);
#6405 = CARTESIAN_POINT('',(220.06125,-195.335,1.51));
#6406 = DIRECTION('',(-0.,0.,-1.));
#6407 = DIRECTION('',(-0.,-1.,0.));
#6408 = FACE_BOUND('',#6409,.T.);
#6409 = EDGE_LOOP('',(#6410));
#6410 = ORIENTED_EDGE('',*,*,#6411,.T.);
#6411 = EDGE_CURVE('',#6412,#6412,#6414,.T.);
#6412 = VERTEX_POINT('',#6413);
#6413 = CARTESIAN_POINT('',(226.41125,-194.295,1.51));
#6414 = CIRCLE('',#6415,1.5);
#6415 = AXIS2_PLACEMENT_3D('',#6416,#6417,#6418);
#6416 = CARTESIAN_POINT('',(226.41125,-192.795,1.51));
#6417 = DIRECTION('',(-0.,0.,-1.));
#6418 = DIRECTION('',(-0.,-1.,0.));
#6419 = FACE_BOUND('',#6420,.T.);
#6420 = EDGE_LOOP('',(#6421));
#6421 = ORIENTED_EDGE('',*,*,#6422,.T.);
#6422 = EDGE_CURVE('',#6423,#6423,#6425,.T.);
#6423 = VERTEX_POINT('',#6424);
#6424 = CARTESIAN_POINT('',(201.7675,-190.665,1.51));
#6425 = CIRCLE('',#6426,0.5);
#6426 = AXIS2_PLACEMENT_3D('',#6427,#6428,#6429);
#6427 = CARTESIAN_POINT('',(201.7675,-190.165,1.51));
#6428 = DIRECTION('',(-0.,0.,-1.));
#6429 = DIRECTION('',(-0.,-1.,0.));
#6430 = FACE_BOUND('',#6431,.T.);
#6431 = EDGE_LOOP('',(#6432));
#6432 = ORIENTED_EDGE('',*,*,#6433,.T.);
#6433 = EDGE_CURVE('',#6434,#6434,#6436,.T.);
#6434 = VERTEX_POINT('',#6435);
#6435 = CARTESIAN_POINT('',(204.3075,-190.665,1.51));
#6436 = CIRCLE('',#6437,0.5);
#6437 = AXIS2_PLACEMENT_3D('',#6438,#6439,#6440);
#6438 = CARTESIAN_POINT('',(204.3075,-190.165,1.51));
#6439 = DIRECTION('',(-0.,0.,-1.));
#6440 = DIRECTION('',(-0.,-1.,0.));
#6441 = FACE_BOUND('',#6442,.T.);
#6442 = EDGE_LOOP('',(#6443));
#6443 = ORIENTED_EDGE('',*,*,#6444,.T.);
#6444 = EDGE_CURVE('',#6445,#6445,#6447,.T.);
#6445 = VERTEX_POINT('',#6446);
#6446 = CARTESIAN_POINT('',(206.8475,-190.665,1.51));
#6447 = CIRCLE('',#6448,0.5);
#6448 = AXIS2_PLACEMENT_3D('',#6449,#6450,#6451);
#6449 = CARTESIAN_POINT('',(206.8475,-190.165,1.51));
#6450 = DIRECTION('',(-0.,0.,-1.));
#6451 = DIRECTION('',(-0.,-1.,0.));
#6452 = FACE_BOUND('',#6453,.T.);
#6453 = EDGE_LOOP('',(#6454));
#6454 = ORIENTED_EDGE('',*,*,#6455,.T.);
#6455 = EDGE_CURVE('',#6456,#6456,#6458,.T.);
#6456 = VERTEX_POINT('',#6457);
#6457 = CARTESIAN_POINT('',(209.3875,-190.665,1.51));
#6458 = CIRCLE('',#6459,0.5);
#6459 = AXIS2_PLACEMENT_3D('',#6460,#6461,#6462);
#6460 = CARTESIAN_POINT('',(209.3875,-190.165,1.51));
#6461 = DIRECTION('',(-0.,0.,-1.));
#6462 = DIRECTION('',(-0.,-1.,0.));
#6463 = FACE_BOUND('',#6464,.T.);
#6464 = EDGE_LOOP('',(#6465));
#6465 = ORIENTED_EDGE('',*,*,#6466,.T.);
#6466 = EDGE_CURVE('',#6467,#6467,#6469,.T.);
#6467 = VERTEX_POINT('',#6468);
#6468 = CARTESIAN_POINT('',(211.9275,-190.665,1.51));
#6469 = CIRCLE('',#6470,0.5);
#6470 = AXIS2_PLACEMENT_3D('',#6471,#6472,#6473);
#6471 = CARTESIAN_POINT('',(211.9275,-190.165,1.51));
#6472 = DIRECTION('',(-0.,0.,-1.));
#6473 = DIRECTION('',(-0.,-1.,0.));
#6474 = FACE_BOUND('',#6475,.T.);
#6475 = EDGE_LOOP('',(#6476));
#6476 = ORIENTED_EDGE('',*,*,#6477,.T.);
#6477 = EDGE_CURVE('',#6478,#6478,#6480,.T.);
#6478 = VERTEX_POINT('',#6479);
#6479 = CARTESIAN_POINT('',(211.9575,-187.645,1.51));
#6480 = CIRCLE('',#6481,0.4);
#6481 = AXIS2_PLACEMENT_3D('',#6482,#6483,#6484);
#6482 = CARTESIAN_POINT('',(211.9575,-187.245,1.51));
#6483 = DIRECTION('',(-0.,0.,-1.));
#6484 = DIRECTION('',(7.1054273576E-14,-1.,-0.));
#6485 = FACE_BOUND('',#6486,.T.);
#6486 = EDGE_LOOP('',(#6487));
#6487 = ORIENTED_EDGE('',*,*,#6488,.T.);
#6488 = EDGE_CURVE('',#6489,#6489,#6491,.T.);
#6489 = VERTEX_POINT('',#6490);
#6490 = CARTESIAN_POINT('',(231.0075,-187.615,1.51));
#6491 = CIRCLE('',#6492,0.4);
#6492 = AXIS2_PLACEMENT_3D('',#6493,#6494,#6495);
#6493 = CARTESIAN_POINT('',(231.0075,-187.215,1.51));
#6494 = DIRECTION('',(-0.,0.,-1.));
#6495 = DIRECTION('',(-0.,-1.,0.));
#6496 = FACE_BOUND('',#6497,.T.);
#6497 = EDGE_LOOP('',(#6498));
#6498 = ORIENTED_EDGE('',*,*,#6499,.T.);
#6499 = EDGE_CURVE('',#6500,#6500,#6502,.T.);
#6500 = VERTEX_POINT('',#6501);
#6501 = CARTESIAN_POINT('',(109.25375,-179.7,1.51));
#6502 = CIRCLE('',#6503,0.875);
#6503 = AXIS2_PLACEMENT_3D('',#6504,#6505,#6506);
#6504 = CARTESIAN_POINT('',(109.25375,-178.825,1.51));
#6505 = DIRECTION('',(-0.,0.,-1.));
#6506 = DIRECTION('',(-0.,-1.,0.));
#6507 = FACE_BOUND('',#6508,.T.);
#6508 = EDGE_LOOP('',(#6509));
#6509 = ORIENTED_EDGE('',*,*,#6510,.T.);
#6510 = EDGE_CURVE('',#6511,#6511,#6513,.T.);
#6511 = VERTEX_POINT('',#6512);
#6512 = CARTESIAN_POINT('',(114.33375,-180.8189,1.51));
#6513 = CIRCLE('',#6514,1.9939);
#6514 = AXIS2_PLACEMENT_3D('',#6515,#6516,#6517);
#6515 = CARTESIAN_POINT('',(114.33375,-178.825,1.51));
#6516 = DIRECTION('',(-0.,0.,-1.));
#6517 = DIRECTION('',(-7.127165211496E-15,-1.,0.));
#6518 = FACE_BOUND('',#6519,.T.);
#6519 = EDGE_LOOP('',(#6520));
#6520 = ORIENTED_EDGE('',*,*,#6521,.T.);
#6521 = EDGE_CURVE('',#6522,#6522,#6524,.T.);
#6522 = VERTEX_POINT('',#6523);
#6523 = CARTESIAN_POINT('',(119.41375,-179.7,1.51));
#6524 = CIRCLE('',#6525,0.875);
#6525 = AXIS2_PLACEMENT_3D('',#6526,#6527,#6528);
#6526 = CARTESIAN_POINT('',(119.41375,-178.825,1.51));
#6527 = DIRECTION('',(-0.,0.,-1.));
#6528 = DIRECTION('',(-0.,-1.,0.));
#6529 = FACE_BOUND('',#6530,.T.);
#6530 = EDGE_LOOP('',(#6531));
#6531 = ORIENTED_EDGE('',*,*,#6532,.T.);
#6532 = EDGE_CURVE('',#6533,#6533,#6535,.T.);
#6533 = VERTEX_POINT('',#6534);
#6534 = CARTESIAN_POINT('',(130.85125,-180.08,1.51));
#6535 = CIRCLE('',#6536,0.4);
#6536 = AXIS2_PLACEMENT_3D('',#6537,#6538,#6539);
#6537 = CARTESIAN_POINT('',(130.85125,-179.68,1.51));
#6538 = DIRECTION('',(-0.,0.,-1.));
#6539 = DIRECTION('',(-0.,-1.,0.));
#6540 = FACE_BOUND('',#6541,.T.);
#6541 = EDGE_LOOP('',(#6542));
#6542 = ORIENTED_EDGE('',*,*,#6543,.T.);
#6543 = EDGE_CURVE('',#6544,#6544,#6546,.T.);
#6544 = VERTEX_POINT('',#6545);
#6545 = CARTESIAN_POINT('',(110.52375,-177.785,1.51));
#6546 = CIRCLE('',#6547,1.5);
#6547 = AXIS2_PLACEMENT_3D('',#6548,#6549,#6550);
#6548 = CARTESIAN_POINT('',(110.52375,-176.285,1.51));
#6549 = DIRECTION('',(-0.,0.,-1.));
#6550 = DIRECTION('',(-0.,-1.,0.));
#6551 = FACE_BOUND('',#6552,.T.);
#6552 = EDGE_LOOP('',(#6553));
#6553 = ORIENTED_EDGE('',*,*,#6554,.T.);
#6554 = EDGE_CURVE('',#6555,#6555,#6557,.T.);
#6555 = VERTEX_POINT('',#6556);
#6556 = CARTESIAN_POINT('',(116.87375,-175.245,1.51));
#6557 = CIRCLE('',#6558,1.5);
#6558 = AXIS2_PLACEMENT_3D('',#6559,#6560,#6561);
#6559 = CARTESIAN_POINT('',(116.87375,-173.745,1.51));
#6560 = DIRECTION('',(-0.,0.,-1.));
#6561 = DIRECTION('',(-0.,-1.,0.));
#6562 = FACE_BOUND('',#6563,.T.);
#6563 = EDGE_LOOP('',(#6564));
#6564 = ORIENTED_EDGE('',*,*,#6565,.T.);
#6565 = EDGE_CURVE('',#6566,#6566,#6568,.T.);
#6566 = VERTEX_POINT('',#6567);
#6567 = CARTESIAN_POINT('',(140.21,-179.7,1.51));
#6568 = CIRCLE('',#6569,0.875);
#6569 = AXIS2_PLACEMENT_3D('',#6570,#6571,#6572);
#6570 = CARTESIAN_POINT('',(140.21,-178.825,1.51));
#6571 = DIRECTION('',(-0.,0.,-1.));
#6572 = DIRECTION('',(-0.,-1.,0.));
#6573 = FACE_BOUND('',#6574,.T.);
#6574 = EDGE_LOOP('',(#6575));
#6575 = ORIENTED_EDGE('',*,*,#6576,.T.);
#6576 = EDGE_CURVE('',#6577,#6577,#6579,.T.);
#6577 = VERTEX_POINT('',#6578);
#6578 = CARTESIAN_POINT('',(145.29,-180.8189,1.51));
#6579 = CIRCLE('',#6580,1.9939);
#6580 = AXIS2_PLACEMENT_3D('',#6581,#6582,#6583);
#6581 = CARTESIAN_POINT('',(145.29,-178.825,1.51));
#6582 = DIRECTION('',(-0.,0.,-1.));
#6583 = DIRECTION('',(-0.,-1.,0.));
#6584 = FACE_BOUND('',#6585,.T.);
#6585 = EDGE_LOOP('',(#6586));
#6586 = ORIENTED_EDGE('',*,*,#6587,.T.);
#6587 = EDGE_CURVE('',#6588,#6588,#6590,.T.);
#6588 = VERTEX_POINT('',#6589);
#6589 = CARTESIAN_POINT('',(150.37,-179.7,1.51));
#6590 = CIRCLE('',#6591,0.875);
#6591 = AXIS2_PLACEMENT_3D('',#6592,#6593,#6594);
#6592 = CARTESIAN_POINT('',(150.37,-178.825,1.51));
#6593 = DIRECTION('',(-0.,0.,-1.));
#6594 = DIRECTION('',(-0.,-1.,0.));
#6595 = FACE_BOUND('',#6596,.T.);
#6596 = EDGE_LOOP('',(#6597));
#6597 = ORIENTED_EDGE('',*,*,#6598,.T.);
#6598 = EDGE_CURVE('',#6599,#6599,#6601,.T.);
#6599 = VERTEX_POINT('',#6600);
#6600 = CARTESIAN_POINT('',(154.8075,-180.025,1.51));
#6601 = CIRCLE('',#6602,0.4);
#6602 = AXIS2_PLACEMENT_3D('',#6603,#6604,#6605);
#6603 = CARTESIAN_POINT('',(154.8075,-179.625,1.51));
#6604 = DIRECTION('',(-0.,0.,-1.));
#6605 = DIRECTION('',(-0.,-1.,0.));
#6606 = FACE_BOUND('',#6607,.T.);
#6607 = EDGE_LOOP('',(#6608));
#6608 = ORIENTED_EDGE('',*,*,#6609,.T.);
#6609 = EDGE_CURVE('',#6610,#6610,#6612,.T.);
#6610 = VERTEX_POINT('',#6611);
#6611 = CARTESIAN_POINT('',(159.26,-179.7,1.51));
#6612 = CIRCLE('',#6613,0.875);
#6613 = AXIS2_PLACEMENT_3D('',#6614,#6615,#6616);
#6614 = CARTESIAN_POINT('',(159.26,-178.825,1.51));
#6615 = DIRECTION('',(-0.,0.,-1.));
#6616 = DIRECTION('',(-0.,-1.,0.));
#6617 = FACE_BOUND('',#6618,.T.);
#6618 = EDGE_LOOP('',(#6619));
#6619 = ORIENTED_EDGE('',*,*,#6620,.T.);
#6620 = EDGE_CURVE('',#6621,#6621,#6623,.T.);
#6621 = VERTEX_POINT('',#6622);
#6622 = CARTESIAN_POINT('',(164.34,-180.8189,1.51));
#6623 = CIRCLE('',#6624,1.9939);
#6624 = AXIS2_PLACEMENT_3D('',#6625,#6626,#6627);
#6625 = CARTESIAN_POINT('',(164.34,-178.825,1.51));
#6626 = DIRECTION('',(-0.,0.,-1.));
#6627 = DIRECTION('',(-0.,-1.,0.));
#6628 = FACE_BOUND('',#6629,.T.);
#6629 = EDGE_LOOP('',(#6630));
#6630 = ORIENTED_EDGE('',*,*,#6631,.T.);
#6631 = EDGE_CURVE('',#6632,#6632,#6634,.T.);
#6632 = VERTEX_POINT('',#6633);
#6633 = CARTESIAN_POINT('',(141.48,-177.785,1.51));
#6634 = CIRCLE('',#6635,1.5);
#6635 = AXIS2_PLACEMENT_3D('',#6636,#6637,#6638);
#6636 = CARTESIAN_POINT('',(141.48,-176.285,1.51));
#6637 = DIRECTION('',(-0.,0.,-1.));
#6638 = DIRECTION('',(-0.,-1.,0.));
#6639 = FACE_BOUND('',#6640,.T.);
#6640 = EDGE_LOOP('',(#6641));
#6641 = ORIENTED_EDGE('',*,*,#6642,.T.);
#6642 = EDGE_CURVE('',#6643,#6643,#6645,.T.);
#6643 = VERTEX_POINT('',#6644);
#6644 = CARTESIAN_POINT('',(147.83,-175.245,1.51));
#6645 = CIRCLE('',#6646,1.5);
#6646 = AXIS2_PLACEMENT_3D('',#6647,#6648,#6649);
#6647 = CARTESIAN_POINT('',(147.83,-173.745,1.51));
#6648 = DIRECTION('',(-0.,0.,-1.));
#6649 = DIRECTION('',(-0.,-1.,0.));
#6650 = FACE_BOUND('',#6651,.T.);
#6651 = EDGE_LOOP('',(#6652));
#6652 = ORIENTED_EDGE('',*,*,#6653,.T.);
#6653 = EDGE_CURVE('',#6654,#6654,#6656,.T.);
#6654 = VERTEX_POINT('',#6655);
#6655 = CARTESIAN_POINT('',(160.53,-177.785,1.51));
#6656 = CIRCLE('',#6657,1.5);
#6657 = AXIS2_PLACEMENT_3D('',#6658,#6659,#6660);
#6658 = CARTESIAN_POINT('',(160.53,-176.285,1.51));
#6659 = DIRECTION('',(-0.,0.,-1.));
#6660 = DIRECTION('',(-0.,-1.,0.));
#6661 = FACE_BOUND('',#6662,.T.);
#6662 = EDGE_LOOP('',(#6663));
#6663 = ORIENTED_EDGE('',*,*,#6664,.T.);
#6664 = EDGE_CURVE('',#6665,#6665,#6667,.T.);
#6665 = VERTEX_POINT('',#6666);
#6666 = CARTESIAN_POINT('',(102.4275,-173.364,1.51));
#6667 = CIRCLE('',#6668,1.524);
#6668 = AXIS2_PLACEMENT_3D('',#6669,#6670,#6671);
#6669 = CARTESIAN_POINT('',(102.4275,-171.84,1.51));
#6670 = DIRECTION('',(-0.,0.,-1.));
#6671 = DIRECTION('',(-0.,-1.,0.));
#6672 = FACE_BOUND('',#6673,.T.);
#6673 = EDGE_LOOP('',(#6674));
#6674 = ORIENTED_EDGE('',*,*,#6675,.T.);
#6675 = EDGE_CURVE('',#6676,#6676,#6678,.T.);
#6676 = VERTEX_POINT('',#6677);
#6677 = CARTESIAN_POINT('',(126.24,-173.364,1.51));
#6678 = CIRCLE('',#6679,1.524);
#6679 = AXIS2_PLACEMENT_3D('',#6680,#6681,#6682);
#6680 = CARTESIAN_POINT('',(126.24,-171.84,1.51));
#6681 = DIRECTION('',(-0.,0.,-1.));
#6682 = DIRECTION('',(-0.,-1.,0.));
#6683 = FACE_BOUND('',#6684,.T.);
#6684 = EDGE_LOOP('',(#6685));
#6685 = ORIENTED_EDGE('',*,*,#6686,.T.);
#6686 = EDGE_CURVE('',#6687,#6687,#6689,.T.);
#6687 = VERTEX_POINT('',#6688);
#6688 = CARTESIAN_POINT('',(119.09375,-168.595,1.51));
#6689 = CIRCLE('',#6690,0.4);
#6690 = AXIS2_PLACEMENT_3D('',#6691,#6692,#6693);
#6691 = CARTESIAN_POINT('',(119.09375,-168.195,1.51));
#6692 = DIRECTION('',(-0.,0.,-1.));
#6693 = DIRECTION('',(-0.,-1.,0.));
#6694 = FACE_BOUND('',#6695,.T.);
#6695 = EDGE_LOOP('',(#6696));
#6696 = ORIENTED_EDGE('',*,*,#6697,.T.);
#6697 = EDGE_CURVE('',#6698,#6698,#6700,.T.);
#6698 = VERTEX_POINT('',#6699);
#6699 = CARTESIAN_POINT('',(145.2875,-168.595,1.51));
#6700 = CIRCLE('',#6701,0.4);
#6701 = AXIS2_PLACEMENT_3D('',#6702,#6703,#6704);
#6702 = CARTESIAN_POINT('',(145.2875,-168.195,1.51));
#6703 = DIRECTION('',(-0.,0.,-1.));
#6704 = DIRECTION('',(-0.,-1.,0.));
#6705 = FACE_BOUND('',#6706,.T.);
#6706 = EDGE_LOOP('',(#6707));
#6707 = ORIENTED_EDGE('',*,*,#6708,.T.);
#6708 = EDGE_CURVE('',#6709,#6709,#6711,.T.);
#6709 = VERTEX_POINT('',#6710);
#6710 = CARTESIAN_POINT('',(164.3375,-168.595,1.51));
#6711 = CIRCLE('',#6712,0.4);
#6712 = AXIS2_PLACEMENT_3D('',#6713,#6714,#6715);
#6713 = CARTESIAN_POINT('',(164.3375,-168.195,1.51));
#6714 = DIRECTION('',(-0.,0.,-1.));
#6715 = DIRECTION('',(-0.,-1.,0.));
#6716 = FACE_BOUND('',#6717,.T.);
#6717 = EDGE_LOOP('',(#6718));
#6718 = ORIENTED_EDGE('',*,*,#6719,.T.);
#6719 = EDGE_CURVE('',#6720,#6720,#6722,.T.);
#6720 = VERTEX_POINT('',#6721);
#6721 = CARTESIAN_POINT('',(169.42,-179.7,1.51));
#6722 = CIRCLE('',#6723,0.875);
#6723 = AXIS2_PLACEMENT_3D('',#6724,#6725,#6726);
#6724 = CARTESIAN_POINT('',(169.42,-178.825,1.51));
#6725 = DIRECTION('',(-0.,0.,-1.));
#6726 = DIRECTION('',(-0.,-1.,0.));
#6727 = FACE_BOUND('',#6728,.T.);
#6728 = EDGE_LOOP('',(#6729));
#6729 = ORIENTED_EDGE('',*,*,#6730,.T.);
#6730 = EDGE_CURVE('',#6731,#6731,#6733,.T.);
#6731 = VERTEX_POINT('',#6732);
#6732 = CARTESIAN_POINT('',(173.8575,-180.025,1.51));
#6733 = CIRCLE('',#6734,0.4);
#6734 = AXIS2_PLACEMENT_3D('',#6735,#6736,#6737);
#6735 = CARTESIAN_POINT('',(173.8575,-179.625,1.51));
#6736 = DIRECTION('',(-0.,0.,-1.));
#6737 = DIRECTION('',(-7.105427357601E-14,-1.,0.));
#6738 = FACE_BOUND('',#6739,.T.);
#6739 = EDGE_LOOP('',(#6740));
#6740 = ORIENTED_EDGE('',*,*,#6741,.T.);
#6741 = EDGE_CURVE('',#6742,#6742,#6744,.T.);
#6742 = VERTEX_POINT('',#6743);
#6743 = CARTESIAN_POINT('',(178.31,-179.7,1.51));
#6744 = CIRCLE('',#6745,0.875);
#6745 = AXIS2_PLACEMENT_3D('',#6746,#6747,#6748);
#6746 = CARTESIAN_POINT('',(178.31,-178.825,1.51));
#6747 = DIRECTION('',(-0.,0.,-1.));
#6748 = DIRECTION('',(-0.,-1.,0.));
#6749 = FACE_BOUND('',#6750,.T.);
#6750 = EDGE_LOOP('',(#6751));
#6751 = ORIENTED_EDGE('',*,*,#6752,.T.);
#6752 = EDGE_CURVE('',#6753,#6753,#6755,.T.);
#6753 = VERTEX_POINT('',#6754);
#6754 = CARTESIAN_POINT('',(183.39,-180.8189,1.51));
#6755 = CIRCLE('',#6756,1.9939);
#6756 = AXIS2_PLACEMENT_3D('',#6757,#6758,#6759);
#6757 = CARTESIAN_POINT('',(183.39,-178.825,1.51));
#6758 = DIRECTION('',(-0.,0.,-1.));
#6759 = DIRECTION('',(-0.,-1.,0.));
#6760 = FACE_BOUND('',#6761,.T.);
#6761 = EDGE_LOOP('',(#6762));
#6762 = ORIENTED_EDGE('',*,*,#6763,.T.);
#6763 = EDGE_CURVE('',#6764,#6764,#6766,.T.);
#6764 = VERTEX_POINT('',#6765);
#6765 = CARTESIAN_POINT('',(188.47,-179.7,1.51));
#6766 = CIRCLE('',#6767,0.875);
#6767 = AXIS2_PLACEMENT_3D('',#6768,#6769,#6770);
#6768 = CARTESIAN_POINT('',(188.47,-178.825,1.51));
#6769 = DIRECTION('',(-0.,0.,-1.));
#6770 = DIRECTION('',(-0.,-1.,0.));
#6771 = FACE_BOUND('',#6772,.T.);
#6772 = EDGE_LOOP('',(#6773));
#6773 = ORIENTED_EDGE('',*,*,#6774,.T.);
#6774 = EDGE_CURVE('',#6775,#6775,#6777,.T.);
#6775 = VERTEX_POINT('',#6776);
#6776 = CARTESIAN_POINT('',(192.9075,-180.025,1.51));
#6777 = CIRCLE('',#6778,0.4);
#6778 = AXIS2_PLACEMENT_3D('',#6779,#6780,#6781);
#6779 = CARTESIAN_POINT('',(192.9075,-179.625,1.51));
#6780 = DIRECTION('',(-0.,0.,-1.));
#6781 = DIRECTION('',(-0.,-1.,0.));
#6782 = FACE_BOUND('',#6783,.T.);
#6783 = EDGE_LOOP('',(#6784));
#6784 = ORIENTED_EDGE('',*,*,#6785,.T.);
#6785 = EDGE_CURVE('',#6786,#6786,#6788,.T.);
#6786 = VERTEX_POINT('',#6787);
#6787 = CARTESIAN_POINT('',(197.36,-179.7,1.51));
#6788 = CIRCLE('',#6789,0.875);
#6789 = AXIS2_PLACEMENT_3D('',#6790,#6791,#6792);
#6790 = CARTESIAN_POINT('',(197.36,-178.825,1.51));
#6791 = DIRECTION('',(-0.,0.,-1.));
#6792 = DIRECTION('',(-0.,-1.,0.));
#6793 = FACE_BOUND('',#6794,.T.);
#6794 = EDGE_LOOP('',(#6795));
#6795 = ORIENTED_EDGE('',*,*,#6796,.T.);
#6796 = EDGE_CURVE('',#6797,#6797,#6799,.T.);
#6797 = VERTEX_POINT('',#6798);
#6798 = CARTESIAN_POINT('',(179.58,-177.785,1.51));
#6799 = CIRCLE('',#6800,1.5);
#6800 = AXIS2_PLACEMENT_3D('',#6801,#6802,#6803);
#6801 = CARTESIAN_POINT('',(179.58,-176.285,1.51));
#6802 = DIRECTION('',(-0.,0.,-1.));
#6803 = DIRECTION('',(-0.,-1.,0.));
#6804 = FACE_BOUND('',#6805,.T.);
#6805 = EDGE_LOOP('',(#6806));
#6806 = ORIENTED_EDGE('',*,*,#6807,.T.);
#6807 = EDGE_CURVE('',#6808,#6808,#6810,.T.);
#6808 = VERTEX_POINT('',#6809);
#6809 = CARTESIAN_POINT('',(166.88,-175.245,1.51));
#6810 = CIRCLE('',#6811,1.5);
#6811 = AXIS2_PLACEMENT_3D('',#6812,#6813,#6814);
#6812 = CARTESIAN_POINT('',(166.88,-173.745,1.51));
#6813 = DIRECTION('',(-0.,0.,-1.));
#6814 = DIRECTION('',(-0.,-1.,0.));
#6815 = FACE_BOUND('',#6816,.T.);
#6816 = EDGE_LOOP('',(#6817));
#6817 = ORIENTED_EDGE('',*,*,#6818,.T.);
#6818 = EDGE_CURVE('',#6819,#6819,#6821,.T.);
#6819 = VERTEX_POINT('',#6820);
#6820 = CARTESIAN_POINT('',(198.63,-177.785,1.51));
#6821 = CIRCLE('',#6822,1.5);
#6822 = AXIS2_PLACEMENT_3D('',#6823,#6824,#6825);
#6823 = CARTESIAN_POINT('',(198.63,-176.285,1.51));
#6824 = DIRECTION('',(-0.,0.,-1.));
#6825 = DIRECTION('',(-0.,-1.,0.));
#6826 = FACE_BOUND('',#6827,.T.);
#6827 = EDGE_LOOP('',(#6828));
#6828 = ORIENTED_EDGE('',*,*,#6829,.T.);
#6829 = EDGE_CURVE('',#6830,#6830,#6832,.T.);
#6830 = VERTEX_POINT('',#6831);
#6831 = CARTESIAN_POINT('',(185.93,-175.245,1.51));
#6832 = CIRCLE('',#6833,1.5);
#6833 = AXIS2_PLACEMENT_3D('',#6834,#6835,#6836);
#6834 = CARTESIAN_POINT('',(185.93,-173.745,1.51));
#6835 = DIRECTION('',(-0.,0.,-1.));
#6836 = DIRECTION('',(-0.,-1.,0.));
#6837 = FACE_BOUND('',#6838,.T.);
#6838 = EDGE_LOOP('',(#6839));
#6839 = ORIENTED_EDGE('',*,*,#6840,.T.);
#6840 = EDGE_CURVE('',#6841,#6841,#6843,.T.);
#6841 = VERTEX_POINT('',#6842);
#6842 = CARTESIAN_POINT('',(202.44,-180.8189,1.51));
#6843 = CIRCLE('',#6844,1.9939);
#6844 = AXIS2_PLACEMENT_3D('',#6845,#6846,#6847);
#6845 = CARTESIAN_POINT('',(202.44,-178.825,1.51));
#6846 = DIRECTION('',(-0.,0.,-1.));
#6847 = DIRECTION('',(-0.,-1.,0.));
#6848 = FACE_BOUND('',#6849,.T.);
#6849 = EDGE_LOOP('',(#6850));
#6850 = ORIENTED_EDGE('',*,*,#6851,.T.);
#6851 = EDGE_CURVE('',#6852,#6852,#6854,.T.);
#6852 = VERTEX_POINT('',#6853);
#6853 = CARTESIAN_POINT('',(207.52,-179.7,1.51));
#6854 = CIRCLE('',#6855,0.875);
#6855 = AXIS2_PLACEMENT_3D('',#6856,#6857,#6858);
#6856 = CARTESIAN_POINT('',(207.52,-178.825,1.51));
#6857 = DIRECTION('',(-0.,0.,-1.));
#6858 = DIRECTION('',(-0.,-1.,0.));
#6859 = FACE_BOUND('',#6860,.T.);
#6860 = EDGE_LOOP('',(#6861));
#6861 = ORIENTED_EDGE('',*,*,#6862,.T.);
#6862 = EDGE_CURVE('',#6863,#6863,#6865,.T.);
#6863 = VERTEX_POINT('',#6864);
#6864 = CARTESIAN_POINT('',(211.9575,-180.025,1.51));
#6865 = CIRCLE('',#6866,0.4);
#6866 = AXIS2_PLACEMENT_3D('',#6867,#6868,#6869);
#6867 = CARTESIAN_POINT('',(211.9575,-179.625,1.51));
#6868 = DIRECTION('',(-0.,0.,-1.));
#6869 = DIRECTION('',(7.1054273576E-14,-1.,-0.));
#6870 = FACE_BOUND('',#6871,.T.);
#6871 = EDGE_LOOP('',(#6872));
#6872 = ORIENTED_EDGE('',*,*,#6873,.T.);
#6873 = EDGE_CURVE('',#6874,#6874,#6876,.T.);
#6874 = VERTEX_POINT('',#6875);
#6875 = CARTESIAN_POINT('',(216.41,-179.7,1.51));
#6876 = CIRCLE('',#6877,0.875);
#6877 = AXIS2_PLACEMENT_3D('',#6878,#6879,#6880);
#6878 = CARTESIAN_POINT('',(216.41,-178.825,1.51));
#6879 = DIRECTION('',(-0.,0.,-1.));
#6880 = DIRECTION('',(-0.,-1.,0.));
#6881 = FACE_BOUND('',#6882,.T.);
#6882 = EDGE_LOOP('',(#6883));
#6883 = ORIENTED_EDGE('',*,*,#6884,.T.);
#6884 = EDGE_CURVE('',#6885,#6885,#6887,.T.);
#6885 = VERTEX_POINT('',#6886);
#6886 = CARTESIAN_POINT('',(221.49,-180.8189,1.51));
#6887 = CIRCLE('',#6888,1.9939);
#6888 = AXIS2_PLACEMENT_3D('',#6889,#6890,#6891);
#6889 = CARTESIAN_POINT('',(221.49,-178.825,1.51));
#6890 = DIRECTION('',(-0.,0.,-1.));
#6891 = DIRECTION('',(-0.,-1.,0.));
#6892 = FACE_BOUND('',#6893,.T.);
#6893 = EDGE_LOOP('',(#6894));
#6894 = ORIENTED_EDGE('',*,*,#6895,.T.);
#6895 = EDGE_CURVE('',#6896,#6896,#6898,.T.);
#6896 = VERTEX_POINT('',#6897);
#6897 = CARTESIAN_POINT('',(226.57,-179.7,1.51));
#6898 = CIRCLE('',#6899,0.875);
#6899 = AXIS2_PLACEMENT_3D('',#6900,#6901,#6902);
#6900 = CARTESIAN_POINT('',(226.57,-178.825,1.51));
#6901 = DIRECTION('',(-0.,0.,-1.));
#6902 = DIRECTION('',(-0.,-1.,0.));
#6903 = FACE_BOUND('',#6904,.T.);
#6904 = EDGE_LOOP('',(#6905));
#6905 = ORIENTED_EDGE('',*,*,#6906,.T.);
#6906 = EDGE_CURVE('',#6907,#6907,#6909,.T.);
#6907 = VERTEX_POINT('',#6908);
#6908 = CARTESIAN_POINT('',(231.0075,-179.995,1.51));
#6909 = CIRCLE('',#6910,0.4);
#6910 = AXIS2_PLACEMENT_3D('',#6911,#6912,#6913);
#6911 = CARTESIAN_POINT('',(231.0075,-179.595,1.51));
#6912 = DIRECTION('',(-0.,0.,-1.));
#6913 = DIRECTION('',(-0.,-1.,0.));
#6914 = FACE_BOUND('',#6915,.T.);
#6915 = EDGE_LOOP('',(#6916));
#6916 = ORIENTED_EDGE('',*,*,#6917,.T.);
#6917 = EDGE_CURVE('',#6918,#6918,#6920,.T.);
#6918 = VERTEX_POINT('',#6919);
#6919 = CARTESIAN_POINT('',(235.46,-179.7,1.51));
#6920 = CIRCLE('',#6921,0.875);
#6921 = AXIS2_PLACEMENT_3D('',#6922,#6923,#6924);
#6922 = CARTESIAN_POINT('',(235.46,-178.825,1.51));
#6923 = DIRECTION('',(-0.,0.,-1.));
#6924 = DIRECTION('',(-0.,-1.,0.));
#6925 = FACE_BOUND('',#6926,.T.);
#6926 = EDGE_LOOP('',(#6927));
#6927 = ORIENTED_EDGE('',*,*,#6928,.T.);
#6928 = EDGE_CURVE('',#6929,#6929,#6931,.T.);
#6929 = VERTEX_POINT('',#6930);
#6930 = CARTESIAN_POINT('',(217.68,-177.785,1.51));
#6931 = CIRCLE('',#6932,1.5);
#6932 = AXIS2_PLACEMENT_3D('',#6933,#6934,#6935);
#6933 = CARTESIAN_POINT('',(217.68,-176.285,1.51));
#6934 = DIRECTION('',(-0.,0.,-1.));
#6935 = DIRECTION('',(-0.,-1.,0.));
#6936 = FACE_BOUND('',#6937,.T.);
#6937 = EDGE_LOOP('',(#6938));
#6938 = ORIENTED_EDGE('',*,*,#6939,.T.);
#6939 = EDGE_CURVE('',#6940,#6940,#6942,.T.);
#6940 = VERTEX_POINT('',#6941);
#6941 = CARTESIAN_POINT('',(204.98,-175.245,1.51));
#6942 = CIRCLE('',#6943,1.5);
#6943 = AXIS2_PLACEMENT_3D('',#6944,#6945,#6946);
#6944 = CARTESIAN_POINT('',(204.98,-173.745,1.51));
#6945 = DIRECTION('',(-0.,0.,-1.));
#6946 = DIRECTION('',(-0.,-1.,0.));
#6947 = FACE_BOUND('',#6948,.T.);
#6948 = EDGE_LOOP('',(#6949));
#6949 = ORIENTED_EDGE('',*,*,#6950,.T.);
#6950 = EDGE_CURVE('',#6951,#6951,#6953,.T.);
#6951 = VERTEX_POINT('',#6952);
#6952 = CARTESIAN_POINT('',(236.73,-177.785,1.51));
#6953 = CIRCLE('',#6954,1.5);
#6954 = AXIS2_PLACEMENT_3D('',#6955,#6956,#6957);
#6955 = CARTESIAN_POINT('',(236.73,-176.285,1.51));
#6956 = DIRECTION('',(-0.,0.,-1.));
#6957 = DIRECTION('',(-0.,-1.,0.));
#6958 = FACE_BOUND('',#6959,.T.);
#6959 = EDGE_LOOP('',(#6960));
#6960 = ORIENTED_EDGE('',*,*,#6961,.T.);
#6961 = EDGE_CURVE('',#6962,#6962,#6964,.T.);
#6962 = VERTEX_POINT('',#6963);
#6963 = CARTESIAN_POINT('',(224.03,-175.245,1.51));
#6964 = CIRCLE('',#6965,1.5);
#6965 = AXIS2_PLACEMENT_3D('',#6966,#6967,#6968);
#6966 = CARTESIAN_POINT('',(224.03,-173.745,1.51));
#6967 = DIRECTION('',(-0.,0.,-1.));
#6968 = DIRECTION('',(-0.,-1.,0.));
#6969 = FACE_BOUND('',#6970,.T.);
#6970 = EDGE_LOOP('',(#6971));
#6971 = ORIENTED_EDGE('',*,*,#6972,.T.);
#6972 = EDGE_CURVE('',#6973,#6973,#6975,.T.);
#6973 = VERTEX_POINT('',#6974);
#6974 = CARTESIAN_POINT('',(183.3875,-168.595,1.51));
#6975 = CIRCLE('',#6976,0.4);
#6976 = AXIS2_PLACEMENT_3D('',#6977,#6978,#6979);
#6977 = CARTESIAN_POINT('',(183.3875,-168.195,1.51));
#6978 = DIRECTION('',(-0.,0.,-1.));
#6979 = DIRECTION('',(-0.,-1.,0.));
#6980 = FACE_BOUND('',#6981,.T.);
#6981 = EDGE_LOOP('',(#6982));
#6982 = ORIENTED_EDGE('',*,*,#6983,.T.);
#6983 = EDGE_CURVE('',#6984,#6984,#6986,.T.);
#6984 = VERTEX_POINT('',#6985);
#6985 = CARTESIAN_POINT('',(202.4375,-168.595,1.51));
#6986 = CIRCLE('',#6987,0.4);
#6987 = AXIS2_PLACEMENT_3D('',#6988,#6989,#6990);
#6988 = CARTESIAN_POINT('',(202.4375,-168.195,1.51));
#6989 = DIRECTION('',(-0.,0.,-1.));
#6990 = DIRECTION('',(-0.,-1.,0.));
#6991 = FACE_BOUND('',#6992,.T.);
#6992 = EDGE_LOOP('',(#6993));
#6993 = ORIENTED_EDGE('',*,*,#6994,.T.);
#6994 = EDGE_CURVE('',#6995,#6995,#6997,.T.);
#6995 = VERTEX_POINT('',#6996);
#6996 = CARTESIAN_POINT('',(221.4875,-168.595,1.51));
#6997 = CIRCLE('',#6998,0.4);
#6998 = AXIS2_PLACEMENT_3D('',#6999,#7000,#7001);
#6999 = CARTESIAN_POINT('',(221.4875,-168.195,1.51));
#7000 = DIRECTION('',(-0.,0.,-1.));
#7001 = DIRECTION('',(-0.,-1.,0.));
#7002 = FACE_BOUND('',#7003,.T.);
#7003 = EDGE_LOOP('',(#7004));
#7004 = ORIENTED_EDGE('',*,*,#7005,.T.);
#7005 = EDGE_CURVE('',#7006,#7006,#7008,.T.);
#7006 = VERTEX_POINT('',#7007);
#7007 = CARTESIAN_POINT('',(273.8775,-208.1239,1.51));
#7008 = CIRCLE('',#7009,1.9939);
#7009 = AXIS2_PLACEMENT_3D('',#7010,#7011,#7012);
#7010 = CARTESIAN_POINT('',(273.8775,-206.13,1.51));
#7011 = DIRECTION('',(-0.,0.,-1.));
#7012 = DIRECTION('',(-0.,-1.,0.));
#7013 = FACE_BOUND('',#7014,.T.);
#7014 = EDGE_LOOP('',(#7015));
#7015 = ORIENTED_EDGE('',*,*,#7016,.T.);
#7016 = EDGE_CURVE('',#7017,#7017,#7019,.T.);
#7017 = VERTEX_POINT('',#7018);
#7018 = CARTESIAN_POINT('',(290.22875,-198.75,1.51));
#7019 = CIRCLE('',#7020,0.875);
#7020 = AXIS2_PLACEMENT_3D('',#7021,#7022,#7023);
#7021 = CARTESIAN_POINT('',(290.22875,-197.875,1.51));
#7022 = DIRECTION('',(-0.,0.,-1.));
#7023 = DIRECTION('',(-0.,-1.,0.));
#7024 = FACE_BOUND('',#7025,.T.);
#7025 = EDGE_LOOP('',(#7026));
#7026 = ORIENTED_EDGE('',*,*,#7027,.T.);
#7027 = EDGE_CURVE('',#7028,#7028,#7030,.T.);
#7028 = VERTEX_POINT('',#7029);
#7029 = CARTESIAN_POINT('',(295.30875,-199.8689,1.51));
#7030 = CIRCLE('',#7031,1.9939);
#7031 = AXIS2_PLACEMENT_3D('',#7032,#7033,#7034);
#7032 = CARTESIAN_POINT('',(295.30875,-197.875,1.51));
#7033 = DIRECTION('',(-0.,0.,-1.));
#7034 = DIRECTION('',(-2.850866084598E-14,-1.,0.));
#7035 = FACE_BOUND('',#7036,.T.);
#7036 = EDGE_LOOP('',(#7037));
#7037 = ORIENTED_EDGE('',*,*,#7038,.T.);
#7038 = EDGE_CURVE('',#7039,#7039,#7041,.T.);
#7039 = VERTEX_POINT('',#7040);
#7040 = CARTESIAN_POINT('',(300.38875,-198.75,1.51));
#7041 = CIRCLE('',#7042,0.875);
#7042 = AXIS2_PLACEMENT_3D('',#7043,#7044,#7045);
#7043 = CARTESIAN_POINT('',(300.38875,-197.875,1.51));
#7044 = DIRECTION('',(-0.,0.,-1.));
#7045 = DIRECTION('',(-0.,-1.,0.));
#7046 = FACE_BOUND('',#7047,.T.);
#7047 = EDGE_LOOP('',(#7048));
#7048 = ORIENTED_EDGE('',*,*,#7049,.T.);
#7049 = EDGE_CURVE('',#7050,#7050,#7052,.T.);
#7050 = VERTEX_POINT('',#7051);
#7051 = CARTESIAN_POINT('',(250.0575,-187.615,1.51));
#7052 = CIRCLE('',#7053,0.4);
#7053 = AXIS2_PLACEMENT_3D('',#7054,#7055,#7056);
#7054 = CARTESIAN_POINT('',(250.0575,-187.215,1.51));
#7055 = DIRECTION('',(-0.,0.,-1.));
#7056 = DIRECTION('',(-0.,-1.,0.));
#7057 = FACE_BOUND('',#7058,.T.);
#7058 = EDGE_LOOP('',(#7059));
#7059 = ORIENTED_EDGE('',*,*,#7060,.T.);
#7060 = EDGE_CURVE('',#7061,#7061,#7063,.T.);
#7061 = VERTEX_POINT('',#7062);
#7062 = CARTESIAN_POINT('',(269.1075,-187.615,1.51));
#7063 = CIRCLE('',#7064,0.4);
#7064 = AXIS2_PLACEMENT_3D('',#7065,#7066,#7067);
#7065 = CARTESIAN_POINT('',(269.1075,-187.215,1.51));
#7066 = DIRECTION('',(-0.,0.,-1.));
#7067 = DIRECTION('',(1.42108547152E-13,-1.,-0.));
#7068 = FACE_BOUND('',#7069,.T.);
#7069 = EDGE_LOOP('',(#7070));
#7070 = ORIENTED_EDGE('',*,*,#7071,.T.);
#7071 = EDGE_CURVE('',#7072,#7072,#7074,.T.);
#7072 = VERTEX_POINT('',#7073);
#7073 = CARTESIAN_POINT('',(273.8775,-192.414,1.51));
#7074 = CIRCLE('',#7075,1.524);
#7075 = AXIS2_PLACEMENT_3D('',#7076,#7077,#7078);
#7076 = CARTESIAN_POINT('',(273.8775,-190.89,1.51));
#7077 = DIRECTION('',(-0.,0.,-1.));
#7078 = DIRECTION('',(-0.,-1.,0.));
#7079 = FACE_BOUND('',#7080,.T.);
#7080 = EDGE_LOOP('',(#7081));
#7081 = ORIENTED_EDGE('',*,*,#7082,.T.);
#7082 = EDGE_CURVE('',#7083,#7083,#7085,.T.);
#7083 = VERTEX_POINT('',#7084);
#7084 = CARTESIAN_POINT('',(291.49875,-196.835,1.51));
#7085 = CIRCLE('',#7086,1.5);
#7086 = AXIS2_PLACEMENT_3D('',#7087,#7088,#7089);
#7087 = CARTESIAN_POINT('',(291.49875,-195.335,1.51));
#7088 = DIRECTION('',(-0.,0.,-1.));
#7089 = DIRECTION('',(-0.,-1.,0.));
#7090 = FACE_BOUND('',#7091,.T.);
#7091 = EDGE_LOOP('',(#7092));
#7092 = ORIENTED_EDGE('',*,*,#7093,.T.);
#7093 = EDGE_CURVE('',#7094,#7094,#7096,.T.);
#7094 = VERTEX_POINT('',#7095);
#7095 = CARTESIAN_POINT('',(297.84875,-194.295,1.51));
#7096 = CIRCLE('',#7097,1.5);
#7097 = AXIS2_PLACEMENT_3D('',#7098,#7099,#7100);
#7098 = CARTESIAN_POINT('',(297.84875,-192.795,1.51));
#7099 = DIRECTION('',(-0.,0.,-1.));
#7100 = DIRECTION('',(-0.,-1.,0.));
#7101 = FACE_BOUND('',#7102,.T.);
#7102 = EDGE_LOOP('',(#7103));
#7103 = ORIENTED_EDGE('',*,*,#7104,.T.);
#7104 = EDGE_CURVE('',#7105,#7105,#7107,.T.);
#7105 = VERTEX_POINT('',#7106);
#7106 = CARTESIAN_POINT('',(288.1575,-187.615,1.51));
#7107 = CIRCLE('',#7108,0.4);
#7108 = AXIS2_PLACEMENT_3D('',#7109,#7110,#7111);
#7109 = CARTESIAN_POINT('',(288.1575,-187.215,1.51));
#7110 = DIRECTION('',(-0.,0.,-1.));
#7111 = DIRECTION('',(-0.,-1.,0.));
#7112 = FACE_BOUND('',#7113,.T.);
#7113 = EDGE_LOOP('',(#7114));
#7114 = ORIENTED_EDGE('',*,*,#7115,.T.);
#7115 = EDGE_CURVE('',#7116,#7116,#7118,.T.);
#7116 = VERTEX_POINT('',#7117);
#7117 = CARTESIAN_POINT('',(307.2175,-206.635,1.51));
#7118 = CIRCLE('',#7119,0.4);
#7119 = AXIS2_PLACEMENT_3D('',#7120,#7121,#7122);
#7120 = CARTESIAN_POINT('',(307.2175,-206.235,1.51));
#7121 = DIRECTION('',(-0.,0.,-1.));
#7122 = DIRECTION('',(-0.,-1.,0.));
#7123 = FACE_BOUND('',#7124,.T.);
#7124 = EDGE_LOOP('',(#7125));
#7125 = ORIENTED_EDGE('',*,*,#7126,.T.);
#7126 = EDGE_CURVE('',#7127,#7127,#7129,.T.);
#7127 = VERTEX_POINT('',#7128);
#7128 = CARTESIAN_POINT('',(331.03,-206.635,1.51));
#7129 = CIRCLE('',#7130,0.4);
#7130 = AXIS2_PLACEMENT_3D('',#7131,#7132,#7133);
#7131 = CARTESIAN_POINT('',(331.03,-206.235,1.51));
#7132 = DIRECTION('',(-0.,0.,-1.));
#7133 = DIRECTION('',(-0.,-1.,0.));
#7134 = FACE_BOUND('',#7135,.T.);
#7135 = EDGE_LOOP('',(#7136));
#7136 = ORIENTED_EDGE('',*,*,#7137,.T.);
#7137 = EDGE_CURVE('',#7138,#7138,#7140,.T.);
#7138 = VERTEX_POINT('',#7139);
#7139 = CARTESIAN_POINT('',(307.2175,-199.015,1.51));
#7140 = CIRCLE('',#7141,0.4);
#7141 = AXIS2_PLACEMENT_3D('',#7142,#7143,#7144);
#7142 = CARTESIAN_POINT('',(307.2175,-198.615,1.51));
#7143 = DIRECTION('',(-0.,0.,-1.));
#7144 = DIRECTION('',(-0.,-1.,0.));
#7145 = FACE_BOUND('',#7146,.T.);
#7146 = EDGE_LOOP('',(#7147));
#7147 = ORIENTED_EDGE('',*,*,#7148,.T.);
#7148 = EDGE_CURVE('',#7149,#7149,#7151,.T.);
#7149 = VERTEX_POINT('',#7150);
#7150 = CARTESIAN_POINT('',(314.04125,-198.75,1.51));
#7151 = CIRCLE('',#7152,0.875);
#7152 = AXIS2_PLACEMENT_3D('',#7153,#7154,#7155);
#7153 = CARTESIAN_POINT('',(314.04125,-197.875,1.51));
#7154 = DIRECTION('',(-0.,0.,-1.));
#7155 = DIRECTION('',(-0.,-1.,0.));
#7156 = FACE_BOUND('',#7157,.T.);
#7157 = EDGE_LOOP('',(#7158));
#7158 = ORIENTED_EDGE('',*,*,#7159,.T.);
#7159 = EDGE_CURVE('',#7160,#7160,#7162,.T.);
#7160 = VERTEX_POINT('',#7161);
#7161 = CARTESIAN_POINT('',(319.12125,-199.8689,1.51));
#7162 = CIRCLE('',#7163,1.9939);
#7163 = AXIS2_PLACEMENT_3D('',#7164,#7165,#7166);
#7164 = CARTESIAN_POINT('',(319.12125,-197.875,1.51));
#7165 = DIRECTION('',(-0.,0.,-1.));
#7166 = DIRECTION('',(-2.850866084598E-14,-1.,0.));
#7167 = FACE_BOUND('',#7168,.T.);
#7168 = EDGE_LOOP('',(#7169));
#7169 = ORIENTED_EDGE('',*,*,#7170,.T.);
#7170 = EDGE_CURVE('',#7171,#7171,#7173,.T.);
#7171 = VERTEX_POINT('',#7172);
#7172 = CARTESIAN_POINT('',(324.20125,-198.75,1.51));
#7173 = CIRCLE('',#7174,0.875);
#7174 = AXIS2_PLACEMENT_3D('',#7175,#7176,#7177);
#7175 = CARTESIAN_POINT('',(324.20125,-197.875,1.51));
#7176 = DIRECTION('',(-0.,0.,-1.));
#7177 = DIRECTION('',(-0.,-1.,0.));
#7178 = FACE_BOUND('',#7179,.T.);
#7179 = EDGE_LOOP('',(#7180));
#7180 = ORIENTED_EDGE('',*,*,#7181,.T.);
#7181 = EDGE_CURVE('',#7182,#7182,#7184,.T.);
#7182 = VERTEX_POINT('',#7183);
#7183 = CARTESIAN_POINT('',(331.03,-199.015,1.51));
#7184 = CIRCLE('',#7185,0.4);
#7185 = AXIS2_PLACEMENT_3D('',#7186,#7187,#7188);
#7186 = CARTESIAN_POINT('',(331.03,-198.615,1.51));
#7187 = DIRECTION('',(-0.,0.,-1.));
#7188 = DIRECTION('',(-0.,-1.,0.));
#7189 = FACE_BOUND('',#7190,.T.);
#7190 = EDGE_LOOP('',(#7191));
#7191 = ORIENTED_EDGE('',*,*,#7192,.T.);
#7192 = EDGE_CURVE('',#7193,#7193,#7195,.T.);
#7193 = VERTEX_POINT('',#7194);
#7194 = CARTESIAN_POINT('',(337.85375,-198.75,1.51));
#7195 = CIRCLE('',#7196,0.875);
#7196 = AXIS2_PLACEMENT_3D('',#7197,#7198,#7199);
#7197 = CARTESIAN_POINT('',(337.85375,-197.875,1.51));
#7198 = DIRECTION('',(-0.,0.,-1.));
#7199 = DIRECTION('',(-0.,-1.,0.));
#7200 = FACE_BOUND('',#7201,.T.);
#7201 = EDGE_LOOP('',(#7202));
#7202 = ORIENTED_EDGE('',*,*,#7203,.T.);
#7203 = EDGE_CURVE('',#7204,#7204,#7206,.T.);
#7204 = VERTEX_POINT('',#7205);
#7205 = CARTESIAN_POINT('',(354.8425,-206.635,1.51));
#7206 = CIRCLE('',#7207,0.4);
#7207 = AXIS2_PLACEMENT_3D('',#7208,#7209,#7210);
#7208 = CARTESIAN_POINT('',(354.8425,-206.235,1.51));
#7209 = DIRECTION('',(-0.,0.,-1.));
#7210 = DIRECTION('',(-0.,-1.,0.));
#7211 = FACE_BOUND('',#7212,.T.);
#7212 = EDGE_LOOP('',(#7213));
#7213 = ORIENTED_EDGE('',*,*,#7214,.T.);
#7214 = EDGE_CURVE('',#7215,#7215,#7217,.T.);
#7215 = VERTEX_POINT('',#7216);
#7216 = CARTESIAN_POINT('',(376.655,-206.635,1.51));
#7217 = CIRCLE('',#7218,0.4);
#7218 = AXIS2_PLACEMENT_3D('',#7219,#7220,#7221);
#7219 = CARTESIAN_POINT('',(376.655,-206.235,1.51));
#7220 = DIRECTION('',(-0.,0.,-1.));
#7221 = DIRECTION('',(-0.,-1.,0.));
#7222 = FACE_BOUND('',#7223,.T.);
#7223 = EDGE_LOOP('',(#7224));
#7224 = ORIENTED_EDGE('',*,*,#7225,.T.);
#7225 = EDGE_CURVE('',#7226,#7226,#7228,.T.);
#7226 = VERTEX_POINT('',#7227);
#7227 = CARTESIAN_POINT('',(342.93375,-199.8689,1.51));
#7228 = CIRCLE('',#7229,1.9939);
#7229 = AXIS2_PLACEMENT_3D('',#7230,#7231,#7232);
#7230 = CARTESIAN_POINT('',(342.93375,-197.875,1.51));
#7231 = DIRECTION('',(-0.,0.,-1.));
#7232 = DIRECTION('',(-2.850866084598E-14,-1.,0.));
#7233 = FACE_BOUND('',#7234,.T.);
#7234 = EDGE_LOOP('',(#7235));
#7235 = ORIENTED_EDGE('',*,*,#7236,.T.);
#7236 = EDGE_CURVE('',#7237,#7237,#7239,.T.);
#7237 = VERTEX_POINT('',#7238);
#7238 = CARTESIAN_POINT('',(348.01375,-198.75,1.51));
#7239 = CIRCLE('',#7240,0.875);
#7240 = AXIS2_PLACEMENT_3D('',#7241,#7242,#7243);
#7241 = CARTESIAN_POINT('',(348.01375,-197.875,1.51));
#7242 = DIRECTION('',(-0.,0.,-1.));
#7243 = DIRECTION('',(-0.,-1.,0.));
#7244 = FACE_BOUND('',#7245,.T.);
#7245 = EDGE_LOOP('',(#7246));
#7246 = ORIENTED_EDGE('',*,*,#7247,.T.);
#7247 = EDGE_CURVE('',#7248,#7248,#7250,.T.);
#7248 = VERTEX_POINT('',#7249);
#7249 = CARTESIAN_POINT('',(354.8425,-199.015,1.51));
#7250 = CIRCLE('',#7251,0.4);
#7251 = AXIS2_PLACEMENT_3D('',#7252,#7253,#7254);
#7252 = CARTESIAN_POINT('',(354.8425,-198.615,1.51));
#7253 = DIRECTION('',(-0.,0.,-1.));
#7254 = DIRECTION('',(-0.,-1.,0.));
#7255 = FACE_BOUND('',#7256,.T.);
#7256 = EDGE_LOOP('',(#7257));
#7257 = ORIENTED_EDGE('',*,*,#7258,.T.);
#7258 = EDGE_CURVE('',#7259,#7259,#7261,.T.);
#7259 = VERTEX_POINT('',#7260);
#7260 = CARTESIAN_POINT('',(361.66625,-198.75,1.51));
#7261 = CIRCLE('',#7262,0.875);
#7262 = AXIS2_PLACEMENT_3D('',#7263,#7264,#7265);
#7263 = CARTESIAN_POINT('',(361.66625,-197.875,1.51));
#7264 = DIRECTION('',(-0.,0.,-1.));
#7265 = DIRECTION('',(-0.,-1.,0.));
#7266 = FACE_BOUND('',#7267,.T.);
#7267 = EDGE_LOOP('',(#7268));
#7268 = ORIENTED_EDGE('',*,*,#7269,.T.);
#7269 = EDGE_CURVE('',#7270,#7270,#7272,.T.);
#7270 = VERTEX_POINT('',#7271);
#7271 = CARTESIAN_POINT('',(366.74625,-199.8689,1.51));
#7272 = CIRCLE('',#7273,1.9939);
#7273 = AXIS2_PLACEMENT_3D('',#7274,#7275,#7276);
#7274 = CARTESIAN_POINT('',(366.74625,-197.875,1.51));
#7275 = DIRECTION('',(-0.,0.,-1.));
#7276 = DIRECTION('',(-2.850866084598E-14,-1.,0.));
#7277 = FACE_BOUND('',#7278,.T.);
#7278 = EDGE_LOOP('',(#7279));
#7279 = ORIENTED_EDGE('',*,*,#7280,.T.);
#7280 = EDGE_CURVE('',#7281,#7281,#7283,.T.);
#7281 = VERTEX_POINT('',#7282);
#7282 = CARTESIAN_POINT('',(371.82625,-198.75,1.51));
#7283 = CIRCLE('',#7284,0.875);
#7284 = AXIS2_PLACEMENT_3D('',#7285,#7286,#7287);
#7285 = CARTESIAN_POINT('',(371.82625,-197.875,1.51));
#7286 = DIRECTION('',(-0.,0.,-1.));
#7287 = DIRECTION('',(-0.,-1.,0.));
#7288 = FACE_BOUND('',#7289,.T.);
#7289 = EDGE_LOOP('',(#7290));
#7290 = ORIENTED_EDGE('',*,*,#7291,.T.);
#7291 = EDGE_CURVE('',#7292,#7292,#7294,.T.);
#7292 = VERTEX_POINT('',#7293);
#7293 = CARTESIAN_POINT('',(376.655,-199.015,1.51));
#7294 = CIRCLE('',#7295,0.4);
#7295 = AXIS2_PLACEMENT_3D('',#7296,#7297,#7298);
#7296 = CARTESIAN_POINT('',(376.655,-198.615,1.51));
#7297 = DIRECTION('',(-0.,0.,-1.));
#7298 = DIRECTION('',(-0.,-1.,0.));
#7299 = FACE_BOUND('',#7300,.T.);
#7300 = EDGE_LOOP('',(#7301));
#7301 = ORIENTED_EDGE('',*,*,#7302,.T.);
#7302 = EDGE_CURVE('',#7303,#7303,#7305,.T.);
#7303 = VERTEX_POINT('',#7304);
#7304 = CARTESIAN_POINT('',(315.31125,-196.835,1.51));
#7305 = CIRCLE('',#7306,1.5);
#7306 = AXIS2_PLACEMENT_3D('',#7307,#7308,#7309);
#7307 = CARTESIAN_POINT('',(315.31125,-195.335,1.51));
#7308 = DIRECTION('',(-0.,0.,-1.));
#7309 = DIRECTION('',(-0.,-1.,0.));
#7310 = FACE_BOUND('',#7311,.T.);
#7311 = EDGE_LOOP('',(#7312));
#7312 = ORIENTED_EDGE('',*,*,#7313,.T.);
#7313 = EDGE_CURVE('',#7314,#7314,#7316,.T.);
#7314 = VERTEX_POINT('',#7315);
#7315 = CARTESIAN_POINT('',(321.66125,-194.295,1.51));
#7316 = CIRCLE('',#7317,1.5);
#7317 = AXIS2_PLACEMENT_3D('',#7318,#7319,#7320);
#7318 = CARTESIAN_POINT('',(321.66125,-192.795,1.51));
#7319 = DIRECTION('',(-0.,0.,-1.));
#7320 = DIRECTION('',(-0.,-1.,0.));
#7321 = FACE_BOUND('',#7322,.T.);
#7322 = EDGE_LOOP('',(#7323));
#7323 = ORIENTED_EDGE('',*,*,#7324,.T.);
#7324 = EDGE_CURVE('',#7325,#7325,#7327,.T.);
#7325 = VERTEX_POINT('',#7326);
#7326 = CARTESIAN_POINT('',(339.12375,-196.835,1.51));
#7327 = CIRCLE('',#7328,1.5);
#7328 = AXIS2_PLACEMENT_3D('',#7329,#7330,#7331);
#7329 = CARTESIAN_POINT('',(339.12375,-195.335,1.51));
#7330 = DIRECTION('',(-0.,0.,-1.));
#7331 = DIRECTION('',(-0.,-1.,0.));
#7332 = FACE_BOUND('',#7333,.T.);
#7333 = EDGE_LOOP('',(#7334));
#7334 = ORIENTED_EDGE('',*,*,#7335,.T.);
#7335 = EDGE_CURVE('',#7336,#7336,#7338,.T.);
#7336 = VERTEX_POINT('',#7337);
#7337 = CARTESIAN_POINT('',(307.2075,-187.615,1.51));
#7338 = CIRCLE('',#7339,0.4);
#7339 = AXIS2_PLACEMENT_3D('',#7340,#7341,#7342);
#7340 = CARTESIAN_POINT('',(307.2075,-187.215,1.51));
#7341 = DIRECTION('',(-0.,0.,-1.));
#7342 = DIRECTION('',(-0.,-1.,0.));
#7343 = FACE_BOUND('',#7344,.T.);
#7344 = EDGE_LOOP('',(#7345));
#7345 = ORIENTED_EDGE('',*,*,#7346,.T.);
#7346 = EDGE_CURVE('',#7347,#7347,#7349,.T.);
#7347 = VERTEX_POINT('',#7348);
#7348 = CARTESIAN_POINT('',(326.2575,-187.615,1.51));
#7349 = CIRCLE('',#7350,0.4);
#7350 = AXIS2_PLACEMENT_3D('',#7351,#7352,#7353);
#7351 = CARTESIAN_POINT('',(326.2575,-187.215,1.51));
#7352 = DIRECTION('',(-0.,0.,-1.));
#7353 = DIRECTION('',(-1.42108547152E-13,-1.,0.));
#7354 = FACE_BOUND('',#7355,.T.);
#7355 = EDGE_LOOP('',(#7356));
#7356 = ORIENTED_EDGE('',*,*,#7357,.T.);
#7357 = EDGE_CURVE('',#7358,#7358,#7360,.T.);
#7358 = VERTEX_POINT('',#7359);
#7359 = CARTESIAN_POINT('',(331.978,-188.04,1.51));
#7360 = CIRCLE('',#7361,1.35);
#7361 = AXIS2_PLACEMENT_3D('',#7362,#7363,#7364);
#7362 = CARTESIAN_POINT('',(331.978,-186.69,1.51));
#7363 = DIRECTION('',(-0.,0.,-1.));
#7364 = DIRECTION('',(4.210623619319E-14,-1.,-0.));
#7365 = FACE_BOUND('',#7366,.T.);
#7366 = EDGE_LOOP('',(#7367));
#7367 = ORIENTED_EDGE('',*,*,#7368,.T.);
#7368 = EDGE_CURVE('',#7369,#7369,#7371,.T.);
#7369 = VERTEX_POINT('',#7370);
#7370 = CARTESIAN_POINT('',(340.5525,-189.0739,1.51));
#7371 = CIRCLE('',#7372,1.9939);
#7372 = AXIS2_PLACEMENT_3D('',#7373,#7374,#7375);
#7373 = CARTESIAN_POINT('',(340.5525,-187.08,1.51));
#7374 = DIRECTION('',(-0.,0.,-1.));
#7375 = DIRECTION('',(-0.,-1.,0.));
#7376 = FACE_BOUND('',#7377,.T.);
#7377 = EDGE_LOOP('',(#7378));
#7378 = ORIENTED_EDGE('',*,*,#7379,.T.);
#7379 = EDGE_CURVE('',#7380,#7380,#7382,.T.);
#7380 = VERTEX_POINT('',#7381);
#7381 = CARTESIAN_POINT('',(345.47375,-194.295,1.51));
#7382 = CIRCLE('',#7383,1.5);
#7383 = AXIS2_PLACEMENT_3D('',#7384,#7385,#7386);
#7384 = CARTESIAN_POINT('',(345.47375,-192.795,1.51));
#7385 = DIRECTION('',(-0.,0.,-1.));
#7386 = DIRECTION('',(-0.,-1.,0.));
#7387 = FACE_BOUND('',#7388,.T.);
#7388 = EDGE_LOOP('',(#7389));
#7389 = ORIENTED_EDGE('',*,*,#7390,.T.);
#7390 = EDGE_CURVE('',#7391,#7391,#7393,.T.);
#7391 = VERTEX_POINT('',#7392);
#7392 = CARTESIAN_POINT('',(362.93625,-196.835,1.51));
#7393 = CIRCLE('',#7394,1.5);
#7394 = AXIS2_PLACEMENT_3D('',#7395,#7396,#7397);
#7395 = CARTESIAN_POINT('',(362.93625,-195.335,1.51));
#7396 = DIRECTION('',(-0.,0.,-1.));
#7397 = DIRECTION('',(-0.,-1.,0.));
#7398 = FACE_BOUND('',#7399,.T.);
#7399 = EDGE_LOOP('',(#7400));
#7400 = ORIENTED_EDGE('',*,*,#7401,.T.);
#7401 = EDGE_CURVE('',#7402,#7402,#7404,.T.);
#7402 = VERTEX_POINT('',#7403);
#7403 = CARTESIAN_POINT('',(369.28625,-194.295,1.51));
#7404 = CIRCLE('',#7405,1.5);
#7405 = AXIS2_PLACEMENT_3D('',#7406,#7407,#7408);
#7406 = CARTESIAN_POINT('',(369.28625,-192.795,1.51));
#7407 = DIRECTION('',(-0.,0.,-1.));
#7408 = DIRECTION('',(-0.,-1.,0.));
#7409 = FACE_BOUND('',#7410,.T.);
#7410 = EDGE_LOOP('',(#7411));
#7411 = ORIENTED_EDGE('',*,*,#7412,.T.);
#7412 = EDGE_CURVE('',#7413,#7413,#7415,.T.);
#7413 = VERTEX_POINT('',#7414);
#7414 = CARTESIAN_POINT('',(364.365,-189.0739,1.51));
#7415 = CIRCLE('',#7416,1.9939);
#7416 = AXIS2_PLACEMENT_3D('',#7417,#7418,#7419);
#7417 = CARTESIAN_POINT('',(364.365,-187.08,1.51));
#7418 = DIRECTION('',(-0.,0.,-1.));
#7419 = DIRECTION('',(-0.,-1.,0.));
#7420 = FACE_BOUND('',#7421,.T.);
#7421 = EDGE_LOOP('',(#7422));
#7422 = ORIENTED_EDGE('',*,*,#7423,.T.);
#7423 = EDGE_CURVE('',#7424,#7424,#7426,.T.);
#7424 = VERTEX_POINT('',#7425);
#7425 = CARTESIAN_POINT('',(369.7645,-187.526,1.51));
#7426 = CIRCLE('',#7427,0.4);
#7427 = AXIS2_PLACEMENT_3D('',#7428,#7429,#7430);
#7428 = CARTESIAN_POINT('',(369.7645,-187.126,1.51));
#7429 = DIRECTION('',(-0.,0.,-1.));
#7430 = DIRECTION('',(-0.,-1.,0.));
#7431 = FACE_BOUND('',#7432,.T.);
#7432 = EDGE_LOOP('',(#7433));
#7433 = ORIENTED_EDGE('',*,*,#7434,.T.);
#7434 = EDGE_CURVE('',#7435,#7435,#7437,.T.);
#7435 = VERTEX_POINT('',#7436);
#7436 = CARTESIAN_POINT('',(240.54,-180.8189,1.51));
#7437 = CIRCLE('',#7438,1.9939);
#7438 = AXIS2_PLACEMENT_3D('',#7439,#7440,#7441);
#7439 = CARTESIAN_POINT('',(240.54,-178.825,1.51));
#7440 = DIRECTION('',(-0.,0.,-1.));
#7441 = DIRECTION('',(-0.,-1.,0.));
#7442 = FACE_BOUND('',#7443,.T.);
#7443 = EDGE_LOOP('',(#7444));
#7444 = ORIENTED_EDGE('',*,*,#7445,.T.);
#7445 = EDGE_CURVE('',#7446,#7446,#7448,.T.);
#7446 = VERTEX_POINT('',#7447);
#7447 = CARTESIAN_POINT('',(245.62,-179.7,1.51));
#7448 = CIRCLE('',#7449,0.875);
#7449 = AXIS2_PLACEMENT_3D('',#7450,#7451,#7452);
#7450 = CARTESIAN_POINT('',(245.62,-178.825,1.51));
#7451 = DIRECTION('',(-0.,0.,-1.));
#7452 = DIRECTION('',(-0.,-1.,0.));
#7453 = FACE_BOUND('',#7454,.T.);
#7454 = EDGE_LOOP('',(#7455));
#7455 = ORIENTED_EDGE('',*,*,#7456,.T.);
#7456 = EDGE_CURVE('',#7457,#7457,#7459,.T.);
#7457 = VERTEX_POINT('',#7458);
#7458 = CARTESIAN_POINT('',(250.0575,-179.995,1.51));
#7459 = CIRCLE('',#7460,0.4);
#7460 = AXIS2_PLACEMENT_3D('',#7461,#7462,#7463);
#7461 = CARTESIAN_POINT('',(250.0575,-179.595,1.51));
#7462 = DIRECTION('',(-0.,0.,-1.));
#7463 = DIRECTION('',(-0.,-1.,0.));
#7464 = FACE_BOUND('',#7465,.T.);
#7465 = EDGE_LOOP('',(#7466));
#7466 = ORIENTED_EDGE('',*,*,#7467,.T.);
#7467 = EDGE_CURVE('',#7468,#7468,#7470,.T.);
#7468 = VERTEX_POINT('',#7469);
#7469 = CARTESIAN_POINT('',(254.51,-179.7,1.51));
#7470 = CIRCLE('',#7471,0.875);
#7471 = AXIS2_PLACEMENT_3D('',#7472,#7473,#7474);
#7472 = CARTESIAN_POINT('',(254.51,-178.825,1.51));
#7473 = DIRECTION('',(-0.,0.,-1.));
#7474 = DIRECTION('',(-0.,-1.,0.));
#7475 = FACE_BOUND('',#7476,.T.);
#7476 = EDGE_LOOP('',(#7477));
#7477 = ORIENTED_EDGE('',*,*,#7478,.T.);
#7478 = EDGE_CURVE('',#7479,#7479,#7481,.T.);
#7479 = VERTEX_POINT('',#7480);
#7480 = CARTESIAN_POINT('',(259.59,-180.8189,1.51));
#7481 = CIRCLE('',#7482,1.9939);
#7482 = AXIS2_PLACEMENT_3D('',#7483,#7484,#7485);
#7483 = CARTESIAN_POINT('',(259.59,-178.825,1.51));
#7484 = DIRECTION('',(-0.,0.,-1.));
#7485 = DIRECTION('',(-2.850866084598E-14,-1.,0.));
#7486 = FACE_BOUND('',#7487,.T.);
#7487 = EDGE_LOOP('',(#7488));
#7488 = ORIENTED_EDGE('',*,*,#7489,.T.);
#7489 = EDGE_CURVE('',#7490,#7490,#7492,.T.);
#7490 = VERTEX_POINT('',#7491);
#7491 = CARTESIAN_POINT('',(264.67,-179.7,1.51));
#7492 = CIRCLE('',#7493,0.875);
#7493 = AXIS2_PLACEMENT_3D('',#7494,#7495,#7496);
#7494 = CARTESIAN_POINT('',(264.67,-178.825,1.51));
#7495 = DIRECTION('',(-0.,0.,-1.));
#7496 = DIRECTION('',(-0.,-1.,0.));
#7497 = FACE_BOUND('',#7498,.T.);
#7498 = EDGE_LOOP('',(#7499));
#7499 = ORIENTED_EDGE('',*,*,#7500,.T.);
#7500 = EDGE_CURVE('',#7501,#7501,#7503,.T.);
#7501 = VERTEX_POINT('',#7502);
#7502 = CARTESIAN_POINT('',(269.1075,-179.995,1.51));
#7503 = CIRCLE('',#7504,0.4);
#7504 = AXIS2_PLACEMENT_3D('',#7505,#7506,#7507);
#7505 = CARTESIAN_POINT('',(269.1075,-179.595,1.51));
#7506 = DIRECTION('',(-0.,0.,-1.));
#7507 = DIRECTION('',(1.42108547152E-13,-1.,-0.));
#7508 = FACE_BOUND('',#7509,.T.);
#7509 = EDGE_LOOP('',(#7510));
#7510 = ORIENTED_EDGE('',*,*,#7511,.T.);
#7511 = EDGE_CURVE('',#7512,#7512,#7514,.T.);
#7512 = VERTEX_POINT('',#7513);
#7513 = CARTESIAN_POINT('',(243.08,-175.245,1.51));
#7514 = CIRCLE('',#7515,1.5);
#7515 = AXIS2_PLACEMENT_3D('',#7516,#7517,#7518);
#7516 = CARTESIAN_POINT('',(243.08,-173.745,1.51));
#7517 = DIRECTION('',(-0.,0.,-1.));
#7518 = DIRECTION('',(-0.,-1.,0.));
#7519 = FACE_BOUND('',#7520,.T.);
#7520 = EDGE_LOOP('',(#7521));
#7521 = ORIENTED_EDGE('',*,*,#7522,.T.);
#7522 = EDGE_CURVE('',#7523,#7523,#7525,.T.);
#7523 = VERTEX_POINT('',#7524);
#7524 = CARTESIAN_POINT('',(255.78,-177.785,1.51));
#7525 = CIRCLE('',#7526,1.5);
#7526 = AXIS2_PLACEMENT_3D('',#7527,#7528,#7529);
#7527 = CARTESIAN_POINT('',(255.78,-176.285,1.51));
#7528 = DIRECTION('',(-0.,0.,-1.));
#7529 = DIRECTION('',(1.894780628694E-14,-1.,-0.));
#7530 = FACE_BOUND('',#7531,.T.);
#7531 = EDGE_LOOP('',(#7532));
#7532 = ORIENTED_EDGE('',*,*,#7533,.T.);
#7533 = EDGE_CURVE('',#7534,#7534,#7536,.T.);
#7534 = VERTEX_POINT('',#7535);
#7535 = CARTESIAN_POINT('',(262.13,-175.245,1.51));
#7536 = CIRCLE('',#7537,1.5);
#7537 = AXIS2_PLACEMENT_3D('',#7538,#7539,#7540);
#7538 = CARTESIAN_POINT('',(262.13,-173.745,1.51));
#7539 = DIRECTION('',(-0.,0.,-1.));
#7540 = DIRECTION('',(-0.,-1.,0.));
#7541 = FACE_BOUND('',#7542,.T.);
#7542 = EDGE_LOOP('',(#7543));
#7543 = ORIENTED_EDGE('',*,*,#7544,.T.);
#7544 = EDGE_CURVE('',#7545,#7545,#7547,.T.);
#7545 = VERTEX_POINT('',#7546);
#7546 = CARTESIAN_POINT('',(273.56,-179.7,1.51));
#7547 = CIRCLE('',#7548,0.875);
#7548 = AXIS2_PLACEMENT_3D('',#7549,#7550,#7551);
#7549 = CARTESIAN_POINT('',(273.56,-178.825,1.51));
#7550 = DIRECTION('',(-0.,0.,-1.));
#7551 = DIRECTION('',(-0.,-1.,0.));
#7552 = FACE_BOUND('',#7553,.T.);
#7553 = EDGE_LOOP('',(#7554));
#7554 = ORIENTED_EDGE('',*,*,#7555,.T.);
#7555 = EDGE_CURVE('',#7556,#7556,#7558,.T.);
#7556 = VERTEX_POINT('',#7557);
#7557 = CARTESIAN_POINT('',(278.64,-180.8189,1.51));
#7558 = CIRCLE('',#7559,1.9939);
#7559 = AXIS2_PLACEMENT_3D('',#7560,#7561,#7562);
#7560 = CARTESIAN_POINT('',(278.64,-178.825,1.51));
#7561 = DIRECTION('',(-0.,0.,-1.));
#7562 = DIRECTION('',(-0.,-1.,0.));
#7563 = FACE_BOUND('',#7564,.T.);
#7564 = EDGE_LOOP('',(#7565));
#7565 = ORIENTED_EDGE('',*,*,#7566,.T.);
#7566 = EDGE_CURVE('',#7567,#7567,#7569,.T.);
#7567 = VERTEX_POINT('',#7568);
#7568 = CARTESIAN_POINT('',(283.72,-179.7,1.51));
#7569 = CIRCLE('',#7570,0.875);
#7570 = AXIS2_PLACEMENT_3D('',#7571,#7572,#7573);
#7571 = CARTESIAN_POINT('',(283.72,-178.825,1.51));
#7572 = DIRECTION('',(-0.,0.,-1.));
#7573 = DIRECTION('',(-0.,-1.,0.));
#7574 = FACE_BOUND('',#7575,.T.);
#7575 = EDGE_LOOP('',(#7576));
#7576 = ORIENTED_EDGE('',*,*,#7577,.T.);
#7577 = EDGE_CURVE('',#7578,#7578,#7580,.T.);
#7578 = VERTEX_POINT('',#7579);
#7579 = CARTESIAN_POINT('',(288.1575,-179.995,1.51));
#7580 = CIRCLE('',#7581,0.4);
#7581 = AXIS2_PLACEMENT_3D('',#7582,#7583,#7584);
#7582 = CARTESIAN_POINT('',(288.1575,-179.595,1.51));
#7583 = DIRECTION('',(-0.,0.,-1.));
#7584 = DIRECTION('',(-0.,-1.,0.));
#7585 = FACE_BOUND('',#7586,.T.);
#7586 = EDGE_LOOP('',(#7587));
#7587 = ORIENTED_EDGE('',*,*,#7588,.T.);
#7588 = EDGE_CURVE('',#7589,#7589,#7591,.T.);
#7589 = VERTEX_POINT('',#7590);
#7590 = CARTESIAN_POINT('',(292.61,-179.7,1.51));
#7591 = CIRCLE('',#7592,0.875);
#7592 = AXIS2_PLACEMENT_3D('',#7593,#7594,#7595);
#7593 = CARTESIAN_POINT('',(292.61,-178.825,1.51));
#7594 = DIRECTION('',(-0.,0.,-1.));
#7595 = DIRECTION('',(-0.,-1.,0.));
#7596 = FACE_BOUND('',#7597,.T.);
#7597 = EDGE_LOOP('',(#7598));
#7598 = ORIENTED_EDGE('',*,*,#7599,.T.);
#7599 = EDGE_CURVE('',#7600,#7600,#7602,.T.);
#7600 = VERTEX_POINT('',#7601);
#7601 = CARTESIAN_POINT('',(297.69,-180.8189,1.51));
#7602 = CIRCLE('',#7603,1.9939);
#7603 = AXIS2_PLACEMENT_3D('',#7604,#7605,#7606);
#7604 = CARTESIAN_POINT('',(297.69,-178.825,1.51));
#7605 = DIRECTION('',(-0.,0.,-1.));
#7606 = DIRECTION('',(-0.,-1.,0.));
#7607 = FACE_BOUND('',#7608,.T.);
#7608 = EDGE_LOOP('',(#7609));
#7609 = ORIENTED_EDGE('',*,*,#7610,.T.);
#7610 = EDGE_CURVE('',#7611,#7611,#7613,.T.);
#7611 = VERTEX_POINT('',#7612);
#7612 = CARTESIAN_POINT('',(302.77,-179.7,1.51));
#7613 = CIRCLE('',#7614,0.875);
#7614 = AXIS2_PLACEMENT_3D('',#7615,#7616,#7617);
#7615 = CARTESIAN_POINT('',(302.77,-178.825,1.51));
#7616 = DIRECTION('',(-0.,0.,-1.));
#7617 = DIRECTION('',(-0.,-1.,0.));
#7618 = FACE_BOUND('',#7619,.T.);
#7619 = EDGE_LOOP('',(#7620));
#7620 = ORIENTED_EDGE('',*,*,#7621,.T.);
#7621 = EDGE_CURVE('',#7622,#7622,#7624,.T.);
#7622 = VERTEX_POINT('',#7623);
#7623 = CARTESIAN_POINT('',(274.83,-177.785,1.51));
#7624 = CIRCLE('',#7625,1.5);
#7625 = AXIS2_PLACEMENT_3D('',#7626,#7627,#7628);
#7626 = CARTESIAN_POINT('',(274.83,-176.285,1.51));
#7627 = DIRECTION('',(-0.,0.,-1.));
#7628 = DIRECTION('',(-0.,-1.,0.));
#7629 = FACE_BOUND('',#7630,.T.);
#7630 = EDGE_LOOP('',(#7631));
#7631 = ORIENTED_EDGE('',*,*,#7632,.T.);
#7632 = EDGE_CURVE('',#7633,#7633,#7635,.T.);
#7633 = VERTEX_POINT('',#7634);
#7634 = CARTESIAN_POINT('',(281.18,-175.245,1.51));
#7635 = CIRCLE('',#7636,1.5);
#7636 = AXIS2_PLACEMENT_3D('',#7637,#7638,#7639);
#7637 = CARTESIAN_POINT('',(281.18,-173.745,1.51));
#7638 = DIRECTION('',(-0.,0.,-1.));
#7639 = DIRECTION('',(-0.,-1.,0.));
#7640 = FACE_BOUND('',#7641,.T.);
#7641 = EDGE_LOOP('',(#7642));
#7642 = ORIENTED_EDGE('',*,*,#7643,.T.);
#7643 = EDGE_CURVE('',#7644,#7644,#7646,.T.);
#7644 = VERTEX_POINT('',#7645);
#7645 = CARTESIAN_POINT('',(293.88,-177.785,1.51));
#7646 = CIRCLE('',#7647,1.5);
#7647 = AXIS2_PLACEMENT_3D('',#7648,#7649,#7650);
#7648 = CARTESIAN_POINT('',(293.88,-176.285,1.51));
#7649 = DIRECTION('',(-0.,0.,-1.));
#7650 = DIRECTION('',(-0.,-1.,0.));
#7651 = FACE_BOUND('',#7652,.T.);
#7652 = EDGE_LOOP('',(#7653));
#7653 = ORIENTED_EDGE('',*,*,#7654,.T.);
#7654 = EDGE_CURVE('',#7655,#7655,#7657,.T.);
#7655 = VERTEX_POINT('',#7656);
#7656 = CARTESIAN_POINT('',(300.23,-175.245,1.51));
#7657 = CIRCLE('',#7658,1.5);
#7658 = AXIS2_PLACEMENT_3D('',#7659,#7660,#7661);
#7659 = CARTESIAN_POINT('',(300.23,-173.745,1.51));
#7660 = DIRECTION('',(-0.,0.,-1.));
#7661 = DIRECTION('',(-0.,-1.,0.));
#7662 = FACE_BOUND('',#7663,.T.);
#7663 = EDGE_LOOP('',(#7664));
#7664 = ORIENTED_EDGE('',*,*,#7665,.T.);
#7665 = EDGE_CURVE('',#7666,#7666,#7668,.T.);
#7666 = VERTEX_POINT('',#7667);
#7667 = CARTESIAN_POINT('',(240.5375,-168.595,1.51));
#7668 = CIRCLE('',#7669,0.4);
#7669 = AXIS2_PLACEMENT_3D('',#7670,#7671,#7672);
#7670 = CARTESIAN_POINT('',(240.5375,-168.195,1.51));
#7671 = DIRECTION('',(-0.,0.,-1.));
#7672 = DIRECTION('',(-0.,-1.,0.));
#7673 = FACE_BOUND('',#7674,.T.);
#7674 = EDGE_LOOP('',(#7675));
#7675 = ORIENTED_EDGE('',*,*,#7676,.T.);
#7676 = EDGE_CURVE('',#7677,#7677,#7679,.T.);
#7677 = VERTEX_POINT('',#7678);
#7678 = CARTESIAN_POINT('',(259.5875,-168.595,1.51));
#7679 = CIRCLE('',#7680,0.4);
#7680 = AXIS2_PLACEMENT_3D('',#7681,#7682,#7683);
#7681 = CARTESIAN_POINT('',(259.5875,-168.195,1.51));
#7682 = DIRECTION('',(-0.,0.,-1.));
#7683 = DIRECTION('',(-0.,-1.,0.));
#7684 = FACE_BOUND('',#7685,.T.);
#7685 = EDGE_LOOP('',(#7686));
#7686 = ORIENTED_EDGE('',*,*,#7687,.T.);
#7687 = EDGE_CURVE('',#7688,#7688,#7690,.T.);
#7688 = VERTEX_POINT('',#7689);
#7689 = CARTESIAN_POINT('',(278.6375,-168.595,1.51));
#7690 = CIRCLE('',#7691,0.4);
#7691 = AXIS2_PLACEMENT_3D('',#7692,#7693,#7694);
#7692 = CARTESIAN_POINT('',(278.6375,-168.195,1.51));
#7693 = DIRECTION('',(-0.,0.,-1.));
#7694 = DIRECTION('',(-1.42108547152E-13,-1.,0.));
#7695 = FACE_BOUND('',#7696,.T.);
#7696 = EDGE_LOOP('',(#7697));
#7697 = ORIENTED_EDGE('',*,*,#7698,.T.);
#7698 = EDGE_CURVE('',#7699,#7699,#7701,.T.);
#7699 = VERTEX_POINT('',#7700);
#7700 = CARTESIAN_POINT('',(297.6875,-168.595,1.51));
#7701 = CIRCLE('',#7702,0.4);
#7702 = AXIS2_PLACEMENT_3D('',#7703,#7704,#7705);
#7703 = CARTESIAN_POINT('',(297.6875,-168.195,1.51));
#7704 = DIRECTION('',(-0.,0.,-1.));
#7705 = DIRECTION('',(-0.,-1.,0.));
#7706 = FACE_BOUND('',#7707,.T.);
#7707 = EDGE_LOOP('',(#7708));
#7708 = ORIENTED_EDGE('',*,*,#7709,.T.);
#7709 = EDGE_CURVE('',#7710,#7710,#7712,.T.);
#7710 = VERTEX_POINT('',#7711);
#7711 = CARTESIAN_POINT('',(307.2075,-179.995,1.51));
#7712 = CIRCLE('',#7713,0.4);
#7713 = AXIS2_PLACEMENT_3D('',#7714,#7715,#7716);
#7714 = CARTESIAN_POINT('',(307.2075,-179.595,1.51));
#7715 = DIRECTION('',(-0.,0.,-1.));
#7716 = DIRECTION('',(-0.,-1.,0.));
#7717 = FACE_BOUND('',#7718,.T.);
#7718 = EDGE_LOOP('',(#7719));
#7719 = ORIENTED_EDGE('',*,*,#7720,.T.);
#7720 = EDGE_CURVE('',#7721,#7721,#7723,.T.);
#7721 = VERTEX_POINT('',#7722);
#7722 = CARTESIAN_POINT('',(311.66,-179.7,1.51));
#7723 = CIRCLE('',#7724,0.875);
#7724 = AXIS2_PLACEMENT_3D('',#7725,#7726,#7727);
#7725 = CARTESIAN_POINT('',(311.66,-178.825,1.51));
#7726 = DIRECTION('',(-0.,0.,-1.));
#7727 = DIRECTION('',(-0.,-1.,0.));
#7728 = FACE_BOUND('',#7729,.T.);
#7729 = EDGE_LOOP('',(#7730));
#7730 = ORIENTED_EDGE('',*,*,#7731,.T.);
#7731 = EDGE_CURVE('',#7732,#7732,#7734,.T.);
#7732 = VERTEX_POINT('',#7733);
#7733 = CARTESIAN_POINT('',(316.74,-180.8189,1.51));
#7734 = CIRCLE('',#7735,1.9939);
#7735 = AXIS2_PLACEMENT_3D('',#7736,#7737,#7738);
#7736 = CARTESIAN_POINT('',(316.74,-178.825,1.51));
#7737 = DIRECTION('',(-0.,0.,-1.));
#7738 = DIRECTION('',(-0.,-1.,0.));
#7739 = FACE_BOUND('',#7740,.T.);
#7740 = EDGE_LOOP('',(#7741));
#7741 = ORIENTED_EDGE('',*,*,#7742,.T.);
#7742 = EDGE_CURVE('',#7743,#7743,#7745,.T.);
#7743 = VERTEX_POINT('',#7744);
#7744 = CARTESIAN_POINT('',(321.82,-179.7,1.51));
#7745 = CIRCLE('',#7746,0.875);
#7746 = AXIS2_PLACEMENT_3D('',#7747,#7748,#7749);
#7747 = CARTESIAN_POINT('',(321.82,-178.825,1.51));
#7748 = DIRECTION('',(-0.,0.,-1.));
#7749 = DIRECTION('',(-0.,-1.,0.));
#7750 = FACE_BOUND('',#7751,.T.);
#7751 = EDGE_LOOP('',(#7752));
#7752 = ORIENTED_EDGE('',*,*,#7753,.T.);
#7753 = EDGE_CURVE('',#7754,#7754,#7756,.T.);
#7754 = VERTEX_POINT('',#7755);
#7755 = CARTESIAN_POINT('',(326.2575,-179.995,1.51));
#7756 = CIRCLE('',#7757,0.4);
#7757 = AXIS2_PLACEMENT_3D('',#7758,#7759,#7760);
#7758 = CARTESIAN_POINT('',(326.2575,-179.595,1.51));
#7759 = DIRECTION('',(-0.,0.,-1.));
#7760 = DIRECTION('',(-1.42108547152E-13,-1.,0.));
#7761 = FACE_BOUND('',#7762,.T.);
#7762 = EDGE_LOOP('',(#7763));
#7763 = ORIENTED_EDGE('',*,*,#7764,.T.);
#7764 = EDGE_CURVE('',#7765,#7765,#7767,.T.);
#7765 = VERTEX_POINT('',#7766);
#7766 = CARTESIAN_POINT('',(312.93,-177.785,1.51));
#7767 = CIRCLE('',#7768,1.5);
#7768 = AXIS2_PLACEMENT_3D('',#7769,#7770,#7771);
#7769 = CARTESIAN_POINT('',(312.93,-176.285,1.51));
#7770 = DIRECTION('',(-0.,0.,-1.));
#7771 = DIRECTION('',(-0.,-1.,0.));
#7772 = FACE_BOUND('',#7773,.T.);
#7773 = EDGE_LOOP('',(#7774));
#7774 = ORIENTED_EDGE('',*,*,#7775,.T.);
#7775 = EDGE_CURVE('',#7776,#7776,#7778,.T.);
#7776 = VERTEX_POINT('',#7777);
#7777 = CARTESIAN_POINT('',(319.28,-175.245,1.51));
#7778 = CIRCLE('',#7779,1.5);
#7779 = AXIS2_PLACEMENT_3D('',#7780,#7781,#7782);
#7780 = CARTESIAN_POINT('',(319.28,-173.745,1.51));
#7781 = DIRECTION('',(-0.,0.,-1.));
#7782 = DIRECTION('',(-0.,-1.,0.));
#7783 = FACE_BOUND('',#7784,.T.);
#7784 = EDGE_LOOP('',(#7785));
#7785 = ORIENTED_EDGE('',*,*,#7786,.T.);
#7786 = EDGE_CURVE('',#7787,#7787,#7789,.T.);
#7787 = VERTEX_POINT('',#7788);
#7788 = CARTESIAN_POINT('',(347.37875,-179.7,1.51));
#7789 = CIRCLE('',#7790,0.875);
#7790 = AXIS2_PLACEMENT_3D('',#7791,#7792,#7793);
#7791 = CARTESIAN_POINT('',(347.37875,-178.825,1.51));
#7792 = DIRECTION('',(-0.,0.,-1.));
#7793 = DIRECTION('',(-0.,-1.,0.));
#7794 = FACE_BOUND('',#7795,.T.);
#7795 = EDGE_LOOP('',(#7796));
#7796 = ORIENTED_EDGE('',*,*,#7797,.T.);
#7797 = EDGE_CURVE('',#7798,#7798,#7800,.T.);
#7798 = VERTEX_POINT('',#7799);
#7799 = CARTESIAN_POINT('',(352.45875,-180.8189,1.51));
#7800 = CIRCLE('',#7801,1.9939);
#7801 = AXIS2_PLACEMENT_3D('',#7802,#7803,#7804);
#7802 = CARTESIAN_POINT('',(352.45875,-178.825,1.51));
#7803 = DIRECTION('',(-0.,0.,-1.));
#7804 = DIRECTION('',(-0.,-1.,0.));
#7805 = FACE_BOUND('',#7806,.T.);
#7806 = EDGE_LOOP('',(#7807));
#7807 = ORIENTED_EDGE('',*,*,#7808,.T.);
#7808 = EDGE_CURVE('',#7809,#7809,#7811,.T.);
#7809 = VERTEX_POINT('',#7810);
#7810 = CARTESIAN_POINT('',(357.53875,-179.7,1.51));
#7811 = CIRCLE('',#7812,0.875);
#7812 = AXIS2_PLACEMENT_3D('',#7813,#7814,#7815);
#7813 = CARTESIAN_POINT('',(357.53875,-178.825,1.51));
#7814 = DIRECTION('',(-0.,0.,-1.));
#7815 = DIRECTION('',(-0.,-1.,0.));
#7816 = FACE_BOUND('',#7817,.T.);
#7817 = EDGE_LOOP('',(#7818));
#7818 = ORIENTED_EDGE('',*,*,#7819,.T.);
#7819 = EDGE_CURVE('',#7820,#7820,#7822,.T.);
#7820 = VERTEX_POINT('',#7821);
#7821 = CARTESIAN_POINT('',(369.7645,-179.906,1.51));
#7822 = CIRCLE('',#7823,0.4);
#7823 = AXIS2_PLACEMENT_3D('',#7824,#7825,#7826);
#7824 = CARTESIAN_POINT('',(369.7645,-179.506,1.51));
#7825 = DIRECTION('',(-0.,0.,-1.));
#7826 = DIRECTION('',(-0.,-1.,0.));
#7827 = FACE_BOUND('',#7828,.T.);
#7828 = EDGE_LOOP('',(#7829));
#7829 = ORIENTED_EDGE('',*,*,#7830,.T.);
#7830 = EDGE_CURVE('',#7831,#7831,#7833,.T.);
#7831 = VERTEX_POINT('',#7832);
#7832 = CARTESIAN_POINT('',(372.8875,-179.944,1.51));
#7833 = CIRCLE('',#7834,0.5);
#7834 = AXIS2_PLACEMENT_3D('',#7835,#7836,#7837);
#7835 = CARTESIAN_POINT('',(372.8875,-179.444,1.51));
#7836 = DIRECTION('',(-0.,0.,-1.));
#7837 = DIRECTION('',(-0.,-1.,0.));
#7838 = FACE_BOUND('',#7839,.T.);
#7839 = EDGE_LOOP('',(#7840));
#7840 = ORIENTED_EDGE('',*,*,#7841,.T.);
#7841 = EDGE_CURVE('',#7842,#7842,#7844,.T.);
#7842 = VERTEX_POINT('',#7843);
#7843 = CARTESIAN_POINT('',(348.64875,-177.785,1.51));
#7844 = CIRCLE('',#7845,1.5);
#7845 = AXIS2_PLACEMENT_3D('',#7846,#7847,#7848);
#7846 = CARTESIAN_POINT('',(348.64875,-176.285,1.51));
#7847 = DIRECTION('',(-0.,0.,-1.));
#7848 = DIRECTION('',(-0.,-1.,0.));
#7849 = FACE_BOUND('',#7850,.T.);
#7850 = EDGE_LOOP('',(#7851));
#7851 = ORIENTED_EDGE('',*,*,#7852,.T.);
#7852 = EDGE_CURVE('',#7853,#7853,#7855,.T.);
#7853 = VERTEX_POINT('',#7854);
#7854 = CARTESIAN_POINT('',(354.99875,-175.245,1.51));
#7855 = CIRCLE('',#7856,1.5);
#7856 = AXIS2_PLACEMENT_3D('',#7857,#7858,#7859);
#7857 = CARTESIAN_POINT('',(354.99875,-173.745,1.51));
#7858 = DIRECTION('',(-0.,0.,-1.));
#7859 = DIRECTION('',(-0.,-1.,0.));
#7860 = FACE_BOUND('',#7861,.T.);
#7861 = EDGE_LOOP('',(#7862));
#7862 = ORIENTED_EDGE('',*,*,#7863,.T.);
#7863 = EDGE_CURVE('',#7864,#7864,#7866,.T.);
#7864 = VERTEX_POINT('',#7865);
#7865 = CARTESIAN_POINT('',(372.8875,-177.404,1.51));
#7866 = CIRCLE('',#7867,0.5);
#7867 = AXIS2_PLACEMENT_3D('',#7868,#7869,#7870);
#7868 = CARTESIAN_POINT('',(372.8875,-176.904,1.51));
#7869 = DIRECTION('',(-0.,0.,-1.));
#7870 = DIRECTION('',(-0.,-1.,0.));
#7871 = FACE_BOUND('',#7872,.T.);
#7872 = EDGE_LOOP('',(#7873));
#7873 = ORIENTED_EDGE('',*,*,#7874,.T.);
#7874 = EDGE_CURVE('',#7875,#7875,#7877,.T.);
#7875 = VERTEX_POINT('',#7876);
#7876 = CARTESIAN_POINT('',(372.8875,-174.864,1.51));
#7877 = CIRCLE('',#7878,0.5);
#7878 = AXIS2_PLACEMENT_3D('',#7879,#7880,#7881);
#7879 = CARTESIAN_POINT('',(372.8875,-174.364,1.51));
#7880 = DIRECTION('',(-0.,0.,-1.));
#7881 = DIRECTION('',(-0.,-1.,0.));
#7882 = FACE_BOUND('',#7883,.T.);
#7883 = EDGE_LOOP('',(#7884));
#7884 = ORIENTED_EDGE('',*,*,#7885,.T.);
#7885 = EDGE_CURVE('',#7886,#7886,#7888,.T.);
#7886 = VERTEX_POINT('',#7887);
#7887 = CARTESIAN_POINT('',(316.7375,-168.595,1.51));
#7888 = CIRCLE('',#7889,0.4);
#7889 = AXIS2_PLACEMENT_3D('',#7890,#7891,#7892);
#7890 = CARTESIAN_POINT('',(316.7375,-168.195,1.51));
#7891 = DIRECTION('',(-0.,0.,-1.));
#7892 = DIRECTION('',(1.42108547152E-13,-1.,-0.));
#7893 = FACE_BOUND('',#7894,.T.);
#7894 = EDGE_LOOP('',(#7895));
#7895 = ORIENTED_EDGE('',*,*,#7896,.T.);
#7896 = EDGE_CURVE('',#7897,#7897,#7899,.T.);
#7897 = VERTEX_POINT('',#7898);
#7898 = CARTESIAN_POINT('',(340.5525,-173.364,1.51));
#7899 = CIRCLE('',#7900,1.524);
#7900 = AXIS2_PLACEMENT_3D('',#7901,#7902,#7903);
#7901 = CARTESIAN_POINT('',(340.5525,-171.84,1.51));
#7902 = DIRECTION('',(-0.,0.,-1.));
#7903 = DIRECTION('',(-0.,-1.,0.));
#7904 = FACE_BOUND('',#7905,.T.);
#7905 = EDGE_LOOP('',(#7906));
#7906 = ORIENTED_EDGE('',*,*,#7907,.T.);
#7907 = EDGE_CURVE('',#7908,#7908,#7910,.T.);
#7908 = VERTEX_POINT('',#7909);
#7909 = CARTESIAN_POINT('',(335.7875,-168.595,1.51));
#7910 = CIRCLE('',#7911,0.4);
#7911 = AXIS2_PLACEMENT_3D('',#7912,#7913,#7914);
#7912 = CARTESIAN_POINT('',(335.7875,-168.195,1.51));
#7913 = DIRECTION('',(-0.,0.,-1.));
#7914 = DIRECTION('',(-0.,-1.,0.));
#7915 = FACE_BOUND('',#7916,.T.);
#7916 = EDGE_LOOP('',(#7917));
#7917 = ORIENTED_EDGE('',*,*,#7918,.T.);
#7918 = EDGE_CURVE('',#7919,#7919,#7921,.T.);
#7919 = VERTEX_POINT('',#7920);
#7920 = CARTESIAN_POINT('',(345.315,-170.0239,1.51));
#7921 = CIRCLE('',#7922,1.9939);
#7922 = AXIS2_PLACEMENT_3D('',#7923,#7924,#7925);
#7923 = CARTESIAN_POINT('',(345.315,-168.03,1.51));
#7924 = DIRECTION('',(-0.,0.,-1.));
#7925 = DIRECTION('',(-0.,-1.,0.));
#7926 = FACE_BOUND('',#7927,.T.);
#7927 = EDGE_LOOP('',(#7928));
#7928 = ORIENTED_EDGE('',*,*,#7929,.T.);
#7929 = EDGE_CURVE('',#7930,#7930,#7932,.T.);
#7930 = VERTEX_POINT('',#7931);
#7931 = CARTESIAN_POINT('',(364.365,-173.364,1.51));
#7932 = CIRCLE('',#7933,1.524);
#7933 = AXIS2_PLACEMENT_3D('',#7934,#7935,#7936);
#7934 = CARTESIAN_POINT('',(364.365,-171.84,1.51));
#7935 = DIRECTION('',(-0.,0.,-1.));
#7936 = DIRECTION('',(-0.,-1.,0.));
#7937 = FACE_BOUND('',#7938,.T.);
#7938 = EDGE_LOOP('',(#7939));
#7939 = ORIENTED_EDGE('',*,*,#7940,.T.);
#7940 = EDGE_CURVE('',#7941,#7941,#7943,.T.);
#7941 = VERTEX_POINT('',#7942);
#7942 = CARTESIAN_POINT('',(372.8875,-172.324,1.51));
#7943 = CIRCLE('',#7944,0.5);
#7944 = AXIS2_PLACEMENT_3D('',#7945,#7946,#7947);
#7945 = CARTESIAN_POINT('',(372.8875,-171.824,1.51));
#7946 = DIRECTION('',(-0.,0.,-1.));
#7947 = DIRECTION('',(-0.,-1.,0.));
#7948 = FACE_BOUND('',#7949,.T.);
#7949 = EDGE_LOOP('',(#7950));
#7950 = ORIENTED_EDGE('',*,*,#7951,.T.);
#7951 = EDGE_CURVE('',#7952,#7952,#7954,.T.);
#7952 = VERTEX_POINT('',#7953);
#7953 = CARTESIAN_POINT('',(373.41875,-168.595,1.51));
#7954 = CIRCLE('',#7955,0.4);
#7955 = AXIS2_PLACEMENT_3D('',#7956,#7957,#7958);
#7956 = CARTESIAN_POINT('',(373.41875,-168.195,1.51));
#7957 = DIRECTION('',(-0.,0.,-1.));
#7958 = DIRECTION('',(-1.42108547152E-13,-1.,0.));
#7959 = FACE_BOUND('',#7960,.T.);
#7960 = EDGE_LOOP('',(#7961));
#7961 = ORIENTED_EDGE('',*,*,#7962,.T.);
#7962 = EDGE_CURVE('',#7963,#7963,#7965,.T.);
#7963 = VERTEX_POINT('',#7964);
#7964 = CARTESIAN_POINT('',(369.1275,-170.0239,1.51));
#7965 = CIRCLE('',#7966,1.9939);
#7966 = AXIS2_PLACEMENT_3D('',#7967,#7968,#7969);
#7967 = CARTESIAN_POINT('',(369.1275,-168.03,1.51));
#7968 = DIRECTION('',(-0.,0.,-1.));
#7969 = DIRECTION('',(-0.,-1.,0.));
#7970 = FACE_BOUND('',#7971,.T.);
#7971 = EDGE_LOOP('',(#7972));
#7972 = ORIENTED_EDGE('',*,*,#7973,.T.);
#7973 = EDGE_CURVE('',#7974,#7974,#7976,.T.);
#7974 = VERTEX_POINT('',#7975);
#7975 = CARTESIAN_POINT('',(104.49125,-160.65,1.51));
#7976 = CIRCLE('',#7977,0.875);
#7977 = AXIS2_PLACEMENT_3D('',#7978,#7979,#7980);
#7978 = CARTESIAN_POINT('',(104.49125,-159.775,1.51));
#7979 = DIRECTION('',(-0.,0.,-1.));
#7980 = DIRECTION('',(-0.,-1.,0.));
#7981 = FACE_BOUND('',#7982,.T.);
#7982 = EDGE_LOOP('',(#7983));
#7983 = ORIENTED_EDGE('',*,*,#7984,.T.);
#7984 = EDGE_CURVE('',#7985,#7985,#7987,.T.);
#7985 = VERTEX_POINT('',#7986);
#7986 = CARTESIAN_POINT('',(109.57125,-161.7689,1.51));
#7987 = CIRCLE('',#7988,1.9939);
#7988 = AXIS2_PLACEMENT_3D('',#7989,#7990,#7991);
#7989 = CARTESIAN_POINT('',(109.57125,-159.775,1.51));
#7990 = DIRECTION('',(-0.,0.,-1.));
#7991 = DIRECTION('',(7.127165211496E-15,-1.,-0.));
#7992 = FACE_BOUND('',#7993,.T.);
#7993 = EDGE_LOOP('',(#7994));
#7994 = ORIENTED_EDGE('',*,*,#7995,.T.);
#7995 = EDGE_CURVE('',#7996,#7996,#7998,.T.);
#7996 = VERTEX_POINT('',#7997);
#7997 = CARTESIAN_POINT('',(105.76125,-158.735,1.51));
#7998 = CIRCLE('',#7999,1.5);
#7999 = AXIS2_PLACEMENT_3D('',#8000,#8001,#8002);
#8000 = CARTESIAN_POINT('',(105.76125,-157.235,1.51));
#8001 = DIRECTION('',(-0.,0.,-1.));
#8002 = DIRECTION('',(-0.,-1.,0.));
#8003 = FACE_BOUND('',#8004,.T.);
#8004 = EDGE_LOOP('',(#8005));
#8005 = ORIENTED_EDGE('',*,*,#8006,.T.);
#8006 = EDGE_CURVE('',#8007,#8007,#8009,.T.);
#8007 = VERTEX_POINT('',#8008);
#8008 = CARTESIAN_POINT('',(114.65125,-160.65,1.51));
#8009 = CIRCLE('',#8010,0.875);
#8010 = AXIS2_PLACEMENT_3D('',#8011,#8012,#8013);
#8011 = CARTESIAN_POINT('',(114.65125,-159.775,1.51));
#8012 = DIRECTION('',(-0.,0.,-1.));
#8013 = DIRECTION('',(-0.,-1.,0.));
#8014 = FACE_BOUND('',#8015,.T.);
#8015 = EDGE_LOOP('',(#8016));
#8016 = ORIENTED_EDGE('',*,*,#8017,.T.);
#8017 = EDGE_CURVE('',#8018,#8018,#8020,.T.);
#8018 = VERTEX_POINT('',#8019);
#8019 = CARTESIAN_POINT('',(119.09375,-160.975,1.51));
#8020 = CIRCLE('',#8021,0.4);
#8021 = AXIS2_PLACEMENT_3D('',#8022,#8023,#8024);
#8022 = CARTESIAN_POINT('',(119.09375,-160.575,1.51));
#8023 = DIRECTION('',(-0.,0.,-1.));
#8024 = DIRECTION('',(-0.,-1.,0.));
#8025 = FACE_BOUND('',#8026,.T.);
#8026 = EDGE_LOOP('',(#8027));
#8027 = ORIENTED_EDGE('',*,*,#8028,.T.);
#8028 = EDGE_CURVE('',#8029,#8029,#8031,.T.);
#8029 = VERTEX_POINT('',#8030);
#8030 = CARTESIAN_POINT('',(130.685,-160.65,1.51));
#8031 = CIRCLE('',#8032,0.875);
#8032 = AXIS2_PLACEMENT_3D('',#8033,#8034,#8035);
#8033 = CARTESIAN_POINT('',(130.685,-159.775,1.51));
#8034 = DIRECTION('',(-0.,0.,-1.));
#8035 = DIRECTION('',(-0.,-1.,0.));
#8036 = FACE_BOUND('',#8037,.T.);
#8037 = EDGE_LOOP('',(#8038));
#8038 = ORIENTED_EDGE('',*,*,#8039,.T.);
#8039 = EDGE_CURVE('',#8040,#8040,#8042,.T.);
#8040 = VERTEX_POINT('',#8041);
#8041 = CARTESIAN_POINT('',(112.11125,-156.195,1.51));
#8042 = CIRCLE('',#8043,1.5);
#8043 = AXIS2_PLACEMENT_3D('',#8044,#8045,#8046);
#8044 = CARTESIAN_POINT('',(112.11125,-154.695,1.51));
#8045 = DIRECTION('',(-0.,0.,-1.));
#8046 = DIRECTION('',(-0.,-1.,0.));
#8047 = FACE_BOUND('',#8048,.T.);
#8048 = EDGE_LOOP('',(#8049));
#8049 = ORIENTED_EDGE('',*,*,#8050,.T.);
#8050 = EDGE_CURVE('',#8051,#8051,#8053,.T.);
#8051 = VERTEX_POINT('',#8052);
#8052 = CARTESIAN_POINT('',(121.4775,-149.545,1.51));
#8053 = CIRCLE('',#8054,0.4);
#8054 = AXIS2_PLACEMENT_3D('',#8055,#8056,#8057);
#8055 = CARTESIAN_POINT('',(121.4775,-149.145,1.51));
#8056 = DIRECTION('',(-0.,0.,-1.));
#8057 = DIRECTION('',(3.5527136788E-14,-1.,-0.));
#8058 = FACE_BOUND('',#8059,.T.);
#8059 = EDGE_LOOP('',(#8060));
#8060 = ORIENTED_EDGE('',*,*,#8061,.T.);
#8061 = EDGE_CURVE('',#8062,#8062,#8064,.T.);
#8062 = VERTEX_POINT('',#8063);
#8063 = CARTESIAN_POINT('',(135.765,-161.7689,1.51));
#8064 = CIRCLE('',#8065,1.9939);
#8065 = AXIS2_PLACEMENT_3D('',#8066,#8067,#8068);
#8066 = CARTESIAN_POINT('',(135.765,-159.775,1.51));
#8067 = DIRECTION('',(-0.,0.,-1.));
#8068 = DIRECTION('',(-0.,-1.,0.));
#8069 = FACE_BOUND('',#8070,.T.);
#8070 = EDGE_LOOP('',(#8071));
#8071 = ORIENTED_EDGE('',*,*,#8072,.T.);
#8072 = EDGE_CURVE('',#8073,#8073,#8075,.T.);
#8073 = VERTEX_POINT('',#8074);
#8074 = CARTESIAN_POINT('',(140.845,-160.65,1.51));
#8075 = CIRCLE('',#8076,0.875);
#8076 = AXIS2_PLACEMENT_3D('',#8077,#8078,#8079);
#8077 = CARTESIAN_POINT('',(140.845,-159.775,1.51));
#8078 = DIRECTION('',(-0.,0.,-1.));
#8079 = DIRECTION('',(-0.,-1.,0.));
#8080 = FACE_BOUND('',#8081,.T.);
#8081 = EDGE_LOOP('',(#8082));
#8082 = ORIENTED_EDGE('',*,*,#8083,.T.);
#8083 = EDGE_CURVE('',#8084,#8084,#8086,.T.);
#8084 = VERTEX_POINT('',#8085);
#8085 = CARTESIAN_POINT('',(145.2875,-160.975,1.51));
#8086 = CIRCLE('',#8087,0.4);
#8087 = AXIS2_PLACEMENT_3D('',#8088,#8089,#8090);
#8088 = CARTESIAN_POINT('',(145.2875,-160.575,1.51));
#8089 = DIRECTION('',(-0.,0.,-1.));
#8090 = DIRECTION('',(-0.,-1.,0.));
#8091 = FACE_BOUND('',#8092,.T.);
#8092 = EDGE_LOOP('',(#8093));
#8093 = ORIENTED_EDGE('',*,*,#8094,.T.);
#8094 = EDGE_CURVE('',#8095,#8095,#8097,.T.);
#8095 = VERTEX_POINT('',#8096);
#8096 = CARTESIAN_POINT('',(131.955,-158.735,1.51));
#8097 = CIRCLE('',#8098,1.5);
#8098 = AXIS2_PLACEMENT_3D('',#8099,#8100,#8101);
#8099 = CARTESIAN_POINT('',(131.955,-157.235,1.51));
#8100 = DIRECTION('',(-0.,0.,-1.));
#8101 = DIRECTION('',(-0.,-1.,0.));
#8102 = FACE_BOUND('',#8103,.T.);
#8103 = EDGE_LOOP('',(#8104));
#8104 = ORIENTED_EDGE('',*,*,#8105,.T.);
#8105 = EDGE_CURVE('',#8106,#8106,#8108,.T.);
#8106 = VERTEX_POINT('',#8107);
#8107 = CARTESIAN_POINT('',(149.735,-160.65,1.51));
#8108 = CIRCLE('',#8109,0.875);
#8109 = AXIS2_PLACEMENT_3D('',#8110,#8111,#8112);
#8110 = CARTESIAN_POINT('',(149.735,-159.775,1.51));
#8111 = DIRECTION('',(-0.,0.,-1.));
#8112 = DIRECTION('',(-0.,-1.,0.));
#8113 = FACE_BOUND('',#8114,.T.);
#8114 = EDGE_LOOP('',(#8115));
#8115 = ORIENTED_EDGE('',*,*,#8116,.T.);
#8116 = EDGE_CURVE('',#8117,#8117,#8119,.T.);
#8117 = VERTEX_POINT('',#8118);
#8118 = CARTESIAN_POINT('',(154.815,-161.7689,1.51));
#8119 = CIRCLE('',#8120,1.9939);
#8120 = AXIS2_PLACEMENT_3D('',#8121,#8122,#8123);
#8121 = CARTESIAN_POINT('',(154.815,-159.775,1.51));
#8122 = DIRECTION('',(-0.,0.,-1.));
#8123 = DIRECTION('',(-0.,-1.,0.));
#8124 = FACE_BOUND('',#8125,.T.);
#8125 = EDGE_LOOP('',(#8126));
#8126 = ORIENTED_EDGE('',*,*,#8127,.T.);
#8127 = EDGE_CURVE('',#8128,#8128,#8130,.T.);
#8128 = VERTEX_POINT('',#8129);
#8129 = CARTESIAN_POINT('',(159.895,-160.65,1.51));
#8130 = CIRCLE('',#8131,0.875);
#8131 = AXIS2_PLACEMENT_3D('',#8132,#8133,#8134);
#8132 = CARTESIAN_POINT('',(159.895,-159.775,1.51));
#8133 = DIRECTION('',(-0.,0.,-1.));
#8134 = DIRECTION('',(-0.,-1.,0.));
#8135 = FACE_BOUND('',#8136,.T.);
#8136 = EDGE_LOOP('',(#8137));
#8137 = ORIENTED_EDGE('',*,*,#8138,.T.);
#8138 = EDGE_CURVE('',#8139,#8139,#8141,.T.);
#8139 = VERTEX_POINT('',#8140);
#8140 = CARTESIAN_POINT('',(164.3375,-160.975,1.51));
#8141 = CIRCLE('',#8142,0.4);
#8142 = AXIS2_PLACEMENT_3D('',#8143,#8144,#8145);
#8143 = CARTESIAN_POINT('',(164.3375,-160.575,1.51));
#8144 = DIRECTION('',(-0.,0.,-1.));
#8145 = DIRECTION('',(-0.,-1.,0.));
#8146 = FACE_BOUND('',#8147,.T.);
#8147 = EDGE_LOOP('',(#8148));
#8148 = ORIENTED_EDGE('',*,*,#8149,.T.);
#8149 = EDGE_CURVE('',#8150,#8150,#8152,.T.);
#8150 = VERTEX_POINT('',#8151);
#8151 = CARTESIAN_POINT('',(151.005,-158.735,1.51));
#8152 = CIRCLE('',#8153,1.5);
#8153 = AXIS2_PLACEMENT_3D('',#8154,#8155,#8156);
#8154 = CARTESIAN_POINT('',(151.005,-157.235,1.51));
#8155 = DIRECTION('',(-0.,0.,-1.));
#8156 = DIRECTION('',(-0.,-1.,0.));
#8157 = FACE_BOUND('',#8158,.T.);
#8158 = EDGE_LOOP('',(#8159));
#8159 = ORIENTED_EDGE('',*,*,#8160,.T.);
#8160 = EDGE_CURVE('',#8161,#8161,#8163,.T.);
#8161 = VERTEX_POINT('',#8162);
#8162 = CARTESIAN_POINT('',(138.305,-156.195,1.51));
#8163 = CIRCLE('',#8164,1.5);
#8164 = AXIS2_PLACEMENT_3D('',#8165,#8166,#8167);
#8165 = CARTESIAN_POINT('',(138.305,-154.695,1.51));
#8166 = DIRECTION('',(-0.,0.,-1.));
#8167 = DIRECTION('',(-0.,-1.,0.));
#8168 = FACE_BOUND('',#8169,.T.);
#8169 = EDGE_LOOP('',(#8170));
#8170 = ORIENTED_EDGE('',*,*,#8171,.T.);
#8171 = EDGE_CURVE('',#8172,#8172,#8174,.T.);
#8172 = VERTEX_POINT('',#8173);
#8173 = CARTESIAN_POINT('',(140.5275,-149.535,1.51));
#8174 = CIRCLE('',#8175,0.4);
#8175 = AXIS2_PLACEMENT_3D('',#8176,#8177,#8178);
#8176 = CARTESIAN_POINT('',(140.5275,-149.135,1.51));
#8177 = DIRECTION('',(-0.,0.,-1.));
#8178 = DIRECTION('',(-0.,-1.,0.));
#8179 = FACE_BOUND('',#8180,.T.);
#8180 = EDGE_LOOP('',(#8181));
#8181 = ORIENTED_EDGE('',*,*,#8182,.T.);
#8182 = EDGE_CURVE('',#8183,#8183,#8185,.T.);
#8183 = VERTEX_POINT('',#8184);
#8184 = CARTESIAN_POINT('',(157.355,-156.195,1.51));
#8185 = CIRCLE('',#8186,1.5);
#8186 = AXIS2_PLACEMENT_3D('',#8187,#8188,#8189);
#8187 = CARTESIAN_POINT('',(157.355,-154.695,1.51));
#8188 = DIRECTION('',(-0.,0.,-1.));
#8189 = DIRECTION('',(-0.,-1.,0.));
#8190 = FACE_BOUND('',#8191,.T.);
#8191 = EDGE_LOOP('',(#8192));
#8192 = ORIENTED_EDGE('',*,*,#8193,.T.);
#8193 = EDGE_CURVE('',#8194,#8194,#8196,.T.);
#8194 = VERTEX_POINT('',#8195);
#8195 = CARTESIAN_POINT('',(159.5775,-149.535,1.51));
#8196 = CIRCLE('',#8197,0.4);
#8197 = AXIS2_PLACEMENT_3D('',#8198,#8199,#8200);
#8198 = CARTESIAN_POINT('',(159.5775,-149.135,1.51));
#8199 = DIRECTION('',(-0.,0.,-1.));
#8200 = DIRECTION('',(-0.,-1.,0.));
#8201 = FACE_BOUND('',#8202,.T.);
#8202 = EDGE_LOOP('',(#8203));
#8203 = ORIENTED_EDGE('',*,*,#8204,.T.);
#8204 = EDGE_CURVE('',#8205,#8205,#8207,.T.);
#8205 = VERTEX_POINT('',#8206);
#8206 = CARTESIAN_POINT('',(102.11,-141.6,1.51));
#8207 = CIRCLE('',#8208,0.875);
#8208 = AXIS2_PLACEMENT_3D('',#8209,#8210,#8211);
#8209 = CARTESIAN_POINT('',(102.11,-140.725,1.51));
#8210 = DIRECTION('',(-0.,0.,-1.));
#8211 = DIRECTION('',(-0.,-1.,0.));
#8212 = FACE_BOUND('',#8213,.T.);
#8213 = EDGE_LOOP('',(#8214));
#8214 = ORIENTED_EDGE('',*,*,#8215,.T.);
#8215 = EDGE_CURVE('',#8216,#8216,#8218,.T.);
#8216 = VERTEX_POINT('',#8217);
#8217 = CARTESIAN_POINT('',(107.19,-142.7189,1.51));
#8218 = CIRCLE('',#8219,1.9939);
#8219 = AXIS2_PLACEMENT_3D('',#8220,#8221,#8222);
#8220 = CARTESIAN_POINT('',(107.19,-140.725,1.51));
#8221 = DIRECTION('',(-0.,0.,-1.));
#8222 = DIRECTION('',(-0.,-1.,0.));
#8223 = FACE_BOUND('',#8224,.T.);
#8224 = EDGE_LOOP('',(#8225));
#8225 = ORIENTED_EDGE('',*,*,#8226,.T.);
#8226 = EDGE_CURVE('',#8227,#8227,#8229,.T.);
#8227 = VERTEX_POINT('',#8228);
#8228 = CARTESIAN_POINT('',(112.27,-141.6,1.51));
#8229 = CIRCLE('',#8230,0.875);
#8230 = AXIS2_PLACEMENT_3D('',#8231,#8232,#8233);
#8231 = CARTESIAN_POINT('',(112.27,-140.725,1.51));
#8232 = DIRECTION('',(-0.,0.,-1.));
#8233 = DIRECTION('',(-0.,-1.,0.));
#8234 = FACE_BOUND('',#8235,.T.);
#8235 = EDGE_LOOP('',(#8236));
#8236 = ORIENTED_EDGE('',*,*,#8237,.T.);
#8237 = EDGE_CURVE('',#8238,#8238,#8240,.T.);
#8238 = VERTEX_POINT('',#8239);
#8239 = CARTESIAN_POINT('',(103.38,-139.685,1.51));
#8240 = CIRCLE('',#8241,1.5);
#8241 = AXIS2_PLACEMENT_3D('',#8242,#8243,#8244);
#8242 = CARTESIAN_POINT('',(103.38,-138.185,1.51));
#8243 = DIRECTION('',(-0.,0.,-1.));
#8244 = DIRECTION('',(-0.,-1.,0.));
#8245 = FACE_BOUND('',#8246,.T.);
#8246 = EDGE_LOOP('',(#8247));
#8247 = ORIENTED_EDGE('',*,*,#8248,.T.);
#8248 = EDGE_CURVE('',#8249,#8249,#8251,.T.);
#8249 = VERTEX_POINT('',#8250);
#8250 = CARTESIAN_POINT('',(121.4775,-141.925,1.51));
#8251 = CIRCLE('',#8252,0.4);
#8252 = AXIS2_PLACEMENT_3D('',#8253,#8254,#8255);
#8253 = CARTESIAN_POINT('',(121.4775,-141.525,1.51));
#8254 = DIRECTION('',(-0.,0.,-1.));
#8255 = DIRECTION('',(3.5527136788E-14,-1.,-0.));
#8256 = FACE_BOUND('',#8257,.T.);
#8257 = EDGE_LOOP('',(#8258));
#8258 = ORIENTED_EDGE('',*,*,#8259,.T.);
#8259 = EDGE_CURVE('',#8260,#8260,#8262,.T.);
#8260 = VERTEX_POINT('',#8261);
#8261 = CARTESIAN_POINT('',(125.9225,-141.6,1.51));
#8262 = CIRCLE('',#8263,0.875);
#8263 = AXIS2_PLACEMENT_3D('',#8264,#8265,#8266);
#8264 = CARTESIAN_POINT('',(125.9225,-140.725,1.51));
#8265 = DIRECTION('',(-0.,0.,-1.));
#8266 = DIRECTION('',(-0.,-1.,0.));
#8267 = FACE_BOUND('',#8268,.T.);
#8268 = EDGE_LOOP('',(#8269));
#8269 = ORIENTED_EDGE('',*,*,#8270,.T.);
#8270 = EDGE_CURVE('',#8271,#8271,#8273,.T.);
#8271 = VERTEX_POINT('',#8272);
#8272 = CARTESIAN_POINT('',(131.0025,-142.7189,1.51));
#8273 = CIRCLE('',#8274,1.9939);
#8274 = AXIS2_PLACEMENT_3D('',#8275,#8276,#8277);
#8275 = CARTESIAN_POINT('',(131.0025,-140.725,1.51));
#8276 = DIRECTION('',(-0.,0.,-1.));
#8277 = DIRECTION('',(-0.,-1.,0.));
#8278 = FACE_BOUND('',#8279,.T.);
#8279 = EDGE_LOOP('',(#8280));
#8280 = ORIENTED_EDGE('',*,*,#8281,.T.);
#8281 = EDGE_CURVE('',#8282,#8282,#8284,.T.);
#8282 = VERTEX_POINT('',#8283);
#8283 = CARTESIAN_POINT('',(127.1925,-139.685,1.51));
#8284 = CIRCLE('',#8285,1.5);
#8285 = AXIS2_PLACEMENT_3D('',#8286,#8287,#8288);
#8286 = CARTESIAN_POINT('',(127.1925,-138.185,1.51));
#8287 = DIRECTION('',(-0.,0.,-1.));
#8288 = DIRECTION('',(-0.,-1.,0.));
#8289 = FACE_BOUND('',#8290,.T.);
#8290 = EDGE_LOOP('',(#8291));
#8291 = ORIENTED_EDGE('',*,*,#8292,.T.);
#8292 = EDGE_CURVE('',#8293,#8293,#8295,.T.);
#8293 = VERTEX_POINT('',#8294);
#8294 = CARTESIAN_POINT('',(136.0825,-141.6,1.51));
#8295 = CIRCLE('',#8296,0.875);
#8296 = AXIS2_PLACEMENT_3D('',#8297,#8298,#8299);
#8297 = CARTESIAN_POINT('',(136.0825,-140.725,1.51));
#8298 = DIRECTION('',(-0.,0.,-1.));
#8299 = DIRECTION('',(-0.,-1.,0.));
#8300 = FACE_BOUND('',#8301,.T.);
#8301 = EDGE_LOOP('',(#8302));
#8302 = ORIENTED_EDGE('',*,*,#8303,.T.);
#8303 = EDGE_CURVE('',#8304,#8304,#8306,.T.);
#8304 = VERTEX_POINT('',#8305);
#8305 = CARTESIAN_POINT('',(140.5275,-141.915,1.51));
#8306 = CIRCLE('',#8307,0.4);
#8307 = AXIS2_PLACEMENT_3D('',#8308,#8309,#8310);
#8308 = CARTESIAN_POINT('',(140.5275,-141.515,1.51));
#8309 = DIRECTION('',(-0.,0.,-1.));
#8310 = DIRECTION('',(-0.,-1.,0.));
#8311 = FACE_BOUND('',#8312,.T.);
#8312 = EDGE_LOOP('',(#8313));
#8313 = ORIENTED_EDGE('',*,*,#8314,.T.);
#8314 = EDGE_CURVE('',#8315,#8315,#8317,.T.);
#8315 = VERTEX_POINT('',#8316);
#8316 = CARTESIAN_POINT('',(144.9725,-141.6,1.51));
#8317 = CIRCLE('',#8318,0.875);
#8318 = AXIS2_PLACEMENT_3D('',#8319,#8320,#8321);
#8319 = CARTESIAN_POINT('',(144.9725,-140.725,1.51));
#8320 = DIRECTION('',(-0.,0.,-1.));
#8321 = DIRECTION('',(-0.,-1.,0.));
#8322 = FACE_BOUND('',#8323,.T.);
#8323 = EDGE_LOOP('',(#8324));
#8324 = ORIENTED_EDGE('',*,*,#8325,.T.);
#8325 = EDGE_CURVE('',#8326,#8326,#8328,.T.);
#8326 = VERTEX_POINT('',#8327);
#8327 = CARTESIAN_POINT('',(146.2425,-139.685,1.51));
#8328 = CIRCLE('',#8329,1.5);
#8329 = AXIS2_PLACEMENT_3D('',#8330,#8331,#8332);
#8330 = CARTESIAN_POINT('',(146.2425,-138.185,1.51));
#8331 = DIRECTION('',(-0.,0.,-1.));
#8332 = DIRECTION('',(-0.,-1.,0.));
#8333 = FACE_BOUND('',#8334,.T.);
#8334 = EDGE_LOOP('',(#8335));
#8335 = ORIENTED_EDGE('',*,*,#8336,.T.);
#8336 = EDGE_CURVE('',#8337,#8337,#8339,.T.);
#8337 = VERTEX_POINT('',#8338);
#8338 = CARTESIAN_POINT('',(150.0525,-142.7189,1.51));
#8339 = CIRCLE('',#8340,1.9939);
#8340 = AXIS2_PLACEMENT_3D('',#8341,#8342,#8343);
#8341 = CARTESIAN_POINT('',(150.0525,-140.725,1.51));
#8342 = DIRECTION('',(-0.,0.,-1.));
#8343 = DIRECTION('',(-0.,-1.,0.));
#8344 = FACE_BOUND('',#8345,.T.);
#8345 = EDGE_LOOP('',(#8346));
#8346 = ORIENTED_EDGE('',*,*,#8347,.T.);
#8347 = EDGE_CURVE('',#8348,#8348,#8350,.T.);
#8348 = VERTEX_POINT('',#8349);
#8349 = CARTESIAN_POINT('',(155.1325,-141.6,1.51));
#8350 = CIRCLE('',#8351,0.875);
#8351 = AXIS2_PLACEMENT_3D('',#8352,#8353,#8354);
#8352 = CARTESIAN_POINT('',(155.1325,-140.725,1.51));
#8353 = DIRECTION('',(-0.,0.,-1.));
#8354 = DIRECTION('',(-0.,-1.,0.));
#8355 = FACE_BOUND('',#8356,.T.);
#8356 = EDGE_LOOP('',(#8357));
#8357 = ORIENTED_EDGE('',*,*,#8358,.T.);
#8358 = EDGE_CURVE('',#8359,#8359,#8361,.T.);
#8359 = VERTEX_POINT('',#8360);
#8360 = CARTESIAN_POINT('',(159.5775,-141.915,1.51));
#8361 = CIRCLE('',#8362,0.4);
#8362 = AXIS2_PLACEMENT_3D('',#8363,#8364,#8365);
#8363 = CARTESIAN_POINT('',(159.5775,-141.515,1.51));
#8364 = DIRECTION('',(-0.,0.,-1.));
#8365 = DIRECTION('',(-0.,-1.,0.));
#8366 = FACE_BOUND('',#8367,.T.);
#8367 = EDGE_LOOP('',(#8368));
#8368 = ORIENTED_EDGE('',*,*,#8369,.T.);
#8369 = EDGE_CURVE('',#8370,#8370,#8372,.T.);
#8370 = VERTEX_POINT('',#8371);
#8371 = CARTESIAN_POINT('',(164.0225,-141.6,1.51));
#8372 = CIRCLE('',#8373,0.875);
#8373 = AXIS2_PLACEMENT_3D('',#8374,#8375,#8376);
#8374 = CARTESIAN_POINT('',(164.0225,-140.725,1.51));
#8375 = DIRECTION('',(-0.,0.,-1.));
#8376 = DIRECTION('',(-0.,-1.,0.));
#8377 = FACE_BOUND('',#8378,.T.);
#8378 = EDGE_LOOP('',(#8379));
#8379 = ORIENTED_EDGE('',*,*,#8380,.T.);
#8380 = EDGE_CURVE('',#8381,#8381,#8383,.T.);
#8381 = VERTEX_POINT('',#8382);
#8382 = CARTESIAN_POINT('',(165.2925,-139.685,1.51));
#8383 = CIRCLE('',#8384,1.5);
#8384 = AXIS2_PLACEMENT_3D('',#8385,#8386,#8387);
#8385 = CARTESIAN_POINT('',(165.2925,-138.185,1.51));
#8386 = DIRECTION('',(-0.,0.,-1.));
#8387 = DIRECTION('',(-0.,-1.,0.));
#8388 = FACE_BOUND('',#8389,.T.);
#8389 = EDGE_LOOP('',(#8390));
#8390 = ORIENTED_EDGE('',*,*,#8391,.T.);
#8391 = EDGE_CURVE('',#8392,#8392,#8394,.T.);
#8392 = VERTEX_POINT('',#8393);
#8393 = CARTESIAN_POINT('',(168.785,-160.65,1.51));
#8394 = CIRCLE('',#8395,0.875);
#8395 = AXIS2_PLACEMENT_3D('',#8396,#8397,#8398);
#8396 = CARTESIAN_POINT('',(168.785,-159.775,1.51));
#8397 = DIRECTION('',(-0.,0.,-1.));
#8398 = DIRECTION('',(-0.,-1.,0.));
#8399 = FACE_BOUND('',#8400,.T.);
#8400 = EDGE_LOOP('',(#8401));
#8401 = ORIENTED_EDGE('',*,*,#8402,.T.);
#8402 = EDGE_CURVE('',#8403,#8403,#8405,.T.);
#8403 = VERTEX_POINT('',#8404);
#8404 = CARTESIAN_POINT('',(173.865,-161.7689,1.51));
#8405 = CIRCLE('',#8406,1.9939);
#8406 = AXIS2_PLACEMENT_3D('',#8407,#8408,#8409);
#8407 = CARTESIAN_POINT('',(173.865,-159.775,1.51));
#8408 = DIRECTION('',(-0.,0.,-1.));
#8409 = DIRECTION('',(-0.,-1.,0.));
#8410 = FACE_BOUND('',#8411,.T.);
#8411 = EDGE_LOOP('',(#8412));
#8412 = ORIENTED_EDGE('',*,*,#8413,.T.);
#8413 = EDGE_CURVE('',#8414,#8414,#8416,.T.);
#8414 = VERTEX_POINT('',#8415);
#8415 = CARTESIAN_POINT('',(178.945,-160.65,1.51));
#8416 = CIRCLE('',#8417,0.875);
#8417 = AXIS2_PLACEMENT_3D('',#8418,#8419,#8420);
#8418 = CARTESIAN_POINT('',(178.945,-159.775,1.51));
#8419 = DIRECTION('',(-0.,0.,-1.));
#8420 = DIRECTION('',(-0.,-1.,0.));
#8421 = FACE_BOUND('',#8422,.T.);
#8422 = EDGE_LOOP('',(#8423));
#8423 = ORIENTED_EDGE('',*,*,#8424,.T.);
#8424 = EDGE_CURVE('',#8425,#8425,#8427,.T.);
#8425 = VERTEX_POINT('',#8426);
#8426 = CARTESIAN_POINT('',(183.3875,-160.975,1.51));
#8427 = CIRCLE('',#8428,0.4);
#8428 = AXIS2_PLACEMENT_3D('',#8429,#8430,#8431);
#8429 = CARTESIAN_POINT('',(183.3875,-160.575,1.51));
#8430 = DIRECTION('',(-0.,0.,-1.));
#8431 = DIRECTION('',(-0.,-1.,0.));
#8432 = FACE_BOUND('',#8433,.T.);
#8433 = EDGE_LOOP('',(#8434));
#8434 = ORIENTED_EDGE('',*,*,#8435,.T.);
#8435 = EDGE_CURVE('',#8436,#8436,#8438,.T.);
#8436 = VERTEX_POINT('',#8437);
#8437 = CARTESIAN_POINT('',(170.055,-158.735,1.51));
#8438 = CIRCLE('',#8439,1.5);
#8439 = AXIS2_PLACEMENT_3D('',#8440,#8441,#8442);
#8440 = CARTESIAN_POINT('',(170.055,-157.235,1.51));
#8441 = DIRECTION('',(-0.,0.,-1.));
#8442 = DIRECTION('',(-0.,-1.,0.));
#8443 = FACE_BOUND('',#8444,.T.);
#8444 = EDGE_LOOP('',(#8445));
#8445 = ORIENTED_EDGE('',*,*,#8446,.T.);
#8446 = EDGE_CURVE('',#8447,#8447,#8449,.T.);
#8447 = VERTEX_POINT('',#8448);
#8448 = CARTESIAN_POINT('',(187.835,-160.65,1.51));
#8449 = CIRCLE('',#8450,0.875);
#8450 = AXIS2_PLACEMENT_3D('',#8451,#8452,#8453);
#8451 = CARTESIAN_POINT('',(187.835,-159.775,1.51));
#8452 = DIRECTION('',(-0.,0.,-1.));
#8453 = DIRECTION('',(-0.,-1.,0.));
#8454 = FACE_BOUND('',#8455,.T.);
#8455 = EDGE_LOOP('',(#8456));
#8456 = ORIENTED_EDGE('',*,*,#8457,.T.);
#8457 = EDGE_CURVE('',#8458,#8458,#8460,.T.);
#8458 = VERTEX_POINT('',#8459);
#8459 = CARTESIAN_POINT('',(192.915,-161.7689,1.51));
#8460 = CIRCLE('',#8461,1.9939);
#8461 = AXIS2_PLACEMENT_3D('',#8462,#8463,#8464);
#8462 = CARTESIAN_POINT('',(192.915,-159.775,1.51));
#8463 = DIRECTION('',(-0.,0.,-1.));
#8464 = DIRECTION('',(-0.,-1.,0.));
#8465 = FACE_BOUND('',#8466,.T.);
#8466 = EDGE_LOOP('',(#8467));
#8467 = ORIENTED_EDGE('',*,*,#8468,.T.);
#8468 = EDGE_CURVE('',#8469,#8469,#8471,.T.);
#8469 = VERTEX_POINT('',#8470);
#8470 = CARTESIAN_POINT('',(197.995,-160.65,1.51));
#8471 = CIRCLE('',#8472,0.875);
#8472 = AXIS2_PLACEMENT_3D('',#8473,#8474,#8475);
#8473 = CARTESIAN_POINT('',(197.995,-159.775,1.51));
#8474 = DIRECTION('',(-0.,0.,-1.));
#8475 = DIRECTION('',(-0.,-1.,0.));
#8476 = FACE_BOUND('',#8477,.T.);
#8477 = EDGE_LOOP('',(#8478));
#8478 = ORIENTED_EDGE('',*,*,#8479,.T.);
#8479 = EDGE_CURVE('',#8480,#8480,#8482,.T.);
#8480 = VERTEX_POINT('',#8481);
#8481 = CARTESIAN_POINT('',(189.105,-158.735,1.51));
#8482 = CIRCLE('',#8483,1.5);
#8483 = AXIS2_PLACEMENT_3D('',#8484,#8485,#8486);
#8484 = CARTESIAN_POINT('',(189.105,-157.235,1.51));
#8485 = DIRECTION('',(-0.,0.,-1.));
#8486 = DIRECTION('',(-0.,-1.,0.));
#8487 = FACE_BOUND('',#8488,.T.);
#8488 = EDGE_LOOP('',(#8489));
#8489 = ORIENTED_EDGE('',*,*,#8490,.T.);
#8490 = EDGE_CURVE('',#8491,#8491,#8493,.T.);
#8491 = VERTEX_POINT('',#8492);
#8492 = CARTESIAN_POINT('',(176.405,-156.195,1.51));
#8493 = CIRCLE('',#8494,1.5);
#8494 = AXIS2_PLACEMENT_3D('',#8495,#8496,#8497);
#8495 = CARTESIAN_POINT('',(176.405,-154.695,1.51));
#8496 = DIRECTION('',(-0.,0.,-1.));
#8497 = DIRECTION('',(-0.,-1.,0.));
#8498 = FACE_BOUND('',#8499,.T.);
#8499 = EDGE_LOOP('',(#8500));
#8500 = ORIENTED_EDGE('',*,*,#8501,.T.);
#8501 = EDGE_CURVE('',#8502,#8502,#8504,.T.);
#8502 = VERTEX_POINT('',#8503);
#8503 = CARTESIAN_POINT('',(183.388,-152.48,1.51));
#8504 = CIRCLE('',#8505,1.35);
#8505 = AXIS2_PLACEMENT_3D('',#8506,#8507,#8508);
#8506 = CARTESIAN_POINT('',(183.388,-151.13,1.51));
#8507 = DIRECTION('',(-0.,0.,-1.));
#8508 = DIRECTION('',(-0.,-1.,0.));
#8509 = FACE_BOUND('',#8510,.T.);
#8510 = EDGE_LOOP('',(#8511));
#8511 = ORIENTED_EDGE('',*,*,#8512,.T.);
#8512 = EDGE_CURVE('',#8513,#8513,#8515,.T.);
#8513 = VERTEX_POINT('',#8514);
#8514 = CARTESIAN_POINT('',(178.6275,-149.535,1.51));
#8515 = CIRCLE('',#8516,0.4);
#8516 = AXIS2_PLACEMENT_3D('',#8517,#8518,#8519);
#8517 = CARTESIAN_POINT('',(178.6275,-149.135,1.51));
#8518 = DIRECTION('',(-0.,0.,-1.));
#8519 = DIRECTION('',(-0.,-1.,0.));
#8520 = FACE_BOUND('',#8521,.T.);
#8521 = EDGE_LOOP('',(#8522));
#8522 = ORIENTED_EDGE('',*,*,#8523,.T.);
#8523 = EDGE_CURVE('',#8524,#8524,#8526,.T.);
#8524 = VERTEX_POINT('',#8525);
#8525 = CARTESIAN_POINT('',(195.455,-156.195,1.51));
#8526 = CIRCLE('',#8527,1.5);
#8527 = AXIS2_PLACEMENT_3D('',#8528,#8529,#8530);
#8528 = CARTESIAN_POINT('',(195.455,-154.695,1.51));
#8529 = DIRECTION('',(-0.,0.,-1.));
#8530 = DIRECTION('',(-0.,-1.,0.));
#8531 = FACE_BOUND('',#8532,.T.);
#8532 = EDGE_LOOP('',(#8533));
#8533 = ORIENTED_EDGE('',*,*,#8534,.T.);
#8534 = EDGE_CURVE('',#8535,#8535,#8537,.T.);
#8535 = VERTEX_POINT('',#8536);
#8536 = CARTESIAN_POINT('',(197.6775,-149.535,1.51));
#8537 = CIRCLE('',#8538,0.4);
#8538 = AXIS2_PLACEMENT_3D('',#8539,#8540,#8541);
#8539 = CARTESIAN_POINT('',(197.6775,-149.135,1.51));
#8540 = DIRECTION('',(-0.,0.,-1.));
#8541 = DIRECTION('',(-0.,-1.,0.));
#8542 = FACE_BOUND('',#8543,.T.);
#8543 = EDGE_LOOP('',(#8544));
#8544 = ORIENTED_EDGE('',*,*,#8545,.T.);
#8545 = EDGE_CURVE('',#8546,#8546,#8548,.T.);
#8546 = VERTEX_POINT('',#8547);
#8547 = CARTESIAN_POINT('',(202.4375,-160.975,1.51));
#8548 = CIRCLE('',#8549,0.4);
#8549 = AXIS2_PLACEMENT_3D('',#8550,#8551,#8552);
#8550 = CARTESIAN_POINT('',(202.4375,-160.575,1.51));
#8551 = DIRECTION('',(-0.,0.,-1.));
#8552 = DIRECTION('',(-0.,-1.,0.));
#8553 = FACE_BOUND('',#8554,.T.);
#8554 = EDGE_LOOP('',(#8555));
#8555 = ORIENTED_EDGE('',*,*,#8556,.T.);
#8556 = EDGE_CURVE('',#8557,#8557,#8559,.T.);
#8557 = VERTEX_POINT('',#8558);
#8558 = CARTESIAN_POINT('',(206.885,-160.65,1.51));
#8559 = CIRCLE('',#8560,0.875);
#8560 = AXIS2_PLACEMENT_3D('',#8561,#8562,#8563);
#8561 = CARTESIAN_POINT('',(206.885,-159.775,1.51));
#8562 = DIRECTION('',(-0.,0.,-1.));
#8563 = DIRECTION('',(-0.,-1.,0.));
#8564 = FACE_BOUND('',#8565,.T.);
#8565 = EDGE_LOOP('',(#8566));
#8566 = ORIENTED_EDGE('',*,*,#8567,.T.);
#8567 = EDGE_CURVE('',#8568,#8568,#8570,.T.);
#8568 = VERTEX_POINT('',#8569);
#8569 = CARTESIAN_POINT('',(211.965,-161.7689,1.51));
#8570 = CIRCLE('',#8571,1.9939);
#8571 = AXIS2_PLACEMENT_3D('',#8572,#8573,#8574);
#8572 = CARTESIAN_POINT('',(211.965,-159.775,1.51));
#8573 = DIRECTION('',(-0.,0.,-1.));
#8574 = DIRECTION('',(-0.,-1.,0.));
#8575 = FACE_BOUND('',#8576,.T.);
#8576 = EDGE_LOOP('',(#8577));
#8577 = ORIENTED_EDGE('',*,*,#8578,.T.);
#8578 = EDGE_CURVE('',#8579,#8579,#8581,.T.);
#8579 = VERTEX_POINT('',#8580);
#8580 = CARTESIAN_POINT('',(217.045,-160.65,1.51));
#8581 = CIRCLE('',#8582,0.875);
#8582 = AXIS2_PLACEMENT_3D('',#8583,#8584,#8585);
#8583 = CARTESIAN_POINT('',(217.045,-159.775,1.51));
#8584 = DIRECTION('',(-0.,0.,-1.));
#8585 = DIRECTION('',(-0.,-1.,0.));
#8586 = FACE_BOUND('',#8587,.T.);
#8587 = EDGE_LOOP('',(#8588));
#8588 = ORIENTED_EDGE('',*,*,#8589,.T.);
#8589 = EDGE_CURVE('',#8590,#8590,#8592,.T.);
#8590 = VERTEX_POINT('',#8591);
#8591 = CARTESIAN_POINT('',(208.155,-158.735,1.51));
#8592 = CIRCLE('',#8593,1.5);
#8593 = AXIS2_PLACEMENT_3D('',#8594,#8595,#8596);
#8594 = CARTESIAN_POINT('',(208.155,-157.235,1.51));
#8595 = DIRECTION('',(-0.,0.,-1.));
#8596 = DIRECTION('',(-0.,-1.,0.));
#8597 = FACE_BOUND('',#8598,.T.);
#8598 = EDGE_LOOP('',(#8599));
#8599 = ORIENTED_EDGE('',*,*,#8600,.T.);
#8600 = EDGE_CURVE('',#8601,#8601,#8603,.T.);
#8601 = VERTEX_POINT('',#8602);
#8602 = CARTESIAN_POINT('',(221.4875,-160.975,1.51));
#8603 = CIRCLE('',#8604,0.4);
#8604 = AXIS2_PLACEMENT_3D('',#8605,#8606,#8607);
#8605 = CARTESIAN_POINT('',(221.4875,-160.575,1.51));
#8606 = DIRECTION('',(-0.,0.,-1.));
#8607 = DIRECTION('',(-0.,-1.,0.));
#8608 = FACE_BOUND('',#8609,.T.);
#8609 = EDGE_LOOP('',(#8610));
#8610 = ORIENTED_EDGE('',*,*,#8611,.T.);
#8611 = EDGE_CURVE('',#8612,#8612,#8614,.T.);
#8612 = VERTEX_POINT('',#8613);
#8613 = CARTESIAN_POINT('',(225.935,-160.65,1.51));
#8614 = CIRCLE('',#8615,0.875);
#8615 = AXIS2_PLACEMENT_3D('',#8616,#8617,#8618);
#8616 = CARTESIAN_POINT('',(225.935,-159.775,1.51));
#8617 = DIRECTION('',(-0.,0.,-1.));
#8618 = DIRECTION('',(-0.,-1.,0.));
#8619 = FACE_BOUND('',#8620,.T.);
#8620 = EDGE_LOOP('',(#8621));
#8621 = ORIENTED_EDGE('',*,*,#8622,.T.);
#8622 = EDGE_CURVE('',#8623,#8623,#8625,.T.);
#8623 = VERTEX_POINT('',#8624);
#8624 = CARTESIAN_POINT('',(231.015,-161.7689,1.51));
#8625 = CIRCLE('',#8626,1.9939);
#8626 = AXIS2_PLACEMENT_3D('',#8627,#8628,#8629);
#8627 = CARTESIAN_POINT('',(231.015,-159.775,1.51));
#8628 = DIRECTION('',(-0.,0.,-1.));
#8629 = DIRECTION('',(-0.,-1.,0.));
#8630 = FACE_BOUND('',#8631,.T.);
#8631 = EDGE_LOOP('',(#8632));
#8632 = ORIENTED_EDGE('',*,*,#8633,.T.);
#8633 = EDGE_CURVE('',#8634,#8634,#8636,.T.);
#8634 = VERTEX_POINT('',#8635);
#8635 = CARTESIAN_POINT('',(236.095,-160.65,1.51));
#8636 = CIRCLE('',#8637,0.875);
#8637 = AXIS2_PLACEMENT_3D('',#8638,#8639,#8640);
#8638 = CARTESIAN_POINT('',(236.095,-159.775,1.51));
#8639 = DIRECTION('',(-0.,0.,-1.));
#8640 = DIRECTION('',(-0.,-1.,0.));
#8641 = FACE_BOUND('',#8642,.T.);
#8642 = EDGE_LOOP('',(#8643));
#8643 = ORIENTED_EDGE('',*,*,#8644,.T.);
#8644 = EDGE_CURVE('',#8645,#8645,#8647,.T.);
#8645 = VERTEX_POINT('',#8646);
#8646 = CARTESIAN_POINT('',(227.205,-158.735,1.51));
#8647 = CIRCLE('',#8648,1.5);
#8648 = AXIS2_PLACEMENT_3D('',#8649,#8650,#8651);
#8649 = CARTESIAN_POINT('',(227.205,-157.235,1.51));
#8650 = DIRECTION('',(-0.,0.,-1.));
#8651 = DIRECTION('',(-0.,-1.,0.));
#8652 = FACE_BOUND('',#8653,.T.);
#8653 = EDGE_LOOP('',(#8654));
#8654 = ORIENTED_EDGE('',*,*,#8655,.T.);
#8655 = EDGE_CURVE('',#8656,#8656,#8658,.T.);
#8656 = VERTEX_POINT('',#8657);
#8657 = CARTESIAN_POINT('',(214.505,-156.195,1.51));
#8658 = CIRCLE('',#8659,1.5);
#8659 = AXIS2_PLACEMENT_3D('',#8660,#8661,#8662);
#8660 = CARTESIAN_POINT('',(214.505,-154.695,1.51));
#8661 = DIRECTION('',(-0.,0.,-1.));
#8662 = DIRECTION('',(-0.,-1.,0.));
#8663 = FACE_BOUND('',#8664,.T.);
#8664 = EDGE_LOOP('',(#8665));
#8665 = ORIENTED_EDGE('',*,*,#8666,.T.);
#8666 = EDGE_CURVE('',#8667,#8667,#8669,.T.);
#8667 = VERTEX_POINT('',#8668);
#8668 = CARTESIAN_POINT('',(216.7275,-149.535,1.51));
#8669 = CIRCLE('',#8670,0.4);
#8670 = AXIS2_PLACEMENT_3D('',#8671,#8672,#8673);
#8671 = CARTESIAN_POINT('',(216.7275,-149.135,1.51));
#8672 = DIRECTION('',(-0.,0.,-1.));
#8673 = DIRECTION('',(-0.,-1.,0.));
#8674 = FACE_BOUND('',#8675,.T.);
#8675 = EDGE_LOOP('',(#8676));
#8676 = ORIENTED_EDGE('',*,*,#8677,.T.);
#8677 = EDGE_CURVE('',#8678,#8678,#8680,.T.);
#8678 = VERTEX_POINT('',#8679);
#8679 = CARTESIAN_POINT('',(233.555,-156.195,1.51));
#8680 = CIRCLE('',#8681,1.5);
#8681 = AXIS2_PLACEMENT_3D('',#8682,#8683,#8684);
#8682 = CARTESIAN_POINT('',(233.555,-154.695,1.51));
#8683 = DIRECTION('',(-0.,0.,-1.));
#8684 = DIRECTION('',(-0.,-1.,0.));
#8685 = FACE_BOUND('',#8686,.T.);
#8686 = EDGE_LOOP('',(#8687));
#8687 = ORIENTED_EDGE('',*,*,#8688,.T.);
#8688 = EDGE_CURVE('',#8689,#8689,#8691,.T.);
#8689 = VERTEX_POINT('',#8690);
#8690 = CARTESIAN_POINT('',(235.7775,-149.535,1.51));
#8691 = CIRCLE('',#8692,0.4);
#8692 = AXIS2_PLACEMENT_3D('',#8693,#8694,#8695);
#8693 = CARTESIAN_POINT('',(235.7775,-149.135,1.51));
#8694 = DIRECTION('',(-0.,0.,-1.));
#8695 = DIRECTION('',(-0.,-1.,0.));
#8696 = FACE_BOUND('',#8697,.T.);
#8697 = EDGE_LOOP('',(#8698));
#8698 = ORIENTED_EDGE('',*,*,#8699,.T.);
#8699 = EDGE_CURVE('',#8700,#8700,#8702,.T.);
#8700 = VERTEX_POINT('',#8701);
#8701 = CARTESIAN_POINT('',(169.1025,-142.7189,1.51));
#8702 = CIRCLE('',#8703,1.9939);
#8703 = AXIS2_PLACEMENT_3D('',#8704,#8705,#8706);
#8704 = CARTESIAN_POINT('',(169.1025,-140.725,1.51));
#8705 = DIRECTION('',(-0.,0.,-1.));
#8706 = DIRECTION('',(-0.,-1.,0.));
#8707 = FACE_BOUND('',#8708,.T.);
#8708 = EDGE_LOOP('',(#8709));
#8709 = ORIENTED_EDGE('',*,*,#8710,.T.);
#8710 = EDGE_CURVE('',#8711,#8711,#8713,.T.);
#8711 = VERTEX_POINT('',#8712);
#8712 = CARTESIAN_POINT('',(174.1825,-141.6,1.51));
#8713 = CIRCLE('',#8714,0.875);
#8714 = AXIS2_PLACEMENT_3D('',#8715,#8716,#8717);
#8715 = CARTESIAN_POINT('',(174.1825,-140.725,1.51));
#8716 = DIRECTION('',(-0.,0.,-1.));
#8717 = DIRECTION('',(-0.,-1.,0.));
#8718 = FACE_BOUND('',#8719,.T.);
#8719 = EDGE_LOOP('',(#8720));
#8720 = ORIENTED_EDGE('',*,*,#8721,.T.);
#8721 = EDGE_CURVE('',#8722,#8722,#8724,.T.);
#8722 = VERTEX_POINT('',#8723);
#8723 = CARTESIAN_POINT('',(178.6275,-141.915,1.51));
#8724 = CIRCLE('',#8725,0.4);
#8725 = AXIS2_PLACEMENT_3D('',#8726,#8727,#8728);
#8726 = CARTESIAN_POINT('',(178.6275,-141.515,1.51));
#8727 = DIRECTION('',(-0.,0.,-1.));
#8728 = DIRECTION('',(-0.,-1.,0.));
#8729 = FACE_BOUND('',#8730,.T.);
#8730 = EDGE_LOOP('',(#8731));
#8731 = ORIENTED_EDGE('',*,*,#8732,.T.);
#8732 = EDGE_CURVE('',#8733,#8733,#8735,.T.);
#8733 = VERTEX_POINT('',#8734);
#8734 = CARTESIAN_POINT('',(183.0725,-141.6,1.51));
#8735 = CIRCLE('',#8736,0.875);
#8736 = AXIS2_PLACEMENT_3D('',#8737,#8738,#8739);
#8737 = CARTESIAN_POINT('',(183.0725,-140.725,1.51));
#8738 = DIRECTION('',(-0.,0.,-1.));
#8739 = DIRECTION('',(-0.,-1.,0.));
#8740 = FACE_BOUND('',#8741,.T.);
#8741 = EDGE_LOOP('',(#8742));
#8742 = ORIENTED_EDGE('',*,*,#8743,.T.);
#8743 = EDGE_CURVE('',#8744,#8744,#8746,.T.);
#8744 = VERTEX_POINT('',#8745);
#8745 = CARTESIAN_POINT('',(188.1525,-142.7189,1.51));
#8746 = CIRCLE('',#8747,1.9939);
#8747 = AXIS2_PLACEMENT_3D('',#8748,#8749,#8750);
#8748 = CARTESIAN_POINT('',(188.1525,-140.725,1.51));
#8749 = DIRECTION('',(-0.,0.,-1.));
#8750 = DIRECTION('',(-0.,-1.,0.));
#8751 = FACE_BOUND('',#8752,.T.);
#8752 = EDGE_LOOP('',(#8753));
#8753 = ORIENTED_EDGE('',*,*,#8754,.T.);
#8754 = EDGE_CURVE('',#8755,#8755,#8757,.T.);
#8755 = VERTEX_POINT('',#8756);
#8756 = CARTESIAN_POINT('',(197.6775,-141.915,1.51));
#8757 = CIRCLE('',#8758,0.4);
#8758 = AXIS2_PLACEMENT_3D('',#8759,#8760,#8761);
#8759 = CARTESIAN_POINT('',(197.6775,-141.515,1.51));
#8760 = DIRECTION('',(-0.,0.,-1.));
#8761 = DIRECTION('',(-0.,-1.,0.));
#8762 = FACE_BOUND('',#8763,.T.);
#8763 = EDGE_LOOP('',(#8764));
#8764 = ORIENTED_EDGE('',*,*,#8765,.T.);
#8765 = EDGE_CURVE('',#8766,#8766,#8768,.T.);
#8766 = VERTEX_POINT('',#8767);
#8767 = CARTESIAN_POINT('',(193.2325,-141.6,1.51));
#8768 = CIRCLE('',#8769,0.875);
#8769 = AXIS2_PLACEMENT_3D('',#8770,#8771,#8772);
#8770 = CARTESIAN_POINT('',(193.2325,-140.725,1.51));
#8771 = DIRECTION('',(-0.,0.,-1.));
#8772 = DIRECTION('',(-0.,-1.,0.));
#8773 = FACE_BOUND('',#8774,.T.);
#8774 = EDGE_LOOP('',(#8775));
#8775 = ORIENTED_EDGE('',*,*,#8776,.T.);
#8776 = EDGE_CURVE('',#8777,#8777,#8779,.T.);
#8777 = VERTEX_POINT('',#8778);
#8778 = CARTESIAN_POINT('',(184.3425,-139.685,1.51));
#8779 = CIRCLE('',#8780,1.5);
#8780 = AXIS2_PLACEMENT_3D('',#8781,#8782,#8783);
#8781 = CARTESIAN_POINT('',(184.3425,-138.185,1.51));
#8782 = DIRECTION('',(-0.,0.,-1.));
#8783 = DIRECTION('',(-0.,-1.,0.));
#8784 = FACE_BOUND('',#8785,.T.);
#8785 = EDGE_LOOP('',(#8786));
#8786 = ORIENTED_EDGE('',*,*,#8787,.T.);
#8787 = EDGE_CURVE('',#8788,#8788,#8790,.T.);
#8788 = VERTEX_POINT('',#8789);
#8789 = CARTESIAN_POINT('',(202.1225,-141.6,1.51));
#8790 = CIRCLE('',#8791,0.875);
#8791 = AXIS2_PLACEMENT_3D('',#8792,#8793,#8794);
#8792 = CARTESIAN_POINT('',(202.1225,-140.725,1.51));
#8793 = DIRECTION('',(-0.,0.,-1.));
#8794 = DIRECTION('',(-0.,-1.,0.));
#8795 = FACE_BOUND('',#8796,.T.);
#8796 = EDGE_LOOP('',(#8797));
#8797 = ORIENTED_EDGE('',*,*,#8798,.T.);
#8798 = EDGE_CURVE('',#8799,#8799,#8801,.T.);
#8799 = VERTEX_POINT('',#8800);
#8800 = CARTESIAN_POINT('',(207.2025,-142.7189,1.51));
#8801 = CIRCLE('',#8802,1.9939);
#8802 = AXIS2_PLACEMENT_3D('',#8803,#8804,#8805);
#8803 = CARTESIAN_POINT('',(207.2025,-140.725,1.51));
#8804 = DIRECTION('',(-0.,0.,-1.));
#8805 = DIRECTION('',(-0.,-1.,0.));
#8806 = FACE_BOUND('',#8807,.T.);
#8807 = EDGE_LOOP('',(#8808));
#8808 = ORIENTED_EDGE('',*,*,#8809,.T.);
#8809 = EDGE_CURVE('',#8810,#8810,#8812,.T.);
#8810 = VERTEX_POINT('',#8811);
#8811 = CARTESIAN_POINT('',(216.7275,-141.915,1.51));
#8812 = CIRCLE('',#8813,0.4);
#8813 = AXIS2_PLACEMENT_3D('',#8814,#8815,#8816);
#8814 = CARTESIAN_POINT('',(216.7275,-141.515,1.51));
#8815 = DIRECTION('',(-0.,0.,-1.));
#8816 = DIRECTION('',(-0.,-1.,0.));
#8817 = FACE_BOUND('',#8818,.T.);
#8818 = EDGE_LOOP('',(#8819));
#8819 = ORIENTED_EDGE('',*,*,#8820,.T.);
#8820 = EDGE_CURVE('',#8821,#8821,#8823,.T.);
#8821 = VERTEX_POINT('',#8822);
#8822 = CARTESIAN_POINT('',(212.2825,-141.6,1.51));
#8823 = CIRCLE('',#8824,0.875);
#8824 = AXIS2_PLACEMENT_3D('',#8825,#8826,#8827);
#8825 = CARTESIAN_POINT('',(212.2825,-140.725,1.51));
#8826 = DIRECTION('',(-0.,0.,-1.));
#8827 = DIRECTION('',(-0.,-1.,0.));
#8828 = FACE_BOUND('',#8829,.T.);
#8829 = EDGE_LOOP('',(#8830));
#8830 = ORIENTED_EDGE('',*,*,#8831,.T.);
#8831 = EDGE_CURVE('',#8832,#8832,#8834,.T.);
#8832 = VERTEX_POINT('',#8833);
#8833 = CARTESIAN_POINT('',(203.3925,-139.685,1.51));
#8834 = CIRCLE('',#8835,1.5);
#8835 = AXIS2_PLACEMENT_3D('',#8836,#8837,#8838);
#8836 = CARTESIAN_POINT('',(203.3925,-138.185,1.51));
#8837 = DIRECTION('',(-0.,0.,-1.));
#8838 = DIRECTION('',(-0.,-1.,0.));
#8839 = FACE_BOUND('',#8840,.T.);
#8840 = EDGE_LOOP('',(#8841));
#8841 = ORIENTED_EDGE('',*,*,#8842,.T.);
#8842 = EDGE_CURVE('',#8843,#8843,#8845,.T.);
#8843 = VERTEX_POINT('',#8844);
#8844 = CARTESIAN_POINT('',(221.1725,-141.6,1.51));
#8845 = CIRCLE('',#8846,0.875);
#8846 = AXIS2_PLACEMENT_3D('',#8847,#8848,#8849);
#8847 = CARTESIAN_POINT('',(221.1725,-140.725,1.51));
#8848 = DIRECTION('',(-0.,0.,-1.));
#8849 = DIRECTION('',(-0.,-1.,0.));
#8850 = FACE_BOUND('',#8851,.T.);
#8851 = EDGE_LOOP('',(#8852));
#8852 = ORIENTED_EDGE('',*,*,#8853,.T.);
#8853 = EDGE_CURVE('',#8854,#8854,#8856,.T.);
#8854 = VERTEX_POINT('',#8855);
#8855 = CARTESIAN_POINT('',(226.2525,-142.7189,1.51));
#8856 = CIRCLE('',#8857,1.9939);
#8857 = AXIS2_PLACEMENT_3D('',#8858,#8859,#8860);
#8858 = CARTESIAN_POINT('',(226.2525,-140.725,1.51));
#8859 = DIRECTION('',(-0.,0.,-1.));
#8860 = DIRECTION('',(-0.,-1.,0.));
#8861 = FACE_BOUND('',#8862,.T.);
#8862 = EDGE_LOOP('',(#8863));
#8863 = ORIENTED_EDGE('',*,*,#8864,.T.);
#8864 = EDGE_CURVE('',#8865,#8865,#8867,.T.);
#8865 = VERTEX_POINT('',#8866);
#8866 = CARTESIAN_POINT('',(235.7775,-141.915,1.51));
#8867 = CIRCLE('',#8868,0.4);
#8868 = AXIS2_PLACEMENT_3D('',#8869,#8870,#8871);
#8869 = CARTESIAN_POINT('',(235.7775,-141.515,1.51));
#8870 = DIRECTION('',(-0.,0.,-1.));
#8871 = DIRECTION('',(-0.,-1.,0.));
#8872 = FACE_BOUND('',#8873,.T.);
#8873 = EDGE_LOOP('',(#8874));
#8874 = ORIENTED_EDGE('',*,*,#8875,.T.);
#8875 = EDGE_CURVE('',#8876,#8876,#8878,.T.);
#8876 = VERTEX_POINT('',#8877);
#8877 = CARTESIAN_POINT('',(231.3325,-141.6,1.51));
#8878 = CIRCLE('',#8879,0.875);
#8879 = AXIS2_PLACEMENT_3D('',#8880,#8881,#8882);
#8880 = CARTESIAN_POINT('',(231.3325,-140.725,1.51));
#8881 = DIRECTION('',(-0.,0.,-1.));
#8882 = DIRECTION('',(-0.,-1.,0.));
#8883 = FACE_BOUND('',#8884,.T.);
#8884 = EDGE_LOOP('',(#8885));
#8885 = ORIENTED_EDGE('',*,*,#8886,.T.);
#8886 = EDGE_CURVE('',#8887,#8887,#8889,.T.);
#8887 = VERTEX_POINT('',#8888);
#8888 = CARTESIAN_POINT('',(222.4425,-139.685,1.51));
#8889 = CIRCLE('',#8890,1.5);
#8890 = AXIS2_PLACEMENT_3D('',#8891,#8892,#8893);
#8891 = CARTESIAN_POINT('',(222.4425,-138.185,1.51));
#8892 = DIRECTION('',(-0.,0.,-1.));
#8893 = DIRECTION('',(-0.,-1.,0.));
#8894 = FACE_BOUND('',#8895,.T.);
#8895 = EDGE_LOOP('',(#8896));
#8896 = ORIENTED_EDGE('',*,*,#8897,.T.);
#8897 = EDGE_CURVE('',#8898,#8898,#8900,.T.);
#8898 = VERTEX_POINT('',#8899);
#8899 = CARTESIAN_POINT('',(109.73,-137.145,1.51));
#8900 = CIRCLE('',#8901,1.5);
#8901 = AXIS2_PLACEMENT_3D('',#8902,#8903,#8904);
#8902 = CARTESIAN_POINT('',(109.73,-135.645,1.51));
#8903 = DIRECTION('',(-0.,0.,-1.));
#8904 = DIRECTION('',(-0.,-1.,0.));
#8905 = FACE_BOUND('',#8906,.T.);
#8906 = EDGE_LOOP('',(#8907));
#8907 = ORIENTED_EDGE('',*,*,#8908,.T.);
#8908 = EDGE_CURVE('',#8909,#8909,#8911,.T.);
#8909 = VERTEX_POINT('',#8910);
#8910 = CARTESIAN_POINT('',(121.158,-133.684,1.51));
#8911 = CIRCLE('',#8912,1.35);
#8912 = AXIS2_PLACEMENT_3D('',#8913,#8914,#8915);
#8913 = CARTESIAN_POINT('',(121.158,-132.334,1.51));
#8914 = DIRECTION('',(-0.,0.,-1.));
#8915 = DIRECTION('',(-0.,-1.,0.));
#8916 = FACE_BOUND('',#8917,.T.);
#8917 = EDGE_LOOP('',(#8918));
#8918 = ORIENTED_EDGE('',*,*,#8919,.T.);
#8919 = EDGE_CURVE('',#8920,#8920,#8922,.T.);
#8920 = VERTEX_POINT('',#8921);
#8921 = CARTESIAN_POINT('',(111.9475,-130.485,1.51));
#8922 = CIRCLE('',#8923,0.4);
#8923 = AXIS2_PLACEMENT_3D('',#8924,#8925,#8926);
#8924 = CARTESIAN_POINT('',(111.9475,-130.085,1.51));
#8925 = DIRECTION('',(-0.,0.,-1.));
#8926 = DIRECTION('',(3.5527136788E-14,-1.,-0.));
#8927 = FACE_BOUND('',#8928,.T.);
#8928 = EDGE_LOOP('',(#8929));
#8929 = ORIENTED_EDGE('',*,*,#8930,.T.);
#8930 = EDGE_CURVE('',#8931,#8931,#8933,.T.);
#8931 = VERTEX_POINT('',#8932);
#8932 = CARTESIAN_POINT('',(130.9975,-130.485,1.51));
#8933 = CIRCLE('',#8934,0.4);
#8934 = AXIS2_PLACEMENT_3D('',#8935,#8936,#8937);
#8935 = CARTESIAN_POINT('',(130.9975,-130.085,1.51));
#8936 = DIRECTION('',(-0.,0.,-1.));
#8937 = DIRECTION('',(-0.,-1.,0.));
#8938 = FACE_BOUND('',#8939,.T.);
#8939 = EDGE_LOOP('',(#8940));
#8940 = ORIENTED_EDGE('',*,*,#8941,.T.);
#8941 = EDGE_CURVE('',#8942,#8942,#8944,.T.);
#8942 = VERTEX_POINT('',#8943);
#8943 = CARTESIAN_POINT('',(133.5425,-137.145,1.51));
#8944 = CIRCLE('',#8945,1.5);
#8945 = AXIS2_PLACEMENT_3D('',#8946,#8947,#8948);
#8946 = CARTESIAN_POINT('',(133.5425,-135.645,1.51));
#8947 = DIRECTION('',(-0.,0.,-1.));
#8948 = DIRECTION('',(-0.,-1.,0.));
#8949 = FACE_BOUND('',#8950,.T.);
#8950 = EDGE_LOOP('',(#8951));
#8951 = ORIENTED_EDGE('',*,*,#8952,.T.);
#8952 = EDGE_CURVE('',#8953,#8953,#8955,.T.);
#8953 = VERTEX_POINT('',#8954);
#8954 = CARTESIAN_POINT('',(152.5925,-137.145,1.51));
#8955 = CIRCLE('',#8956,1.5);
#8956 = AXIS2_PLACEMENT_3D('',#8957,#8958,#8959);
#8957 = CARTESIAN_POINT('',(152.5925,-135.645,1.51));
#8958 = DIRECTION('',(-0.,0.,-1.));
#8959 = DIRECTION('',(-0.,-1.,0.));
#8960 = FACE_BOUND('',#8961,.T.);
#8961 = EDGE_LOOP('',(#8962));
#8962 = ORIENTED_EDGE('',*,*,#8963,.T.);
#8963 = EDGE_CURVE('',#8964,#8964,#8966,.T.);
#8964 = VERTEX_POINT('',#8965);
#8965 = CARTESIAN_POINT('',(150.0475,-130.485,1.51));
#8966 = CIRCLE('',#8967,0.4);
#8967 = AXIS2_PLACEMENT_3D('',#8968,#8969,#8970);
#8968 = CARTESIAN_POINT('',(150.0475,-130.085,1.51));
#8969 = DIRECTION('',(-0.,0.,-1.));
#8970 = DIRECTION('',(-0.,-1.,0.));
#8971 = FACE_BOUND('',#8972,.T.);
#8972 = EDGE_LOOP('',(#8973));
#8973 = ORIENTED_EDGE('',*,*,#8974,.T.);
#8974 = EDGE_CURVE('',#8975,#8975,#8977,.T.);
#8975 = VERTEX_POINT('',#8976);
#8976 = CARTESIAN_POINT('',(111.9475,-122.865,1.51));
#8977 = CIRCLE('',#8978,0.4);
#8978 = AXIS2_PLACEMENT_3D('',#8979,#8980,#8981);
#8979 = CARTESIAN_POINT('',(111.9475,-122.465,1.51));
#8980 = DIRECTION('',(-0.,0.,-1.));
#8981 = DIRECTION('',(3.5527136788E-14,-1.,-0.));
#8982 = FACE_BOUND('',#8983,.T.);
#8983 = EDGE_LOOP('',(#8984));
#8984 = ORIENTED_EDGE('',*,*,#8985,.T.);
#8985 = EDGE_CURVE('',#8986,#8986,#8988,.T.);
#8986 = VERTEX_POINT('',#8987);
#8987 = CARTESIAN_POINT('',(97.3475,-122.55,1.51));
#8988 = CIRCLE('',#8989,0.875);
#8989 = AXIS2_PLACEMENT_3D('',#8990,#8991,#8992);
#8990 = CARTESIAN_POINT('',(97.3475,-121.675,1.51));
#8991 = DIRECTION('',(-0.,0.,-1.));
#8992 = DIRECTION('',(-0.,-1.,0.));
#8993 = FACE_BOUND('',#8994,.T.);
#8994 = EDGE_LOOP('',(#8995));
#8995 = ORIENTED_EDGE('',*,*,#8996,.T.);
#8996 = EDGE_CURVE('',#8997,#8997,#8999,.T.);
#8997 = VERTEX_POINT('',#8998);
#8998 = CARTESIAN_POINT('',(102.4275,-123.6689,1.51));
#8999 = CIRCLE('',#9000,1.9939);
#9000 = AXIS2_PLACEMENT_3D('',#9001,#9002,#9003);
#9001 = CARTESIAN_POINT('',(102.4275,-121.675,1.51));
#9002 = DIRECTION('',(-0.,0.,-1.));
#9003 = DIRECTION('',(-7.127165211496E-15,-1.,0.));
#9004 = FACE_BOUND('',#9005,.T.);
#9005 = EDGE_LOOP('',(#9006));
#9006 = ORIENTED_EDGE('',*,*,#9007,.T.);
#9007 = EDGE_CURVE('',#9008,#9008,#9010,.T.);
#9008 = VERTEX_POINT('',#9009);
#9009 = CARTESIAN_POINT('',(98.6175,-120.635,1.51));
#9010 = CIRCLE('',#9011,1.5);
#9011 = AXIS2_PLACEMENT_3D('',#9012,#9013,#9014);
#9012 = CARTESIAN_POINT('',(98.6175,-119.135,1.51));
#9013 = DIRECTION('',(-0.,0.,-1.));
#9014 = DIRECTION('',(-0.,-1.,0.));
#9015 = FACE_BOUND('',#9016,.T.);
#9016 = EDGE_LOOP('',(#9017));
#9017 = ORIENTED_EDGE('',*,*,#9018,.T.);
#9018 = EDGE_CURVE('',#9019,#9019,#9021,.T.);
#9019 = VERTEX_POINT('',#9020);
#9020 = CARTESIAN_POINT('',(107.5075,-122.55,1.51));
#9021 = CIRCLE('',#9022,0.875);
#9022 = AXIS2_PLACEMENT_3D('',#9023,#9024,#9025);
#9023 = CARTESIAN_POINT('',(107.5075,-121.675,1.51));
#9024 = DIRECTION('',(-0.,0.,-1.));
#9025 = DIRECTION('',(-0.,-1.,0.));
#9026 = FACE_BOUND('',#9027,.T.);
#9027 = EDGE_LOOP('',(#9028));
#9028 = ORIENTED_EDGE('',*,*,#9029,.T.);
#9029 = EDGE_CURVE('',#9030,#9030,#9032,.T.);
#9030 = VERTEX_POINT('',#9031);
#9031 = CARTESIAN_POINT('',(130.9975,-122.865,1.51));
#9032 = CIRCLE('',#9033,0.4);
#9033 = AXIS2_PLACEMENT_3D('',#9034,#9035,#9036);
#9034 = CARTESIAN_POINT('',(130.9975,-122.465,1.51));
#9035 = DIRECTION('',(-0.,0.,-1.));
#9036 = DIRECTION('',(-0.,-1.,0.));
#9037 = FACE_BOUND('',#9038,.T.);
#9038 = EDGE_LOOP('',(#9039));
#9039 = ORIENTED_EDGE('',*,*,#9040,.T.);
#9040 = EDGE_CURVE('',#9041,#9041,#9043,.T.);
#9041 = VERTEX_POINT('',#9042);
#9042 = CARTESIAN_POINT('',(116.3975,-122.55,1.51));
#9043 = CIRCLE('',#9044,0.875);
#9044 = AXIS2_PLACEMENT_3D('',#9045,#9046,#9047);
#9045 = CARTESIAN_POINT('',(116.3975,-121.675,1.51));
#9046 = DIRECTION('',(-0.,0.,-1.));
#9047 = DIRECTION('',(-0.,-1.,0.));
#9048 = FACE_BOUND('',#9049,.T.);
#9049 = EDGE_LOOP('',(#9050));
#9050 = ORIENTED_EDGE('',*,*,#9051,.T.);
#9051 = EDGE_CURVE('',#9052,#9052,#9054,.T.);
#9052 = VERTEX_POINT('',#9053);
#9053 = CARTESIAN_POINT('',(121.4775,-123.6689,1.51));
#9054 = CIRCLE('',#9055,1.9939);
#9055 = AXIS2_PLACEMENT_3D('',#9056,#9057,#9058);
#9056 = CARTESIAN_POINT('',(121.4775,-121.675,1.51));
#9057 = DIRECTION('',(-0.,0.,-1.));
#9058 = DIRECTION('',(7.127165211496E-15,-1.,-0.));
#9059 = FACE_BOUND('',#9060,.T.);
#9060 = EDGE_LOOP('',(#9061));
#9061 = ORIENTED_EDGE('',*,*,#9062,.T.);
#9062 = EDGE_CURVE('',#9063,#9063,#9065,.T.);
#9063 = VERTEX_POINT('',#9064);
#9064 = CARTESIAN_POINT('',(117.6675,-120.635,1.51));
#9065 = CIRCLE('',#9066,1.5);
#9066 = AXIS2_PLACEMENT_3D('',#9067,#9068,#9069);
#9067 = CARTESIAN_POINT('',(117.6675,-119.135,1.51));
#9068 = DIRECTION('',(-0.,0.,-1.));
#9069 = DIRECTION('',(-0.,-1.,0.));
#9070 = FACE_BOUND('',#9071,.T.);
#9071 = EDGE_LOOP('',(#9072));
#9072 = ORIENTED_EDGE('',*,*,#9073,.T.);
#9073 = EDGE_CURVE('',#9074,#9074,#9076,.T.);
#9074 = VERTEX_POINT('',#9075);
#9075 = CARTESIAN_POINT('',(126.5575,-122.55,1.51));
#9076 = CIRCLE('',#9077,0.875);
#9077 = AXIS2_PLACEMENT_3D('',#9078,#9079,#9080);
#9078 = CARTESIAN_POINT('',(126.5575,-121.675,1.51));
#9079 = DIRECTION('',(-0.,0.,-1.));
#9080 = DIRECTION('',(-0.,-1.,0.));
#9081 = FACE_BOUND('',#9082,.T.);
#9082 = EDGE_LOOP('',(#9083));
#9083 = ORIENTED_EDGE('',*,*,#9084,.T.);
#9084 = EDGE_CURVE('',#9085,#9085,#9087,.T.);
#9085 = VERTEX_POINT('',#9086);
#9086 = CARTESIAN_POINT('',(104.9675,-118.095,1.51));
#9087 = CIRCLE('',#9088,1.5);
#9088 = AXIS2_PLACEMENT_3D('',#9089,#9090,#9091);
#9089 = CARTESIAN_POINT('',(104.9675,-116.595,1.51));
#9090 = DIRECTION('',(-0.,0.,-1.));
#9091 = DIRECTION('',(-0.,-1.,0.));
#9092 = FACE_BOUND('',#9093,.T.);
#9093 = EDGE_LOOP('',(#9094));
#9094 = ORIENTED_EDGE('',*,*,#9095,.T.);
#9095 = EDGE_CURVE('',#9096,#9096,#9098,.T.);
#9096 = VERTEX_POINT('',#9097);
#9097 = CARTESIAN_POINT('',(124.0175,-118.095,1.51));
#9098 = CIRCLE('',#9099,1.5);
#9099 = AXIS2_PLACEMENT_3D('',#9100,#9101,#9102);
#9100 = CARTESIAN_POINT('',(124.0175,-116.595,1.51));
#9101 = DIRECTION('',(-0.,0.,-1.));
#9102 = DIRECTION('',(-0.,-1.,0.));
#9103 = FACE_BOUND('',#9104,.T.);
#9104 = EDGE_LOOP('',(#9105));
#9105 = ORIENTED_EDGE('',*,*,#9106,.T.);
#9106 = EDGE_CURVE('',#9107,#9107,#9109,.T.);
#9107 = VERTEX_POINT('',#9108);
#9108 = CARTESIAN_POINT('',(135.4475,-122.55,1.51));
#9109 = CIRCLE('',#9110,0.875);
#9110 = AXIS2_PLACEMENT_3D('',#9111,#9112,#9113);
#9111 = CARTESIAN_POINT('',(135.4475,-121.675,1.51));
#9112 = DIRECTION('',(-0.,0.,-1.));
#9113 = DIRECTION('',(-0.,-1.,0.));
#9114 = FACE_BOUND('',#9115,.T.);
#9115 = EDGE_LOOP('',(#9116));
#9116 = ORIENTED_EDGE('',*,*,#9117,.T.);
#9117 = EDGE_CURVE('',#9118,#9118,#9120,.T.);
#9118 = VERTEX_POINT('',#9119);
#9119 = CARTESIAN_POINT('',(136.7175,-120.635,1.51));
#9120 = CIRCLE('',#9121,1.5);
#9121 = AXIS2_PLACEMENT_3D('',#9122,#9123,#9124);
#9122 = CARTESIAN_POINT('',(136.7175,-119.135,1.51));
#9123 = DIRECTION('',(-0.,0.,-1.));
#9124 = DIRECTION('',(-0.,-1.,0.));
#9125 = FACE_BOUND('',#9126,.T.);
#9126 = EDGE_LOOP('',(#9127));
#9127 = ORIENTED_EDGE('',*,*,#9128,.T.);
#9128 = EDGE_CURVE('',#9129,#9129,#9131,.T.);
#9129 = VERTEX_POINT('',#9130);
#9130 = CARTESIAN_POINT('',(140.5275,-123.6689,1.51));
#9131 = CIRCLE('',#9132,1.9939);
#9132 = AXIS2_PLACEMENT_3D('',#9133,#9134,#9135);
#9133 = CARTESIAN_POINT('',(140.5275,-121.675,1.51));
#9134 = DIRECTION('',(-0.,0.,-1.));
#9135 = DIRECTION('',(-0.,-1.,0.));
#9136 = FACE_BOUND('',#9137,.T.);
#9137 = EDGE_LOOP('',(#9138));
#9138 = ORIENTED_EDGE('',*,*,#9139,.T.);
#9139 = EDGE_CURVE('',#9140,#9140,#9142,.T.);
#9140 = VERTEX_POINT('',#9141);
#9141 = CARTESIAN_POINT('',(145.6075,-122.55,1.51));
#9142 = CIRCLE('',#9143,0.875);
#9143 = AXIS2_PLACEMENT_3D('',#9144,#9145,#9146);
#9144 = CARTESIAN_POINT('',(145.6075,-121.675,1.51));
#9145 = DIRECTION('',(-0.,0.,-1.));
#9146 = DIRECTION('',(-0.,-1.,0.));
#9147 = FACE_BOUND('',#9148,.T.);
#9148 = EDGE_LOOP('',(#9149));
#9149 = ORIENTED_EDGE('',*,*,#9150,.T.);
#9150 = EDGE_CURVE('',#9151,#9151,#9153,.T.);
#9151 = VERTEX_POINT('',#9152);
#9152 = CARTESIAN_POINT('',(150.0475,-122.865,1.51));
#9153 = CIRCLE('',#9154,0.4);
#9154 = AXIS2_PLACEMENT_3D('',#9155,#9156,#9157);
#9155 = CARTESIAN_POINT('',(150.0475,-122.465,1.51));
#9156 = DIRECTION('',(-0.,0.,-1.));
#9157 = DIRECTION('',(-0.,-1.,0.));
#9158 = FACE_BOUND('',#9159,.T.);
#9159 = EDGE_LOOP('',(#9160));
#9160 = ORIENTED_EDGE('',*,*,#9161,.T.);
#9161 = EDGE_CURVE('',#9162,#9162,#9164,.T.);
#9162 = VERTEX_POINT('',#9163);
#9163 = CARTESIAN_POINT('',(154.4975,-122.55,1.51));
#9164 = CIRCLE('',#9165,0.875);
#9165 = AXIS2_PLACEMENT_3D('',#9166,#9167,#9168);
#9166 = CARTESIAN_POINT('',(154.4975,-121.675,1.51));
#9167 = DIRECTION('',(-0.,0.,-1.));
#9168 = DIRECTION('',(-0.,-1.,0.));
#9169 = FACE_BOUND('',#9170,.T.);
#9170 = EDGE_LOOP('',(#9171));
#9171 = ORIENTED_EDGE('',*,*,#9172,.T.);
#9172 = EDGE_CURVE('',#9173,#9173,#9175,.T.);
#9173 = VERTEX_POINT('',#9174);
#9174 = CARTESIAN_POINT('',(155.7675,-120.635,1.51));
#9175 = CIRCLE('',#9176,1.5);
#9176 = AXIS2_PLACEMENT_3D('',#9177,#9178,#9179);
#9177 = CARTESIAN_POINT('',(155.7675,-119.135,1.51));
#9178 = DIRECTION('',(-0.,0.,-1.));
#9179 = DIRECTION('',(-0.,-1.,0.));
#9180 = FACE_BOUND('',#9181,.T.);
#9181 = EDGE_LOOP('',(#9182));
#9182 = ORIENTED_EDGE('',*,*,#9183,.T.);
#9183 = EDGE_CURVE('',#9184,#9184,#9186,.T.);
#9184 = VERTEX_POINT('',#9185);
#9185 = CARTESIAN_POINT('',(159.5775,-123.6689,1.51));
#9186 = CIRCLE('',#9187,1.9939);
#9187 = AXIS2_PLACEMENT_3D('',#9188,#9189,#9190);
#9188 = CARTESIAN_POINT('',(159.5775,-121.675,1.51));
#9189 = DIRECTION('',(-0.,0.,-1.));
#9190 = DIRECTION('',(-0.,-1.,0.));
#9191 = FACE_BOUND('',#9192,.T.);
#9192 = EDGE_LOOP('',(#9193));
#9193 = ORIENTED_EDGE('',*,*,#9194,.T.);
#9194 = EDGE_CURVE('',#9195,#9195,#9197,.T.);
#9195 = VERTEX_POINT('',#9196);
#9196 = CARTESIAN_POINT('',(164.6575,-122.55,1.51));
#9197 = CIRCLE('',#9198,0.875);
#9198 = AXIS2_PLACEMENT_3D('',#9199,#9200,#9201);
#9199 = CARTESIAN_POINT('',(164.6575,-121.675,1.51));
#9200 = DIRECTION('',(-0.,0.,-1.));
#9201 = DIRECTION('',(-0.,-1.,0.));
#9202 = FACE_BOUND('',#9203,.T.);
#9203 = EDGE_LOOP('',(#9204));
#9204 = ORIENTED_EDGE('',*,*,#9205,.T.);
#9205 = EDGE_CURVE('',#9206,#9206,#9208,.T.);
#9206 = VERTEX_POINT('',#9207);
#9207 = CARTESIAN_POINT('',(143.0675,-118.095,1.51));
#9208 = CIRCLE('',#9209,1.5);
#9209 = AXIS2_PLACEMENT_3D('',#9210,#9211,#9212);
#9210 = CARTESIAN_POINT('',(143.0675,-116.595,1.51));
#9211 = DIRECTION('',(-0.,0.,-1.));
#9212 = DIRECTION('',(-0.,-1.,0.));
#9213 = FACE_BOUND('',#9214,.T.);
#9214 = EDGE_LOOP('',(#9215));
#9215 = ORIENTED_EDGE('',*,*,#9216,.T.);
#9216 = EDGE_CURVE('',#9217,#9217,#9219,.T.);
#9217 = VERTEX_POINT('',#9218);
#9218 = CARTESIAN_POINT('',(162.1175,-118.095,1.51));
#9219 = CIRCLE('',#9220,1.5);
#9220 = AXIS2_PLACEMENT_3D('',#9221,#9222,#9223);
#9221 = CARTESIAN_POINT('',(162.1175,-116.595,1.51));
#9222 = DIRECTION('',(-0.,0.,-1.));
#9223 = DIRECTION('',(-0.,-1.,0.));
#9224 = FACE_BOUND('',#9225,.T.);
#9225 = EDGE_LOOP('',(#9226));
#9226 = ORIENTED_EDGE('',*,*,#9227,.T.);
#9227 = EDGE_CURVE('',#9228,#9228,#9230,.T.);
#9228 = VERTEX_POINT('',#9229);
#9229 = CARTESIAN_POINT('',(171.6425,-137.145,1.51));
#9230 = CIRCLE('',#9231,1.5);
#9231 = AXIS2_PLACEMENT_3D('',#9232,#9233,#9234);
#9232 = CARTESIAN_POINT('',(171.6425,-135.645,1.51));
#9233 = DIRECTION('',(-0.,0.,-1.));
#9234 = DIRECTION('',(-0.,-1.,0.));
#9235 = FACE_BOUND('',#9236,.T.);
#9236 = EDGE_LOOP('',(#9237));
#9237 = ORIENTED_EDGE('',*,*,#9238,.T.);
#9238 = EDGE_CURVE('',#9239,#9239,#9241,.T.);
#9239 = VERTEX_POINT('',#9240);
#9240 = CARTESIAN_POINT('',(190.6925,-137.145,1.51));
#9241 = CIRCLE('',#9242,1.5);
#9242 = AXIS2_PLACEMENT_3D('',#9243,#9244,#9245);
#9243 = CARTESIAN_POINT('',(190.6925,-135.645,1.51));
#9244 = DIRECTION('',(-0.,0.,-1.));
#9245 = DIRECTION('',(-0.,-1.,0.));
#9246 = FACE_BOUND('',#9247,.T.);
#9247 = EDGE_LOOP('',(#9248));
#9248 = ORIENTED_EDGE('',*,*,#9249,.T.);
#9249 = EDGE_CURVE('',#9250,#9250,#9252,.T.);
#9250 = VERTEX_POINT('',#9251);
#9251 = CARTESIAN_POINT('',(169.0975,-130.485,1.51));
#9252 = CIRCLE('',#9253,0.4);
#9253 = AXIS2_PLACEMENT_3D('',#9254,#9255,#9256);
#9254 = CARTESIAN_POINT('',(169.0975,-130.085,1.51));
#9255 = DIRECTION('',(-0.,0.,-1.));
#9256 = DIRECTION('',(-0.,-1.,0.));
#9257 = FACE_BOUND('',#9258,.T.);
#9258 = EDGE_LOOP('',(#9259));
#9259 = ORIENTED_EDGE('',*,*,#9260,.T.);
#9260 = EDGE_CURVE('',#9261,#9261,#9263,.T.);
#9261 = VERTEX_POINT('',#9262);
#9262 = CARTESIAN_POINT('',(188.1475,-130.485,1.51));
#9263 = CIRCLE('',#9264,0.4);
#9264 = AXIS2_PLACEMENT_3D('',#9265,#9266,#9267);
#9265 = CARTESIAN_POINT('',(188.1475,-130.085,1.51));
#9266 = DIRECTION('',(-0.,0.,-1.));
#9267 = DIRECTION('',(-0.,-1.,0.));
#9268 = FACE_BOUND('',#9269,.T.);
#9269 = EDGE_LOOP('',(#9270));
#9270 = ORIENTED_EDGE('',*,*,#9271,.T.);
#9271 = EDGE_CURVE('',#9272,#9272,#9274,.T.);
#9272 = VERTEX_POINT('',#9273);
#9273 = CARTESIAN_POINT('',(209.7425,-137.145,1.51));
#9274 = CIRCLE('',#9275,1.5);
#9275 = AXIS2_PLACEMENT_3D('',#9276,#9277,#9278);
#9276 = CARTESIAN_POINT('',(209.7425,-135.645,1.51));
#9277 = DIRECTION('',(-0.,0.,-1.));
#9278 = DIRECTION('',(-0.,-1.,0.));
#9279 = FACE_BOUND('',#9280,.T.);
#9280 = EDGE_LOOP('',(#9281));
#9281 = ORIENTED_EDGE('',*,*,#9282,.T.);
#9282 = EDGE_CURVE('',#9283,#9283,#9285,.T.);
#9283 = VERTEX_POINT('',#9284);
#9284 = CARTESIAN_POINT('',(228.7925,-137.145,1.51));
#9285 = CIRCLE('',#9286,1.5);
#9286 = AXIS2_PLACEMENT_3D('',#9287,#9288,#9289);
#9287 = CARTESIAN_POINT('',(228.7925,-135.645,1.51));
#9288 = DIRECTION('',(-0.,0.,-1.));
#9289 = DIRECTION('',(-0.,-1.,0.));
#9290 = FACE_BOUND('',#9291,.T.);
#9291 = EDGE_LOOP('',(#9292));
#9292 = ORIENTED_EDGE('',*,*,#9293,.T.);
#9293 = EDGE_CURVE('',#9294,#9294,#9296,.T.);
#9294 = VERTEX_POINT('',#9295);
#9295 = CARTESIAN_POINT('',(207.1975,-130.485,1.51));
#9296 = CIRCLE('',#9297,0.4);
#9297 = AXIS2_PLACEMENT_3D('',#9298,#9299,#9300);
#9298 = CARTESIAN_POINT('',(207.1975,-130.085,1.51));
#9299 = DIRECTION('',(-0.,0.,-1.));
#9300 = DIRECTION('',(-0.,-1.,0.));
#9301 = FACE_BOUND('',#9302,.T.);
#9302 = EDGE_LOOP('',(#9303));
#9303 = ORIENTED_EDGE('',*,*,#9304,.T.);
#9304 = EDGE_CURVE('',#9305,#9305,#9307,.T.);
#9305 = VERTEX_POINT('',#9306);
#9306 = CARTESIAN_POINT('',(226.2475,-130.485,1.51));
#9307 = CIRCLE('',#9308,0.4);
#9308 = AXIS2_PLACEMENT_3D('',#9309,#9310,#9311);
#9309 = CARTESIAN_POINT('',(226.2475,-130.085,1.51));
#9310 = DIRECTION('',(-0.,0.,-1.));
#9311 = DIRECTION('',(-0.,-1.,0.));
#9312 = FACE_BOUND('',#9313,.T.);
#9313 = EDGE_LOOP('',(#9314));
#9314 = ORIENTED_EDGE('',*,*,#9315,.T.);
#9315 = EDGE_CURVE('',#9316,#9316,#9318,.T.);
#9316 = VERTEX_POINT('',#9317);
#9317 = CARTESIAN_POINT('',(169.0975,-122.865,1.51));
#9318 = CIRCLE('',#9319,0.4);
#9319 = AXIS2_PLACEMENT_3D('',#9320,#9321,#9322);
#9320 = CARTESIAN_POINT('',(169.0975,-122.465,1.51));
#9321 = DIRECTION('',(-0.,0.,-1.));
#9322 = DIRECTION('',(-0.,-1.,0.));
#9323 = FACE_BOUND('',#9324,.T.);
#9324 = EDGE_LOOP('',(#9325));
#9325 = ORIENTED_EDGE('',*,*,#9326,.T.);
#9326 = EDGE_CURVE('',#9327,#9327,#9329,.T.);
#9327 = VERTEX_POINT('',#9328);
#9328 = CARTESIAN_POINT('',(173.5475,-122.55,1.51));
#9329 = CIRCLE('',#9330,0.875);
#9330 = AXIS2_PLACEMENT_3D('',#9331,#9332,#9333);
#9331 = CARTESIAN_POINT('',(173.5475,-121.675,1.51));
#9332 = DIRECTION('',(-0.,0.,-1.));
#9333 = DIRECTION('',(-0.,-1.,0.));
#9334 = FACE_BOUND('',#9335,.T.);
#9335 = EDGE_LOOP('',(#9336));
#9336 = ORIENTED_EDGE('',*,*,#9337,.T.);
#9337 = EDGE_CURVE('',#9338,#9338,#9340,.T.);
#9338 = VERTEX_POINT('',#9339);
#9339 = CARTESIAN_POINT('',(174.8175,-120.635,1.51));
#9340 = CIRCLE('',#9341,1.5);
#9341 = AXIS2_PLACEMENT_3D('',#9342,#9343,#9344);
#9342 = CARTESIAN_POINT('',(174.8175,-119.135,1.51));
#9343 = DIRECTION('',(-0.,0.,-1.));
#9344 = DIRECTION('',(-0.,-1.,0.));
#9345 = FACE_BOUND('',#9346,.T.);
#9346 = EDGE_LOOP('',(#9347));
#9347 = ORIENTED_EDGE('',*,*,#9348,.T.);
#9348 = EDGE_CURVE('',#9349,#9349,#9351,.T.);
#9349 = VERTEX_POINT('',#9350);
#9350 = CARTESIAN_POINT('',(178.6275,-123.6689,1.51));
#9351 = CIRCLE('',#9352,1.9939);
#9352 = AXIS2_PLACEMENT_3D('',#9353,#9354,#9355);
#9353 = CARTESIAN_POINT('',(178.6275,-121.675,1.51));
#9354 = DIRECTION('',(-0.,0.,-1.));
#9355 = DIRECTION('',(-0.,-1.,0.));
#9356 = FACE_BOUND('',#9357,.T.);
#9357 = EDGE_LOOP('',(#9358));
#9358 = ORIENTED_EDGE('',*,*,#9359,.T.);
#9359 = EDGE_CURVE('',#9360,#9360,#9362,.T.);
#9360 = VERTEX_POINT('',#9361);
#9361 = CARTESIAN_POINT('',(183.7075,-122.55,1.51));
#9362 = CIRCLE('',#9363,0.875);
#9363 = AXIS2_PLACEMENT_3D('',#9364,#9365,#9366);
#9364 = CARTESIAN_POINT('',(183.7075,-121.675,1.51));
#9365 = DIRECTION('',(-0.,0.,-1.));
#9366 = DIRECTION('',(-0.,-1.,0.));
#9367 = FACE_BOUND('',#9368,.T.);
#9368 = EDGE_LOOP('',(#9369));
#9369 = ORIENTED_EDGE('',*,*,#9370,.T.);
#9370 = EDGE_CURVE('',#9371,#9371,#9373,.T.);
#9371 = VERTEX_POINT('',#9372);
#9372 = CARTESIAN_POINT('',(188.1475,-122.865,1.51));
#9373 = CIRCLE('',#9374,0.4);
#9374 = AXIS2_PLACEMENT_3D('',#9375,#9376,#9377);
#9375 = CARTESIAN_POINT('',(188.1475,-122.465,1.51));
#9376 = DIRECTION('',(-0.,0.,-1.));
#9377 = DIRECTION('',(-0.,-1.,0.));
#9378 = FACE_BOUND('',#9379,.T.);
#9379 = EDGE_LOOP('',(#9380));
#9380 = ORIENTED_EDGE('',*,*,#9381,.T.);
#9381 = EDGE_CURVE('',#9382,#9382,#9384,.T.);
#9382 = VERTEX_POINT('',#9383);
#9383 = CARTESIAN_POINT('',(192.5975,-122.55,1.51));
#9384 = CIRCLE('',#9385,0.875);
#9385 = AXIS2_PLACEMENT_3D('',#9386,#9387,#9388);
#9386 = CARTESIAN_POINT('',(192.5975,-121.675,1.51));
#9387 = DIRECTION('',(-0.,0.,-1.));
#9388 = DIRECTION('',(-0.,-1.,0.));
#9389 = FACE_BOUND('',#9390,.T.);
#9390 = EDGE_LOOP('',(#9391));
#9391 = ORIENTED_EDGE('',*,*,#9392,.T.);
#9392 = EDGE_CURVE('',#9393,#9393,#9395,.T.);
#9393 = VERTEX_POINT('',#9394);
#9394 = CARTESIAN_POINT('',(197.6775,-123.6689,1.51));
#9395 = CIRCLE('',#9396,1.9939);
#9396 = AXIS2_PLACEMENT_3D('',#9397,#9398,#9399);
#9397 = CARTESIAN_POINT('',(197.6775,-121.675,1.51));
#9398 = DIRECTION('',(-0.,0.,-1.));
#9399 = DIRECTION('',(-0.,-1.,0.));
#9400 = FACE_BOUND('',#9401,.T.);
#9401 = EDGE_LOOP('',(#9402));
#9402 = ORIENTED_EDGE('',*,*,#9403,.T.);
#9403 = EDGE_CURVE('',#9404,#9404,#9406,.T.);
#9404 = VERTEX_POINT('',#9405);
#9405 = CARTESIAN_POINT('',(193.8675,-120.635,1.51));
#9406 = CIRCLE('',#9407,1.5);
#9407 = AXIS2_PLACEMENT_3D('',#9408,#9409,#9410);
#9408 = CARTESIAN_POINT('',(193.8675,-119.135,1.51));
#9409 = DIRECTION('',(-0.,0.,-1.));
#9410 = DIRECTION('',(-0.,-1.,0.));
#9411 = FACE_BOUND('',#9412,.T.);
#9412 = EDGE_LOOP('',(#9413));
#9413 = ORIENTED_EDGE('',*,*,#9414,.T.);
#9414 = EDGE_CURVE('',#9415,#9415,#9417,.T.);
#9415 = VERTEX_POINT('',#9416);
#9416 = CARTESIAN_POINT('',(181.1675,-118.095,1.51));
#9417 = CIRCLE('',#9418,1.5);
#9418 = AXIS2_PLACEMENT_3D('',#9419,#9420,#9421);
#9419 = CARTESIAN_POINT('',(181.1675,-116.595,1.51));
#9420 = DIRECTION('',(-0.,0.,-1.));
#9421 = DIRECTION('',(-0.,-1.,0.));
#9422 = FACE_BOUND('',#9423,.T.);
#9423 = EDGE_LOOP('',(#9424));
#9424 = ORIENTED_EDGE('',*,*,#9425,.T.);
#9425 = EDGE_CURVE('',#9426,#9426,#9428,.T.);
#9426 = VERTEX_POINT('',#9427);
#9427 = CARTESIAN_POINT('',(200.2175,-118.095,1.51));
#9428 = CIRCLE('',#9429,1.5);
#9429 = AXIS2_PLACEMENT_3D('',#9430,#9431,#9432);
#9430 = CARTESIAN_POINT('',(200.2175,-116.595,1.51));
#9431 = DIRECTION('',(-0.,0.,-1.));
#9432 = DIRECTION('',(-0.,-1.,0.));
#9433 = FACE_BOUND('',#9434,.T.);
#9434 = EDGE_LOOP('',(#9435));
#9435 = ORIENTED_EDGE('',*,*,#9436,.T.);
#9436 = EDGE_CURVE('',#9437,#9437,#9439,.T.);
#9437 = VERTEX_POINT('',#9438);
#9438 = CARTESIAN_POINT('',(207.1975,-122.865,1.51));
#9439 = CIRCLE('',#9440,0.4);
#9440 = AXIS2_PLACEMENT_3D('',#9441,#9442,#9443);
#9441 = CARTESIAN_POINT('',(207.1975,-122.465,1.51));
#9442 = DIRECTION('',(-0.,0.,-1.));
#9443 = DIRECTION('',(-0.,-1.,0.));
#9444 = FACE_BOUND('',#9445,.T.);
#9445 = EDGE_LOOP('',(#9446));
#9446 = ORIENTED_EDGE('',*,*,#9447,.T.);
#9447 = EDGE_CURVE('',#9448,#9448,#9450,.T.);
#9448 = VERTEX_POINT('',#9449);
#9449 = CARTESIAN_POINT('',(202.7575,-122.55,1.51));
#9450 = CIRCLE('',#9451,0.875);
#9451 = AXIS2_PLACEMENT_3D('',#9452,#9453,#9454);
#9452 = CARTESIAN_POINT('',(202.7575,-121.675,1.51));
#9453 = DIRECTION('',(-0.,0.,-1.));
#9454 = DIRECTION('',(-0.,-1.,0.));
#9455 = FACE_BOUND('',#9456,.T.);
#9456 = EDGE_LOOP('',(#9457));
#9457 = ORIENTED_EDGE('',*,*,#9458,.T.);
#9458 = EDGE_CURVE('',#9459,#9459,#9461,.T.);
#9459 = VERTEX_POINT('',#9460);
#9460 = CARTESIAN_POINT('',(211.6475,-122.55,1.51));
#9461 = CIRCLE('',#9462,0.875);
#9462 = AXIS2_PLACEMENT_3D('',#9463,#9464,#9465);
#9463 = CARTESIAN_POINT('',(211.6475,-121.675,1.51));
#9464 = DIRECTION('',(-0.,0.,-1.));
#9465 = DIRECTION('',(-0.,-1.,0.));
#9466 = FACE_BOUND('',#9467,.T.);
#9467 = EDGE_LOOP('',(#9468));
#9468 = ORIENTED_EDGE('',*,*,#9469,.T.);
#9469 = EDGE_CURVE('',#9470,#9470,#9472,.T.);
#9470 = VERTEX_POINT('',#9471);
#9471 = CARTESIAN_POINT('',(216.7275,-123.6689,1.51));
#9472 = CIRCLE('',#9473,1.9939);
#9473 = AXIS2_PLACEMENT_3D('',#9474,#9475,#9476);
#9474 = CARTESIAN_POINT('',(216.7275,-121.675,1.51));
#9475 = DIRECTION('',(-0.,0.,-1.));
#9476 = DIRECTION('',(-0.,-1.,0.));
#9477 = FACE_BOUND('',#9478,.T.);
#9478 = EDGE_LOOP('',(#9479));
#9479 = ORIENTED_EDGE('',*,*,#9480,.T.);
#9480 = EDGE_CURVE('',#9481,#9481,#9483,.T.);
#9481 = VERTEX_POINT('',#9482);
#9482 = CARTESIAN_POINT('',(212.9175,-120.635,1.51));
#9483 = CIRCLE('',#9484,1.5);
#9484 = AXIS2_PLACEMENT_3D('',#9485,#9486,#9487);
#9485 = CARTESIAN_POINT('',(212.9175,-119.135,1.51));
#9486 = DIRECTION('',(-0.,0.,-1.));
#9487 = DIRECTION('',(-0.,-1.,0.));
#9488 = FACE_BOUND('',#9489,.T.);
#9489 = EDGE_LOOP('',(#9490));
#9490 = ORIENTED_EDGE('',*,*,#9491,.T.);
#9491 = EDGE_CURVE('',#9492,#9492,#9494,.T.);
#9492 = VERTEX_POINT('',#9493);
#9493 = CARTESIAN_POINT('',(226.2475,-122.865,1.51));
#9494 = CIRCLE('',#9495,0.4);
#9495 = AXIS2_PLACEMENT_3D('',#9496,#9497,#9498);
#9496 = CARTESIAN_POINT('',(226.2475,-122.465,1.51));
#9497 = DIRECTION('',(-0.,0.,-1.));
#9498 = DIRECTION('',(-0.,-1.,0.));
#9499 = FACE_BOUND('',#9500,.T.);
#9500 = EDGE_LOOP('',(#9501));
#9501 = ORIENTED_EDGE('',*,*,#9502,.T.);
#9502 = EDGE_CURVE('',#9503,#9503,#9505,.T.);
#9503 = VERTEX_POINT('',#9504);
#9504 = CARTESIAN_POINT('',(221.8075,-122.55,1.51));
#9505 = CIRCLE('',#9506,0.875);
#9506 = AXIS2_PLACEMENT_3D('',#9507,#9508,#9509);
#9507 = CARTESIAN_POINT('',(221.8075,-121.675,1.51));
#9508 = DIRECTION('',(-0.,0.,-1.));
#9509 = DIRECTION('',(-0.,-1.,0.));
#9510 = FACE_BOUND('',#9511,.T.);
#9511 = EDGE_LOOP('',(#9512));
#9512 = ORIENTED_EDGE('',*,*,#9513,.T.);
#9513 = EDGE_CURVE('',#9514,#9514,#9516,.T.);
#9514 = VERTEX_POINT('',#9515);
#9515 = CARTESIAN_POINT('',(230.6975,-122.55,1.51));
#9516 = CIRCLE('',#9517,0.875);
#9517 = AXIS2_PLACEMENT_3D('',#9518,#9519,#9520);
#9518 = CARTESIAN_POINT('',(230.6975,-121.675,1.51));
#9519 = DIRECTION('',(-0.,0.,-1.));
#9520 = DIRECTION('',(-0.,-1.,0.));
#9521 = FACE_BOUND('',#9522,.T.);
#9522 = EDGE_LOOP('',(#9523));
#9523 = ORIENTED_EDGE('',*,*,#9524,.T.);
#9524 = EDGE_CURVE('',#9525,#9525,#9527,.T.);
#9525 = VERTEX_POINT('',#9526);
#9526 = CARTESIAN_POINT('',(235.7775,-123.6689,1.51));
#9527 = CIRCLE('',#9528,1.9939);
#9528 = AXIS2_PLACEMENT_3D('',#9529,#9530,#9531);
#9529 = CARTESIAN_POINT('',(235.7775,-121.675,1.51));
#9530 = DIRECTION('',(-0.,0.,-1.));
#9531 = DIRECTION('',(-0.,-1.,0.));
#9532 = FACE_BOUND('',#9533,.T.);
#9533 = EDGE_LOOP('',(#9534));
#9534 = ORIENTED_EDGE('',*,*,#9535,.T.);
#9535 = EDGE_CURVE('',#9536,#9536,#9538,.T.);
#9536 = VERTEX_POINT('',#9537);
#9537 = CARTESIAN_POINT('',(231.9675,-120.635,1.51));
#9538 = CIRCLE('',#9539,1.5);
#9539 = AXIS2_PLACEMENT_3D('',#9540,#9541,#9542);
#9540 = CARTESIAN_POINT('',(231.9675,-119.135,1.51));
#9541 = DIRECTION('',(-0.,0.,-1.));
#9542 = DIRECTION('',(-0.,-1.,0.));
#9543 = FACE_BOUND('',#9544,.T.);
#9544 = EDGE_LOOP('',(#9545));
#9545 = ORIENTED_EDGE('',*,*,#9546,.T.);
#9546 = EDGE_CURVE('',#9547,#9547,#9549,.T.);
#9547 = VERTEX_POINT('',#9548);
#9548 = CARTESIAN_POINT('',(219.2675,-118.095,1.51));
#9549 = CIRCLE('',#9550,1.5);
#9550 = AXIS2_PLACEMENT_3D('',#9551,#9552,#9553);
#9551 = CARTESIAN_POINT('',(219.2675,-116.595,1.51));
#9552 = DIRECTION('',(-0.,0.,-1.));
#9553 = DIRECTION('',(-0.,-1.,0.));
#9554 = FACE_BOUND('',#9555,.T.);
#9555 = EDGE_LOOP('',(#9556));
#9556 = ORIENTED_EDGE('',*,*,#9557,.T.);
#9557 = EDGE_CURVE('',#9558,#9558,#9560,.T.);
#9558 = VERTEX_POINT('',#9559);
#9559 = CARTESIAN_POINT('',(240.5375,-160.975,1.51));
#9560 = CIRCLE('',#9561,0.4);
#9561 = AXIS2_PLACEMENT_3D('',#9562,#9563,#9564);
#9562 = CARTESIAN_POINT('',(240.5375,-160.575,1.51));
#9563 = DIRECTION('',(-0.,0.,-1.));
#9564 = DIRECTION('',(-0.,-1.,0.));
#9565 = FACE_BOUND('',#9566,.T.);
#9566 = EDGE_LOOP('',(#9567));
#9567 = ORIENTED_EDGE('',*,*,#9568,.T.);
#9568 = EDGE_CURVE('',#9569,#9569,#9571,.T.);
#9569 = VERTEX_POINT('',#9570);
#9570 = CARTESIAN_POINT('',(244.985,-160.65,1.51));
#9571 = CIRCLE('',#9572,0.875);
#9572 = AXIS2_PLACEMENT_3D('',#9573,#9574,#9575);
#9573 = CARTESIAN_POINT('',(244.985,-159.775,1.51));
#9574 = DIRECTION('',(-0.,0.,-1.));
#9575 = DIRECTION('',(-0.,-1.,0.));
#9576 = FACE_BOUND('',#9577,.T.);
#9577 = EDGE_LOOP('',(#9578));
#9578 = ORIENTED_EDGE('',*,*,#9579,.T.);
#9579 = EDGE_CURVE('',#9580,#9580,#9582,.T.);
#9580 = VERTEX_POINT('',#9581);
#9581 = CARTESIAN_POINT('',(250.065,-161.7689,1.51));
#9582 = CIRCLE('',#9583,1.9939);
#9583 = AXIS2_PLACEMENT_3D('',#9584,#9585,#9586);
#9584 = CARTESIAN_POINT('',(250.065,-159.775,1.51));
#9585 = DIRECTION('',(-0.,0.,-1.));
#9586 = DIRECTION('',(-0.,-1.,0.));
#9587 = FACE_BOUND('',#9588,.T.);
#9588 = EDGE_LOOP('',(#9589));
#9589 = ORIENTED_EDGE('',*,*,#9590,.T.);
#9590 = EDGE_CURVE('',#9591,#9591,#9593,.T.);
#9591 = VERTEX_POINT('',#9592);
#9592 = CARTESIAN_POINT('',(246.255,-158.735,1.51));
#9593 = CIRCLE('',#9594,1.5);
#9594 = AXIS2_PLACEMENT_3D('',#9595,#9596,#9597);
#9595 = CARTESIAN_POINT('',(246.255,-157.235,1.51));
#9596 = DIRECTION('',(-0.,0.,-1.));
#9597 = DIRECTION('',(-0.,-1.,0.));
#9598 = FACE_BOUND('',#9599,.T.);
#9599 = EDGE_LOOP('',(#9600));
#9600 = ORIENTED_EDGE('',*,*,#9601,.T.);
#9601 = EDGE_CURVE('',#9602,#9602,#9604,.T.);
#9602 = VERTEX_POINT('',#9603);
#9603 = CARTESIAN_POINT('',(255.145,-160.65,1.51));
#9604 = CIRCLE('',#9605,0.875);
#9605 = AXIS2_PLACEMENT_3D('',#9606,#9607,#9608);
#9606 = CARTESIAN_POINT('',(255.145,-159.775,1.51));
#9607 = DIRECTION('',(-0.,0.,-1.));
#9608 = DIRECTION('',(3.248195363475E-14,-1.,-0.));
#9609 = FACE_BOUND('',#9610,.T.);
#9610 = EDGE_LOOP('',(#9611));
#9611 = ORIENTED_EDGE('',*,*,#9612,.T.);
#9612 = EDGE_CURVE('',#9613,#9613,#9615,.T.);
#9613 = VERTEX_POINT('',#9614);
#9614 = CARTESIAN_POINT('',(259.5875,-160.975,1.51));
#9615 = CIRCLE('',#9616,0.4);
#9616 = AXIS2_PLACEMENT_3D('',#9617,#9618,#9619);
#9617 = CARTESIAN_POINT('',(259.5875,-160.575,1.51));
#9618 = DIRECTION('',(-0.,0.,-1.));
#9619 = DIRECTION('',(-0.,-1.,0.));
#9620 = FACE_BOUND('',#9621,.T.);
#9621 = EDGE_LOOP('',(#9622));
#9622 = ORIENTED_EDGE('',*,*,#9623,.T.);
#9623 = EDGE_CURVE('',#9624,#9624,#9626,.T.);
#9624 = VERTEX_POINT('',#9625);
#9625 = CARTESIAN_POINT('',(264.035,-160.65,1.51));
#9626 = CIRCLE('',#9627,0.875);
#9627 = AXIS2_PLACEMENT_3D('',#9628,#9629,#9630);
#9628 = CARTESIAN_POINT('',(264.035,-159.775,1.51));
#9629 = DIRECTION('',(-0.,0.,-1.));
#9630 = DIRECTION('',(-0.,-1.,0.));
#9631 = FACE_BOUND('',#9632,.T.);
#9632 = EDGE_LOOP('',(#9633));
#9633 = ORIENTED_EDGE('',*,*,#9634,.T.);
#9634 = EDGE_CURVE('',#9635,#9635,#9637,.T.);
#9635 = VERTEX_POINT('',#9636);
#9636 = CARTESIAN_POINT('',(269.115,-161.7689,1.51));
#9637 = CIRCLE('',#9638,1.9939);
#9638 = AXIS2_PLACEMENT_3D('',#9639,#9640,#9641);
#9639 = CARTESIAN_POINT('',(269.115,-159.775,1.51));
#9640 = DIRECTION('',(-0.,0.,-1.));
#9641 = DIRECTION('',(-0.,-1.,0.));
#9642 = FACE_BOUND('',#9643,.T.);
#9643 = EDGE_LOOP('',(#9644));
#9644 = ORIENTED_EDGE('',*,*,#9645,.T.);
#9645 = EDGE_CURVE('',#9646,#9646,#9648,.T.);
#9646 = VERTEX_POINT('',#9647);
#9647 = CARTESIAN_POINT('',(265.305,-158.735,1.51));
#9648 = CIRCLE('',#9649,1.5);
#9649 = AXIS2_PLACEMENT_3D('',#9650,#9651,#9652);
#9650 = CARTESIAN_POINT('',(265.305,-157.235,1.51));
#9651 = DIRECTION('',(-0.,0.,-1.));
#9652 = DIRECTION('',(-0.,-1.,0.));
#9653 = FACE_BOUND('',#9654,.T.);
#9654 = EDGE_LOOP('',(#9655));
#9655 = ORIENTED_EDGE('',*,*,#9656,.T.);
#9656 = EDGE_CURVE('',#9657,#9657,#9659,.T.);
#9657 = VERTEX_POINT('',#9658);
#9658 = CARTESIAN_POINT('',(252.605,-156.195,1.51));
#9659 = CIRCLE('',#9660,1.5);
#9660 = AXIS2_PLACEMENT_3D('',#9661,#9662,#9663);
#9661 = CARTESIAN_POINT('',(252.605,-154.695,1.51));
#9662 = DIRECTION('',(-0.,0.,-1.));
#9663 = DIRECTION('',(-0.,-1.,0.));
#9664 = FACE_BOUND('',#9665,.T.);
#9665 = EDGE_LOOP('',(#9666));
#9666 = ORIENTED_EDGE('',*,*,#9667,.T.);
#9667 = EDGE_CURVE('',#9668,#9668,#9670,.T.);
#9668 = VERTEX_POINT('',#9669);
#9669 = CARTESIAN_POINT('',(271.655,-156.195,1.51));
#9670 = CIRCLE('',#9671,1.5);
#9671 = AXIS2_PLACEMENT_3D('',#9672,#9673,#9674);
#9672 = CARTESIAN_POINT('',(271.655,-154.695,1.51));
#9673 = DIRECTION('',(-0.,0.,-1.));
#9674 = DIRECTION('',(-0.,-1.,0.));
#9675 = FACE_BOUND('',#9676,.T.);
#9676 = EDGE_LOOP('',(#9677));
#9677 = ORIENTED_EDGE('',*,*,#9678,.T.);
#9678 = EDGE_CURVE('',#9679,#9679,#9681,.T.);
#9679 = VERTEX_POINT('',#9680);
#9680 = CARTESIAN_POINT('',(254.8275,-149.535,1.51));
#9681 = CIRCLE('',#9682,0.4);
#9682 = AXIS2_PLACEMENT_3D('',#9683,#9684,#9685);
#9683 = CARTESIAN_POINT('',(254.8275,-149.135,1.51));
#9684 = DIRECTION('',(-0.,0.,-1.));
#9685 = DIRECTION('',(-0.,-1.,0.));
#9686 = FACE_BOUND('',#9687,.T.);
#9687 = EDGE_LOOP('',(#9688));
#9688 = ORIENTED_EDGE('',*,*,#9689,.T.);
#9689 = EDGE_CURVE('',#9690,#9690,#9692,.T.);
#9690 = VERTEX_POINT('',#9691);
#9691 = CARTESIAN_POINT('',(274.195,-160.65,1.51));
#9692 = CIRCLE('',#9693,0.875);
#9693 = AXIS2_PLACEMENT_3D('',#9694,#9695,#9696);
#9694 = CARTESIAN_POINT('',(274.195,-159.775,1.51));
#9695 = DIRECTION('',(-0.,0.,-1.));
#9696 = DIRECTION('',(-0.,-1.,0.));
#9697 = FACE_BOUND('',#9698,.T.);
#9698 = EDGE_LOOP('',(#9699));
#9699 = ORIENTED_EDGE('',*,*,#9700,.T.);
#9700 = EDGE_CURVE('',#9701,#9701,#9703,.T.);
#9701 = VERTEX_POINT('',#9702);
#9702 = CARTESIAN_POINT('',(278.6375,-160.975,1.51));
#9703 = CIRCLE('',#9704,0.4);
#9704 = AXIS2_PLACEMENT_3D('',#9705,#9706,#9707);
#9705 = CARTESIAN_POINT('',(278.6375,-160.575,1.51));
#9706 = DIRECTION('',(-0.,0.,-1.));
#9707 = DIRECTION('',(-1.42108547152E-13,-1.,0.));
#9708 = FACE_BOUND('',#9709,.T.);
#9709 = EDGE_LOOP('',(#9710));
#9710 = ORIENTED_EDGE('',*,*,#9711,.T.);
#9711 = EDGE_CURVE('',#9712,#9712,#9714,.T.);
#9712 = VERTEX_POINT('',#9713);
#9713 = CARTESIAN_POINT('',(283.085,-160.65,1.51));
#9714 = CIRCLE('',#9715,0.875);
#9715 = AXIS2_PLACEMENT_3D('',#9716,#9717,#9718);
#9716 = CARTESIAN_POINT('',(283.085,-159.775,1.51));
#9717 = DIRECTION('',(-0.,0.,-1.));
#9718 = DIRECTION('',(-0.,-1.,0.));
#9719 = FACE_BOUND('',#9720,.T.);
#9720 = EDGE_LOOP('',(#9721));
#9721 = ORIENTED_EDGE('',*,*,#9722,.T.);
#9722 = EDGE_CURVE('',#9723,#9723,#9725,.T.);
#9723 = VERTEX_POINT('',#9724);
#9724 = CARTESIAN_POINT('',(288.165,-161.7689,1.51));
#9725 = CIRCLE('',#9726,1.9939);
#9726 = AXIS2_PLACEMENT_3D('',#9727,#9728,#9729);
#9727 = CARTESIAN_POINT('',(288.165,-159.775,1.51));
#9728 = DIRECTION('',(-0.,0.,-1.));
#9729 = DIRECTION('',(-0.,-1.,0.));
#9730 = FACE_BOUND('',#9731,.T.);
#9731 = EDGE_LOOP('',(#9732));
#9732 = ORIENTED_EDGE('',*,*,#9733,.T.);
#9733 = EDGE_CURVE('',#9734,#9734,#9736,.T.);
#9734 = VERTEX_POINT('',#9735);
#9735 = CARTESIAN_POINT('',(284.355,-158.735,1.51));
#9736 = CIRCLE('',#9737,1.5);
#9737 = AXIS2_PLACEMENT_3D('',#9738,#9739,#9740);
#9738 = CARTESIAN_POINT('',(284.355,-157.235,1.51));
#9739 = DIRECTION('',(-0.,0.,-1.));
#9740 = DIRECTION('',(-0.,-1.,0.));
#9741 = FACE_BOUND('',#9742,.T.);
#9742 = EDGE_LOOP('',(#9743));
#9743 = ORIENTED_EDGE('',*,*,#9744,.T.);
#9744 = EDGE_CURVE('',#9745,#9745,#9747,.T.);
#9745 = VERTEX_POINT('',#9746);
#9746 = CARTESIAN_POINT('',(293.245,-160.65,1.51));
#9747 = CIRCLE('',#9748,0.875);
#9748 = AXIS2_PLACEMENT_3D('',#9749,#9750,#9751);
#9749 = CARTESIAN_POINT('',(293.245,-159.775,1.51));
#9750 = DIRECTION('',(-0.,0.,-1.));
#9751 = DIRECTION('',(-0.,-1.,0.));
#9752 = FACE_BOUND('',#9753,.T.);
#9753 = EDGE_LOOP('',(#9754));
#9754 = ORIENTED_EDGE('',*,*,#9755,.T.);
#9755 = EDGE_CURVE('',#9756,#9756,#9758,.T.);
#9756 = VERTEX_POINT('',#9757);
#9757 = CARTESIAN_POINT('',(297.6875,-160.975,1.51));
#9758 = CIRCLE('',#9759,0.4);
#9759 = AXIS2_PLACEMENT_3D('',#9760,#9761,#9762);
#9760 = CARTESIAN_POINT('',(297.6875,-160.575,1.51));
#9761 = DIRECTION('',(-0.,0.,-1.));
#9762 = DIRECTION('',(-0.,-1.,0.));
#9763 = FACE_BOUND('',#9764,.T.);
#9764 = EDGE_LOOP('',(#9765));
#9765 = ORIENTED_EDGE('',*,*,#9766,.T.);
#9766 = EDGE_CURVE('',#9767,#9767,#9769,.T.);
#9767 = VERTEX_POINT('',#9768);
#9768 = CARTESIAN_POINT('',(302.135,-160.65,1.51));
#9769 = CIRCLE('',#9770,0.875);
#9770 = AXIS2_PLACEMENT_3D('',#9771,#9772,#9773);
#9771 = CARTESIAN_POINT('',(302.135,-159.775,1.51));
#9772 = DIRECTION('',(-0.,0.,-1.));
#9773 = DIRECTION('',(-0.,-1.,0.));
#9774 = FACE_BOUND('',#9775,.T.);
#9775 = EDGE_LOOP('',(#9776));
#9776 = ORIENTED_EDGE('',*,*,#9777,.T.);
#9777 = EDGE_CURVE('',#9778,#9778,#9780,.T.);
#9778 = VERTEX_POINT('',#9779);
#9779 = CARTESIAN_POINT('',(303.405,-158.735,1.51));
#9780 = CIRCLE('',#9781,1.5);
#9781 = AXIS2_PLACEMENT_3D('',#9782,#9783,#9784);
#9782 = CARTESIAN_POINT('',(303.405,-157.235,1.51));
#9783 = DIRECTION('',(-0.,0.,-1.));
#9784 = DIRECTION('',(-0.,-1.,0.));
#9785 = FACE_BOUND('',#9786,.T.);
#9786 = EDGE_LOOP('',(#9787));
#9787 = ORIENTED_EDGE('',*,*,#9788,.T.);
#9788 = EDGE_CURVE('',#9789,#9789,#9791,.T.);
#9789 = VERTEX_POINT('',#9790);
#9790 = CARTESIAN_POINT('',(278.638,-152.48,1.51));
#9791 = CIRCLE('',#9792,1.35);
#9792 = AXIS2_PLACEMENT_3D('',#9793,#9794,#9795);
#9793 = CARTESIAN_POINT('',(278.638,-151.13,1.51));
#9794 = DIRECTION('',(-0.,0.,-1.));
#9795 = DIRECTION('',(-4.210623619319E-14,-1.,0.));
#9796 = FACE_BOUND('',#9797,.T.);
#9797 = EDGE_LOOP('',(#9798));
#9798 = ORIENTED_EDGE('',*,*,#9799,.T.);
#9799 = EDGE_CURVE('',#9800,#9800,#9802,.T.);
#9800 = VERTEX_POINT('',#9801);
#9801 = CARTESIAN_POINT('',(273.8775,-149.535,1.51));
#9802 = CIRCLE('',#9803,0.4);
#9803 = AXIS2_PLACEMENT_3D('',#9804,#9805,#9806);
#9804 = CARTESIAN_POINT('',(273.8775,-149.135,1.51));
#9805 = DIRECTION('',(-0.,0.,-1.));
#9806 = DIRECTION('',(-0.,-1.,0.));
#9807 = FACE_BOUND('',#9808,.T.);
#9808 = EDGE_LOOP('',(#9809));
#9809 = ORIENTED_EDGE('',*,*,#9810,.T.);
#9810 = EDGE_CURVE('',#9811,#9811,#9813,.T.);
#9811 = VERTEX_POINT('',#9812);
#9812 = CARTESIAN_POINT('',(290.705,-156.195,1.51));
#9813 = CIRCLE('',#9814,1.5);
#9814 = AXIS2_PLACEMENT_3D('',#9815,#9816,#9817);
#9815 = CARTESIAN_POINT('',(290.705,-154.695,1.51));
#9816 = DIRECTION('',(-0.,0.,-1.));
#9817 = DIRECTION('',(-0.,-1.,0.));
#9818 = FACE_BOUND('',#9819,.T.);
#9819 = EDGE_LOOP('',(#9820));
#9820 = ORIENTED_EDGE('',*,*,#9821,.T.);
#9821 = EDGE_CURVE('',#9822,#9822,#9824,.T.);
#9822 = VERTEX_POINT('',#9823);
#9823 = CARTESIAN_POINT('',(292.9275,-149.535,1.51));
#9824 = CIRCLE('',#9825,0.4);
#9825 = AXIS2_PLACEMENT_3D('',#9826,#9827,#9828);
#9826 = CARTESIAN_POINT('',(292.9275,-149.135,1.51));
#9827 = DIRECTION('',(-0.,0.,-1.));
#9828 = DIRECTION('',(-0.,-1.,0.));
#9829 = FACE_BOUND('',#9830,.T.);
#9830 = EDGE_LOOP('',(#9831));
#9831 = ORIENTED_EDGE('',*,*,#9832,.T.);
#9832 = EDGE_CURVE('',#9833,#9833,#9835,.T.);
#9833 = VERTEX_POINT('',#9834);
#9834 = CARTESIAN_POINT('',(240.2225,-141.6,1.51));
#9835 = CIRCLE('',#9836,0.875);
#9836 = AXIS2_PLACEMENT_3D('',#9837,#9838,#9839);
#9837 = CARTESIAN_POINT('',(240.2225,-140.725,1.51));
#9838 = DIRECTION('',(-0.,0.,-1.));
#9839 = DIRECTION('',(-0.,-1.,0.));
#9840 = FACE_BOUND('',#9841,.T.);
#9841 = EDGE_LOOP('',(#9842));
#9842 = ORIENTED_EDGE('',*,*,#9843,.T.);
#9843 = EDGE_CURVE('',#9844,#9844,#9846,.T.);
#9844 = VERTEX_POINT('',#9845);
#9845 = CARTESIAN_POINT('',(245.3025,-142.7189,1.51));
#9846 = CIRCLE('',#9847,1.9939);
#9847 = AXIS2_PLACEMENT_3D('',#9848,#9849,#9850);
#9848 = CARTESIAN_POINT('',(245.3025,-140.725,1.51));
#9849 = DIRECTION('',(-0.,0.,-1.));
#9850 = DIRECTION('',(-0.,-1.,0.));
#9851 = FACE_BOUND('',#9852,.T.);
#9852 = EDGE_LOOP('',(#9853));
#9853 = ORIENTED_EDGE('',*,*,#9854,.T.);
#9854 = EDGE_CURVE('',#9855,#9855,#9857,.T.);
#9855 = VERTEX_POINT('',#9856);
#9856 = CARTESIAN_POINT('',(250.3825,-141.6,1.51));
#9857 = CIRCLE('',#9858,0.875);
#9858 = AXIS2_PLACEMENT_3D('',#9859,#9860,#9861);
#9859 = CARTESIAN_POINT('',(250.3825,-140.725,1.51));
#9860 = DIRECTION('',(-0.,0.,-1.));
#9861 = DIRECTION('',(-0.,-1.,0.));
#9862 = FACE_BOUND('',#9863,.T.);
#9863 = EDGE_LOOP('',(#9864));
#9864 = ORIENTED_EDGE('',*,*,#9865,.T.);
#9865 = EDGE_CURVE('',#9866,#9866,#9868,.T.);
#9866 = VERTEX_POINT('',#9867);
#9867 = CARTESIAN_POINT('',(241.4925,-139.685,1.51));
#9868 = CIRCLE('',#9869,1.5);
#9869 = AXIS2_PLACEMENT_3D('',#9870,#9871,#9872);
#9870 = CARTESIAN_POINT('',(241.4925,-138.185,1.51));
#9871 = DIRECTION('',(-0.,0.,-1.));
#9872 = DIRECTION('',(-0.,-1.,0.));
#9873 = FACE_BOUND('',#9874,.T.);
#9874 = EDGE_LOOP('',(#9875));
#9875 = ORIENTED_EDGE('',*,*,#9876,.T.);
#9876 = EDGE_CURVE('',#9877,#9877,#9879,.T.);
#9877 = VERTEX_POINT('',#9878);
#9878 = CARTESIAN_POINT('',(254.8275,-141.915,1.51));
#9879 = CIRCLE('',#9880,0.4);
#9880 = AXIS2_PLACEMENT_3D('',#9881,#9882,#9883);
#9881 = CARTESIAN_POINT('',(254.8275,-141.515,1.51));
#9882 = DIRECTION('',(-0.,0.,-1.));
#9883 = DIRECTION('',(-0.,-1.,0.));
#9884 = FACE_BOUND('',#9885,.T.);
#9885 = EDGE_LOOP('',(#9886));
#9886 = ORIENTED_EDGE('',*,*,#9887,.T.);
#9887 = EDGE_CURVE('',#9888,#9888,#9890,.T.);
#9888 = VERTEX_POINT('',#9889);
#9889 = CARTESIAN_POINT('',(259.2725,-141.6,1.51));
#9890 = CIRCLE('',#9891,0.875);
#9891 = AXIS2_PLACEMENT_3D('',#9892,#9893,#9894);
#9892 = CARTESIAN_POINT('',(259.2725,-140.725,1.51));
#9893 = DIRECTION('',(-0.,0.,-1.));
#9894 = DIRECTION('',(-0.,-1.,0.));
#9895 = FACE_BOUND('',#9896,.T.);
#9896 = EDGE_LOOP('',(#9897));
#9897 = ORIENTED_EDGE('',*,*,#9898,.T.);
#9898 = EDGE_CURVE('',#9899,#9899,#9901,.T.);
#9899 = VERTEX_POINT('',#9900);
#9900 = CARTESIAN_POINT('',(264.3525,-142.7189,1.51));
#9901 = CIRCLE('',#9902,1.9939);
#9902 = AXIS2_PLACEMENT_3D('',#9903,#9904,#9905);
#9903 = CARTESIAN_POINT('',(264.3525,-140.725,1.51));
#9904 = DIRECTION('',(-0.,0.,-1.));
#9905 = DIRECTION('',(-0.,-1.,0.));
#9906 = FACE_BOUND('',#9907,.T.);
#9907 = EDGE_LOOP('',(#9908));
#9908 = ORIENTED_EDGE('',*,*,#9909,.T.);
#9909 = EDGE_CURVE('',#9910,#9910,#9912,.T.);
#9910 = VERTEX_POINT('',#9911);
#9911 = CARTESIAN_POINT('',(269.4325,-141.6,1.51));
#9912 = CIRCLE('',#9913,0.875);
#9913 = AXIS2_PLACEMENT_3D('',#9914,#9915,#9916);
#9914 = CARTESIAN_POINT('',(269.4325,-140.725,1.51));
#9915 = DIRECTION('',(-0.,0.,-1.));
#9916 = DIRECTION('',(-0.,-1.,0.));
#9917 = FACE_BOUND('',#9918,.T.);
#9918 = EDGE_LOOP('',(#9919));
#9919 = ORIENTED_EDGE('',*,*,#9920,.T.);
#9920 = EDGE_CURVE('',#9921,#9921,#9923,.T.);
#9921 = VERTEX_POINT('',#9922);
#9922 = CARTESIAN_POINT('',(260.5425,-139.685,1.51));
#9923 = CIRCLE('',#9924,1.5);
#9924 = AXIS2_PLACEMENT_3D('',#9925,#9926,#9927);
#9925 = CARTESIAN_POINT('',(260.5425,-138.185,1.51));
#9926 = DIRECTION('',(-0.,0.,-1.));
#9927 = DIRECTION('',(-0.,-1.,0.));
#9928 = FACE_BOUND('',#9929,.T.);
#9929 = EDGE_LOOP('',(#9930));
#9930 = ORIENTED_EDGE('',*,*,#9931,.T.);
#9931 = EDGE_CURVE('',#9932,#9932,#9934,.T.);
#9932 = VERTEX_POINT('',#9933);
#9933 = CARTESIAN_POINT('',(273.8775,-141.915,1.51));
#9934 = CIRCLE('',#9935,0.4);
#9935 = AXIS2_PLACEMENT_3D('',#9936,#9937,#9938);
#9936 = CARTESIAN_POINT('',(273.8775,-141.515,1.51));
#9937 = DIRECTION('',(-0.,0.,-1.));
#9938 = DIRECTION('',(-0.,-1.,0.));
#9939 = FACE_BOUND('',#9940,.T.);
#9940 = EDGE_LOOP('',(#9941));
#9941 = ORIENTED_EDGE('',*,*,#9942,.T.);
#9942 = EDGE_CURVE('',#9943,#9943,#9945,.T.);
#9943 = VERTEX_POINT('',#9944);
#9944 = CARTESIAN_POINT('',(278.3225,-141.6,1.51));
#9945 = CIRCLE('',#9946,0.875);
#9946 = AXIS2_PLACEMENT_3D('',#9947,#9948,#9949);
#9947 = CARTESIAN_POINT('',(278.3225,-140.725,1.51));
#9948 = DIRECTION('',(-0.,0.,-1.));
#9949 = DIRECTION('',(-0.,-1.,0.));
#9950 = FACE_BOUND('',#9951,.T.);
#9951 = EDGE_LOOP('',(#9952));
#9952 = ORIENTED_EDGE('',*,*,#9953,.T.);
#9953 = EDGE_CURVE('',#9954,#9954,#9956,.T.);
#9954 = VERTEX_POINT('',#9955);
#9955 = CARTESIAN_POINT('',(283.4025,-142.7189,1.51));
#9956 = CIRCLE('',#9957,1.9939);
#9957 = AXIS2_PLACEMENT_3D('',#9958,#9959,#9960);
#9958 = CARTESIAN_POINT('',(283.4025,-140.725,1.51));
#9959 = DIRECTION('',(-0.,0.,-1.));
#9960 = DIRECTION('',(-2.850866084598E-14,-1.,0.));
#9961 = FACE_BOUND('',#9962,.T.);
#9962 = EDGE_LOOP('',(#9963));
#9963 = ORIENTED_EDGE('',*,*,#9964,.T.);
#9964 = EDGE_CURVE('',#9965,#9965,#9967,.T.);
#9965 = VERTEX_POINT('',#9966);
#9966 = CARTESIAN_POINT('',(288.4825,-141.6,1.51));
#9967 = CIRCLE('',#9968,0.875);
#9968 = AXIS2_PLACEMENT_3D('',#9969,#9970,#9971);
#9969 = CARTESIAN_POINT('',(288.4825,-140.725,1.51));
#9970 = DIRECTION('',(-0.,0.,-1.));
#9971 = DIRECTION('',(-0.,-1.,0.));
#9972 = FACE_BOUND('',#9973,.T.);
#9973 = EDGE_LOOP('',(#9974));
#9974 = ORIENTED_EDGE('',*,*,#9975,.T.);
#9975 = EDGE_CURVE('',#9976,#9976,#9978,.T.);
#9976 = VERTEX_POINT('',#9977);
#9977 = CARTESIAN_POINT('',(279.5925,-139.685,1.51));
#9978 = CIRCLE('',#9979,1.5);
#9979 = AXIS2_PLACEMENT_3D('',#9980,#9981,#9982);
#9980 = CARTESIAN_POINT('',(279.5925,-138.185,1.51));
#9981 = DIRECTION('',(-0.,0.,-1.));
#9982 = DIRECTION('',(-0.,-1.,0.));
#9983 = FACE_BOUND('',#9984,.T.);
#9984 = EDGE_LOOP('',(#9985));
#9985 = ORIENTED_EDGE('',*,*,#9986,.T.);
#9986 = EDGE_CURVE('',#9987,#9987,#9989,.T.);
#9987 = VERTEX_POINT('',#9988);
#9988 = CARTESIAN_POINT('',(292.9275,-141.915,1.51));
#9989 = CIRCLE('',#9990,0.4);
#9990 = AXIS2_PLACEMENT_3D('',#9991,#9992,#9993);
#9991 = CARTESIAN_POINT('',(292.9275,-141.515,1.51));
#9992 = DIRECTION('',(-0.,0.,-1.));
#9993 = DIRECTION('',(-0.,-1.,0.));
#9994 = FACE_BOUND('',#9995,.T.);
#9995 = EDGE_LOOP('',(#9996));
#9996 = ORIENTED_EDGE('',*,*,#9997,.T.);
#9997 = EDGE_CURVE('',#9998,#9998,#10000,.T.);
#9998 = VERTEX_POINT('',#9999);
#9999 = CARTESIAN_POINT('',(297.3725,-141.6,1.51));
#10000 = CIRCLE('',#10001,0.875);
#10001 = AXIS2_PLACEMENT_3D('',#10002,#10003,#10004);
#10002 = CARTESIAN_POINT('',(297.3725,-140.725,1.51));
#10003 = DIRECTION('',(-0.,0.,-1.));
#10004 = DIRECTION('',(-0.,-1.,0.));
#10005 = FACE_BOUND('',#10006,.T.);
#10006 = EDGE_LOOP('',(#10007));
#10007 = ORIENTED_EDGE('',*,*,#10008,.T.);
#10008 = EDGE_CURVE('',#10009,#10009,#10011,.T.);
#10009 = VERTEX_POINT('',#10010);
#10010 = CARTESIAN_POINT('',(302.4525,-142.7189,1.51));
#10011 = CIRCLE('',#10012,1.9939);
#10012 = AXIS2_PLACEMENT_3D('',#10013,#10014,#10015);
#10013 = CARTESIAN_POINT('',(302.4525,-140.725,1.51));
#10014 = DIRECTION('',(-0.,0.,-1.));
#10015 = DIRECTION('',(-0.,-1.,0.));
#10016 = FACE_BOUND('',#10017,.T.);
#10017 = EDGE_LOOP('',(#10018));
#10018 = ORIENTED_EDGE('',*,*,#10019,.T.);
#10019 = EDGE_CURVE('',#10020,#10020,#10022,.T.);
#10020 = VERTEX_POINT('',#10021);
#10021 = CARTESIAN_POINT('',(298.6425,-139.685,1.51));
#10022 = CIRCLE('',#10023,1.5);
#10023 = AXIS2_PLACEMENT_3D('',#10024,#10025,#10026);
#10024 = CARTESIAN_POINT('',(298.6425,-138.185,1.51));
#10025 = DIRECTION('',(-0.,0.,-1.));
#10026 = DIRECTION('',(-0.,-1.,0.));
#10027 = FACE_BOUND('',#10028,.T.);
#10028 = EDGE_LOOP('',(#10029));
#10029 = ORIENTED_EDGE('',*,*,#10030,.T.);
#10030 = EDGE_CURVE('',#10031,#10031,#10033,.T.);
#10031 = VERTEX_POINT('',#10032);
#10032 = CARTESIAN_POINT('',(307.215,-161.7689,1.51));
#10033 = CIRCLE('',#10034,1.9939);
#10034 = AXIS2_PLACEMENT_3D('',#10035,#10036,#10037);
#10035 = CARTESIAN_POINT('',(307.215,-159.775,1.51));
#10036 = DIRECTION('',(-0.,0.,-1.));
#10037 = DIRECTION('',(-2.850866084598E-14,-1.,0.));
#10038 = FACE_BOUND('',#10039,.T.);
#10039 = EDGE_LOOP('',(#10040));
#10040 = ORIENTED_EDGE('',*,*,#10041,.T.);
#10041 = EDGE_CURVE('',#10042,#10042,#10044,.T.);
#10042 = VERTEX_POINT('',#10043);
#10043 = CARTESIAN_POINT('',(312.295,-160.65,1.51));
#10044 = CIRCLE('',#10045,0.875);
#10045 = AXIS2_PLACEMENT_3D('',#10046,#10047,#10048);
#10046 = CARTESIAN_POINT('',(312.295,-159.775,1.51));
#10047 = DIRECTION('',(-0.,0.,-1.));
#10048 = DIRECTION('',(-0.,-1.,0.));
#10049 = FACE_BOUND('',#10050,.T.);
#10050 = EDGE_LOOP('',(#10051));
#10051 = ORIENTED_EDGE('',*,*,#10052,.T.);
#10052 = EDGE_CURVE('',#10053,#10053,#10055,.T.);
#10053 = VERTEX_POINT('',#10054);
#10054 = CARTESIAN_POINT('',(316.7375,-160.975,1.51));
#10055 = CIRCLE('',#10056,0.4);
#10056 = AXIS2_PLACEMENT_3D('',#10057,#10058,#10059);
#10057 = CARTESIAN_POINT('',(316.7375,-160.575,1.51));
#10058 = DIRECTION('',(-0.,0.,-1.));
#10059 = DIRECTION('',(1.42108547152E-13,-1.,-0.));
#10060 = FACE_BOUND('',#10061,.T.);
#10061 = EDGE_LOOP('',(#10062));
#10062 = ORIENTED_EDGE('',*,*,#10063,.T.);
#10063 = EDGE_CURVE('',#10064,#10064,#10066,.T.);
#10064 = VERTEX_POINT('',#10065);
#10065 = CARTESIAN_POINT('',(321.185,-160.65,1.51));
#10066 = CIRCLE('',#10067,0.875);
#10067 = AXIS2_PLACEMENT_3D('',#10068,#10069,#10070);
#10068 = CARTESIAN_POINT('',(321.185,-159.775,1.51));
#10069 = DIRECTION('',(-0.,0.,-1.));
#10070 = DIRECTION('',(-0.,-1.,0.));
#10071 = FACE_BOUND('',#10072,.T.);
#10072 = EDGE_LOOP('',(#10073));
#10073 = ORIENTED_EDGE('',*,*,#10074,.T.);
#10074 = EDGE_CURVE('',#10075,#10075,#10077,.T.);
#10075 = VERTEX_POINT('',#10076);
#10076 = CARTESIAN_POINT('',(322.455,-158.735,1.51));
#10077 = CIRCLE('',#10078,1.5);
#10078 = AXIS2_PLACEMENT_3D('',#10079,#10080,#10081);
#10079 = CARTESIAN_POINT('',(322.455,-157.235,1.51));
#10080 = DIRECTION('',(-0.,0.,-1.));
#10081 = DIRECTION('',(-0.,-1.,0.));
#10082 = FACE_BOUND('',#10083,.T.);
#10083 = EDGE_LOOP('',(#10084));
#10084 = ORIENTED_EDGE('',*,*,#10085,.T.);
#10085 = EDGE_CURVE('',#10086,#10086,#10088,.T.);
#10086 = VERTEX_POINT('',#10087);
#10087 = CARTESIAN_POINT('',(326.265,-161.7689,1.51));
#10088 = CIRCLE('',#10089,1.9939);
#10089 = AXIS2_PLACEMENT_3D('',#10090,#10091,#10092);
#10090 = CARTESIAN_POINT('',(326.265,-159.775,1.51));
#10091 = DIRECTION('',(-0.,0.,-1.));
#10092 = DIRECTION('',(-0.,-1.,0.));
#10093 = FACE_BOUND('',#10094,.T.);
#10094 = EDGE_LOOP('',(#10095));
#10095 = ORIENTED_EDGE('',*,*,#10096,.T.);
#10096 = EDGE_CURVE('',#10097,#10097,#10099,.T.);
#10097 = VERTEX_POINT('',#10098);
#10098 = CARTESIAN_POINT('',(331.345,-160.65,1.51));
#10099 = CIRCLE('',#10100,0.875);
#10100 = AXIS2_PLACEMENT_3D('',#10101,#10102,#10103);
#10101 = CARTESIAN_POINT('',(331.345,-159.775,1.51));
#10102 = DIRECTION('',(-0.,0.,-1.));
#10103 = DIRECTION('',(-0.,-1.,0.));
#10104 = FACE_BOUND('',#10105,.T.);
#10105 = EDGE_LOOP('',(#10106));
#10106 = ORIENTED_EDGE('',*,*,#10107,.T.);
#10107 = EDGE_CURVE('',#10108,#10108,#10110,.T.);
#10108 = VERTEX_POINT('',#10109);
#10109 = CARTESIAN_POINT('',(335.7875,-160.975,1.51));
#10110 = CIRCLE('',#10111,0.4);
#10111 = AXIS2_PLACEMENT_3D('',#10112,#10113,#10114);
#10112 = CARTESIAN_POINT('',(335.7875,-160.575,1.51));
#10113 = DIRECTION('',(-0.,0.,-1.));
#10114 = DIRECTION('',(-0.,-1.,0.));
#10115 = FACE_BOUND('',#10116,.T.);
#10116 = EDGE_LOOP('',(#10117));
#10117 = ORIENTED_EDGE('',*,*,#10118,.T.);
#10118 = EDGE_CURVE('',#10119,#10119,#10121,.T.);
#10119 = VERTEX_POINT('',#10120);
#10120 = CARTESIAN_POINT('',(309.755,-156.195,1.51));
#10121 = CIRCLE('',#10122,1.5);
#10122 = AXIS2_PLACEMENT_3D('',#10123,#10124,#10125);
#10123 = CARTESIAN_POINT('',(309.755,-154.695,1.51));
#10124 = DIRECTION('',(-0.,0.,-1.));
#10125 = DIRECTION('',(-0.,-1.,0.));
#10126 = FACE_BOUND('',#10127,.T.);
#10127 = EDGE_LOOP('',(#10128));
#10128 = ORIENTED_EDGE('',*,*,#10129,.T.);
#10129 = EDGE_CURVE('',#10130,#10130,#10132,.T.);
#10130 = VERTEX_POINT('',#10131);
#10131 = CARTESIAN_POINT('',(311.9775,-149.535,1.51));
#10132 = CIRCLE('',#10133,0.4);
#10133 = AXIS2_PLACEMENT_3D('',#10134,#10135,#10136);
#10134 = CARTESIAN_POINT('',(311.9775,-149.135,1.51));
#10135 = DIRECTION('',(-0.,0.,-1.));
#10136 = DIRECTION('',(1.42108547152E-13,-1.,-0.));
#10137 = FACE_BOUND('',#10138,.T.);
#10138 = EDGE_LOOP('',(#10139));
#10139 = ORIENTED_EDGE('',*,*,#10140,.T.);
#10140 = EDGE_CURVE('',#10141,#10141,#10143,.T.);
#10141 = VERTEX_POINT('',#10142);
#10142 = CARTESIAN_POINT('',(328.805,-156.195,1.51));
#10143 = CIRCLE('',#10144,1.5);
#10144 = AXIS2_PLACEMENT_3D('',#10145,#10146,#10147);
#10145 = CARTESIAN_POINT('',(328.805,-154.695,1.51));
#10146 = DIRECTION('',(-0.,0.,-1.));
#10147 = DIRECTION('',(-0.,-1.,0.));
#10148 = FACE_BOUND('',#10149,.T.);
#10149 = EDGE_LOOP('',(#10150));
#10150 = ORIENTED_EDGE('',*,*,#10151,.T.);
#10151 = EDGE_CURVE('',#10152,#10152,#10154,.T.);
#10152 = VERTEX_POINT('',#10153);
#10153 = CARTESIAN_POINT('',(331.0275,-149.535,1.51));
#10154 = CIRCLE('',#10155,0.4);
#10155 = AXIS2_PLACEMENT_3D('',#10156,#10157,#10158);
#10156 = CARTESIAN_POINT('',(331.0275,-149.135,1.51));
#10157 = DIRECTION('',(-0.,0.,-1.));
#10158 = DIRECTION('',(-1.42108547152E-13,-1.,0.));
#10159 = FACE_BOUND('',#10160,.T.);
#10160 = EDGE_LOOP('',(#10161));
#10161 = ORIENTED_EDGE('',*,*,#10162,.T.);
#10162 = EDGE_CURVE('',#10163,#10163,#10165,.T.);
#10163 = VERTEX_POINT('',#10164);
#10164 = CARTESIAN_POINT('',(352.14125,-160.65,1.51));
#10165 = CIRCLE('',#10166,0.875);
#10166 = AXIS2_PLACEMENT_3D('',#10167,#10168,#10169);
#10167 = CARTESIAN_POINT('',(352.14125,-159.775,1.51));
#10168 = DIRECTION('',(-0.,0.,-1.));
#10169 = DIRECTION('',(-0.,-1.,0.));
#10170 = FACE_BOUND('',#10171,.T.);
#10171 = EDGE_LOOP('',(#10172));
#10172 = ORIENTED_EDGE('',*,*,#10173,.T.);
#10173 = EDGE_CURVE('',#10174,#10174,#10176,.T.);
#10174 = VERTEX_POINT('',#10175);
#10175 = CARTESIAN_POINT('',(357.22125,-161.7689,1.51));
#10176 = CIRCLE('',#10177,1.9939);
#10177 = AXIS2_PLACEMENT_3D('',#10178,#10179,#10180);
#10178 = CARTESIAN_POINT('',(357.22125,-159.775,1.51));
#10179 = DIRECTION('',(-0.,0.,-1.));
#10180 = DIRECTION('',(-0.,-1.,0.));
#10181 = FACE_BOUND('',#10182,.T.);
#10182 = EDGE_LOOP('',(#10183));
#10183 = ORIENTED_EDGE('',*,*,#10184,.T.);
#10184 = EDGE_CURVE('',#10185,#10185,#10187,.T.);
#10185 = VERTEX_POINT('',#10186);
#10186 = CARTESIAN_POINT('',(353.41125,-158.735,1.51));
#10187 = CIRCLE('',#10188,1.5);
#10188 = AXIS2_PLACEMENT_3D('',#10189,#10190,#10191);
#10189 = CARTESIAN_POINT('',(353.41125,-157.235,1.51));
#10190 = DIRECTION('',(-0.,0.,-1.));
#10191 = DIRECTION('',(-0.,-1.,0.));
#10192 = FACE_BOUND('',#10193,.T.);
#10193 = EDGE_LOOP('',(#10194));
#10194 = ORIENTED_EDGE('',*,*,#10195,.T.);
#10195 = EDGE_CURVE('',#10196,#10196,#10198,.T.);
#10196 = VERTEX_POINT('',#10197);
#10197 = CARTESIAN_POINT('',(362.30125,-160.65,1.51));
#10198 = CIRCLE('',#10199,0.875);
#10199 = AXIS2_PLACEMENT_3D('',#10200,#10201,#10202);
#10200 = CARTESIAN_POINT('',(362.30125,-159.775,1.51));
#10201 = DIRECTION('',(-0.,0.,-1.));
#10202 = DIRECTION('',(-0.,-1.,0.));
#10203 = FACE_BOUND('',#10204,.T.);
#10204 = EDGE_LOOP('',(#10205));
#10205 = ORIENTED_EDGE('',*,*,#10206,.T.);
#10206 = EDGE_CURVE('',#10207,#10207,#10209,.T.);
#10207 = VERTEX_POINT('',#10208);
#10208 = CARTESIAN_POINT('',(373.41875,-160.975,1.51));
#10209 = CIRCLE('',#10210,0.4);
#10210 = AXIS2_PLACEMENT_3D('',#10211,#10212,#10213);
#10211 = CARTESIAN_POINT('',(373.41875,-160.575,1.51));
#10212 = DIRECTION('',(-0.,0.,-1.));
#10213 = DIRECTION('',(-1.42108547152E-13,-1.,0.));
#10214 = FACE_BOUND('',#10215,.T.);
#10215 = EDGE_LOOP('',(#10216));
#10216 = ORIENTED_EDGE('',*,*,#10217,.T.);
#10217 = EDGE_CURVE('',#10218,#10218,#10220,.T.);
#10218 = VERTEX_POINT('',#10219);
#10219 = CARTESIAN_POINT('',(345.315,-154.314,1.51));
#10220 = CIRCLE('',#10221,1.524);
#10221 = AXIS2_PLACEMENT_3D('',#10222,#10223,#10224);
#10222 = CARTESIAN_POINT('',(345.315,-152.79,1.51));
#10223 = DIRECTION('',(-0.,0.,-1.));
#10224 = DIRECTION('',(-0.,-1.,0.));
#10225 = FACE_BOUND('',#10226,.T.);
#10226 = EDGE_LOOP('',(#10227));
#10227 = ORIENTED_EDGE('',*,*,#10228,.T.);
#10228 = EDGE_CURVE('',#10229,#10229,#10231,.T.);
#10229 = VERTEX_POINT('',#10230);
#10230 = CARTESIAN_POINT('',(350.0775,-149.535,1.51));
#10231 = CIRCLE('',#10232,0.4);
#10232 = AXIS2_PLACEMENT_3D('',#10233,#10234,#10235);
#10233 = CARTESIAN_POINT('',(350.0775,-149.135,1.51));
#10234 = DIRECTION('',(-0.,0.,-1.));
#10235 = DIRECTION('',(-0.,-1.,0.));
#10236 = FACE_BOUND('',#10237,.T.);
#10237 = EDGE_LOOP('',(#10238));
#10238 = ORIENTED_EDGE('',*,*,#10239,.T.);
#10239 = EDGE_CURVE('',#10240,#10240,#10242,.T.);
#10240 = VERTEX_POINT('',#10241);
#10241 = CARTESIAN_POINT('',(359.76125,-156.195,1.51));
#10242 = CIRCLE('',#10243,1.5);
#10243 = AXIS2_PLACEMENT_3D('',#10244,#10245,#10246);
#10244 = CARTESIAN_POINT('',(359.76125,-154.695,1.51));
#10245 = DIRECTION('',(-0.,0.,-1.));
#10246 = DIRECTION('',(-0.,-1.,0.));
#10247 = FACE_BOUND('',#10248,.T.);
#10248 = EDGE_LOOP('',(#10249));
#10249 = ORIENTED_EDGE('',*,*,#10250,.T.);
#10250 = EDGE_CURVE('',#10251,#10251,#10253,.T.);
#10251 = VERTEX_POINT('',#10252);
#10252 = CARTESIAN_POINT('',(369.1275,-154.314,1.51));
#10253 = CIRCLE('',#10254,1.524);
#10254 = AXIS2_PLACEMENT_3D('',#10255,#10256,#10257);
#10255 = CARTESIAN_POINT('',(369.1275,-152.79,1.51));
#10256 = DIRECTION('',(-0.,0.,-1.));
#10257 = DIRECTION('',(-0.,-1.,0.));
#10258 = FACE_BOUND('',#10259,.T.);
#10259 = EDGE_LOOP('',(#10260));
#10260 = ORIENTED_EDGE('',*,*,#10261,.T.);
#10261 = EDGE_CURVE('',#10262,#10262,#10264,.T.);
#10262 = VERTEX_POINT('',#10263);
#10263 = CARTESIAN_POINT('',(373.89,-149.535,1.51));
#10264 = CIRCLE('',#10265,0.4);
#10265 = AXIS2_PLACEMENT_3D('',#10266,#10267,#10268);
#10266 = CARTESIAN_POINT('',(373.89,-149.135,1.51));
#10267 = DIRECTION('',(-0.,0.,-1.));
#10268 = DIRECTION('',(-0.,-1.,0.));
#10269 = FACE_BOUND('',#10270,.T.);
#10270 = EDGE_LOOP('',(#10271));
#10271 = ORIENTED_EDGE('',*,*,#10272,.T.);
#10272 = EDGE_CURVE('',#10273,#10273,#10275,.T.);
#10273 = VERTEX_POINT('',#10274);
#10274 = CARTESIAN_POINT('',(311.9775,-141.915,1.51));
#10275 = CIRCLE('',#10276,0.4);
#10276 = AXIS2_PLACEMENT_3D('',#10277,#10278,#10279);
#10277 = CARTESIAN_POINT('',(311.9775,-141.515,1.51));
#10278 = DIRECTION('',(-0.,0.,-1.));
#10279 = DIRECTION('',(1.42108547152E-13,-1.,-0.));
#10280 = FACE_BOUND('',#10281,.T.);
#10281 = EDGE_LOOP('',(#10282));
#10282 = ORIENTED_EDGE('',*,*,#10283,.T.);
#10283 = EDGE_CURVE('',#10284,#10284,#10286,.T.);
#10284 = VERTEX_POINT('',#10285);
#10285 = CARTESIAN_POINT('',(307.5325,-141.6,1.51));
#10286 = CIRCLE('',#10287,0.875);
#10287 = AXIS2_PLACEMENT_3D('',#10288,#10289,#10290);
#10288 = CARTESIAN_POINT('',(307.5325,-140.725,1.51));
#10289 = DIRECTION('',(-0.,0.,-1.));
#10290 = DIRECTION('',(-0.,-1.,0.));
#10291 = FACE_BOUND('',#10292,.T.);
#10292 = EDGE_LOOP('',(#10293));
#10293 = ORIENTED_EDGE('',*,*,#10294,.T.);
#10294 = EDGE_CURVE('',#10295,#10295,#10297,.T.);
#10295 = VERTEX_POINT('',#10296);
#10296 = CARTESIAN_POINT('',(316.4225,-141.6,1.51));
#10297 = CIRCLE('',#10298,0.875);
#10298 = AXIS2_PLACEMENT_3D('',#10299,#10300,#10301);
#10299 = CARTESIAN_POINT('',(316.4225,-140.725,1.51));
#10300 = DIRECTION('',(-0.,0.,-1.));
#10301 = DIRECTION('',(-0.,-1.,0.));
#10302 = FACE_BOUND('',#10303,.T.);
#10303 = EDGE_LOOP('',(#10304));
#10304 = ORIENTED_EDGE('',*,*,#10305,.T.);
#10305 = EDGE_CURVE('',#10306,#10306,#10308,.T.);
#10306 = VERTEX_POINT('',#10307);
#10307 = CARTESIAN_POINT('',(321.5025,-142.7189,1.51));
#10308 = CIRCLE('',#10309,1.9939);
#10309 = AXIS2_PLACEMENT_3D('',#10310,#10311,#10312);
#10310 = CARTESIAN_POINT('',(321.5025,-140.725,1.51));
#10311 = DIRECTION('',(-0.,0.,-1.));
#10312 = DIRECTION('',(-0.,-1.,0.));
#10313 = FACE_BOUND('',#10314,.T.);
#10314 = EDGE_LOOP('',(#10315));
#10315 = ORIENTED_EDGE('',*,*,#10316,.T.);
#10316 = EDGE_CURVE('',#10317,#10317,#10319,.T.);
#10317 = VERTEX_POINT('',#10318);
#10318 = CARTESIAN_POINT('',(317.6925,-139.685,1.51));
#10319 = CIRCLE('',#10320,1.5);
#10320 = AXIS2_PLACEMENT_3D('',#10321,#10322,#10323);
#10321 = CARTESIAN_POINT('',(317.6925,-138.185,1.51));
#10322 = DIRECTION('',(-0.,0.,-1.));
#10323 = DIRECTION('',(-0.,-1.,0.));
#10324 = FACE_BOUND('',#10325,.T.);
#10325 = EDGE_LOOP('',(#10326));
#10326 = ORIENTED_EDGE('',*,*,#10327,.T.);
#10327 = EDGE_CURVE('',#10328,#10328,#10330,.T.);
#10328 = VERTEX_POINT('',#10329);
#10329 = CARTESIAN_POINT('',(331.0275,-141.915,1.51));
#10330 = CIRCLE('',#10331,0.4);
#10331 = AXIS2_PLACEMENT_3D('',#10332,#10333,#10334);
#10332 = CARTESIAN_POINT('',(331.0275,-141.515,1.51));
#10333 = DIRECTION('',(-0.,0.,-1.));
#10334 = DIRECTION('',(-1.42108547152E-13,-1.,0.));
#10335 = FACE_BOUND('',#10336,.T.);
#10336 = EDGE_LOOP('',(#10337));
#10337 = ORIENTED_EDGE('',*,*,#10338,.T.);
#10338 = EDGE_CURVE('',#10339,#10339,#10341,.T.);
#10339 = VERTEX_POINT('',#10340);
#10340 = CARTESIAN_POINT('',(326.5825,-141.6,1.51));
#10341 = CIRCLE('',#10342,0.875);
#10342 = AXIS2_PLACEMENT_3D('',#10343,#10344,#10345);
#10343 = CARTESIAN_POINT('',(326.5825,-140.725,1.51));
#10344 = DIRECTION('',(-0.,0.,-1.));
#10345 = DIRECTION('',(-0.,-1.,0.));
#10346 = FACE_BOUND('',#10347,.T.);
#10347 = EDGE_LOOP('',(#10348));
#10348 = ORIENTED_EDGE('',*,*,#10349,.T.);
#10349 = EDGE_CURVE('',#10350,#10350,#10352,.T.);
#10350 = VERTEX_POINT('',#10351);
#10351 = CARTESIAN_POINT('',(335.4725,-141.6,1.51));
#10352 = CIRCLE('',#10353,0.875);
#10353 = AXIS2_PLACEMENT_3D('',#10354,#10355,#10356);
#10354 = CARTESIAN_POINT('',(335.4725,-140.725,1.51));
#10355 = DIRECTION('',(-0.,0.,-1.));
#10356 = DIRECTION('',(-0.,-1.,0.));
#10357 = FACE_BOUND('',#10358,.T.);
#10358 = EDGE_LOOP('',(#10359));
#10359 = ORIENTED_EDGE('',*,*,#10360,.T.);
#10360 = EDGE_CURVE('',#10361,#10361,#10363,.T.);
#10361 = VERTEX_POINT('',#10362);
#10362 = CARTESIAN_POINT('',(340.5525,-142.7189,1.51));
#10363 = CIRCLE('',#10364,1.9939);
#10364 = AXIS2_PLACEMENT_3D('',#10365,#10366,#10367);
#10365 = CARTESIAN_POINT('',(340.5525,-140.725,1.51));
#10366 = DIRECTION('',(-0.,0.,-1.));
#10367 = DIRECTION('',(-0.,-1.,0.));
#10368 = FACE_BOUND('',#10369,.T.);
#10369 = EDGE_LOOP('',(#10370));
#10370 = ORIENTED_EDGE('',*,*,#10371,.T.);
#10371 = EDGE_CURVE('',#10372,#10372,#10374,.T.);
#10372 = VERTEX_POINT('',#10373);
#10373 = CARTESIAN_POINT('',(336.7425,-139.685,1.51));
#10374 = CIRCLE('',#10375,1.5);
#10375 = AXIS2_PLACEMENT_3D('',#10376,#10377,#10378);
#10376 = CARTESIAN_POINT('',(336.7425,-138.185,1.51));
#10377 = DIRECTION('',(-0.,0.,-1.));
#10378 = DIRECTION('',(-0.,-1.,0.));
#10379 = FACE_BOUND('',#10380,.T.);
#10380 = EDGE_LOOP('',(#10381));
#10381 = ORIENTED_EDGE('',*,*,#10382,.T.);
#10382 = EDGE_CURVE('',#10383,#10383,#10385,.T.);
#10383 = VERTEX_POINT('',#10384);
#10384 = CARTESIAN_POINT('',(350.0775,-141.915,1.51));
#10385 = CIRCLE('',#10386,0.4);
#10386 = AXIS2_PLACEMENT_3D('',#10387,#10388,#10389);
#10387 = CARTESIAN_POINT('',(350.0775,-141.515,1.51));
#10388 = DIRECTION('',(-0.,0.,-1.));
#10389 = DIRECTION('',(-0.,-1.,0.));
#10390 = FACE_BOUND('',#10391,.T.);
#10391 = EDGE_LOOP('',(#10392));
#10392 = ORIENTED_EDGE('',*,*,#10393,.T.);
#10393 = EDGE_CURVE('',#10394,#10394,#10396,.T.);
#10394 = VERTEX_POINT('',#10395);
#10395 = CARTESIAN_POINT('',(345.6325,-141.6,1.51));
#10396 = CIRCLE('',#10397,0.875);
#10397 = AXIS2_PLACEMENT_3D('',#10398,#10399,#10400);
#10398 = CARTESIAN_POINT('',(345.6325,-140.725,1.51));
#10399 = DIRECTION('',(-0.,0.,-1.));
#10400 = DIRECTION('',(-0.,-1.,0.));
#10401 = FACE_BOUND('',#10402,.T.);
#10402 = EDGE_LOOP('',(#10403));
#10403 = ORIENTED_EDGE('',*,*,#10404,.T.);
#10404 = EDGE_CURVE('',#10405,#10405,#10407,.T.);
#10405 = VERTEX_POINT('',#10406);
#10406 = CARTESIAN_POINT('',(359.285,-141.6,1.51));
#10407 = CIRCLE('',#10408,0.875);
#10408 = AXIS2_PLACEMENT_3D('',#10409,#10410,#10411);
#10409 = CARTESIAN_POINT('',(359.285,-140.725,1.51));
#10410 = DIRECTION('',(-0.,0.,-1.));
#10411 = DIRECTION('',(-0.,-1.,0.));
#10412 = FACE_BOUND('',#10413,.T.);
#10413 = EDGE_LOOP('',(#10414));
#10414 = ORIENTED_EDGE('',*,*,#10415,.T.);
#10415 = EDGE_CURVE('',#10416,#10416,#10418,.T.);
#10416 = VERTEX_POINT('',#10417);
#10417 = CARTESIAN_POINT('',(351.918,-138.436,1.51));
#10418 = CIRCLE('',#10419,1.35);
#10419 = AXIS2_PLACEMENT_3D('',#10420,#10421,#10422);
#10420 = CARTESIAN_POINT('',(351.918,-137.086,1.51));
#10421 = DIRECTION('',(-0.,0.,-1.));
#10422 = DIRECTION('',(-0.,-1.,0.));
#10423 = FACE_BOUND('',#10424,.T.);
#10424 = EDGE_LOOP('',(#10425));
#10425 = ORIENTED_EDGE('',*,*,#10426,.T.);
#10426 = EDGE_CURVE('',#10427,#10427,#10429,.T.);
#10427 = VERTEX_POINT('',#10428);
#10428 = CARTESIAN_POINT('',(364.365,-142.7189,1.51));
#10429 = CIRCLE('',#10430,1.9939);
#10430 = AXIS2_PLACEMENT_3D('',#10431,#10432,#10433);
#10431 = CARTESIAN_POINT('',(364.365,-140.725,1.51));
#10432 = DIRECTION('',(-0.,0.,-1.));
#10433 = DIRECTION('',(-0.,-1.,0.));
#10434 = FACE_BOUND('',#10435,.T.);
#10435 = EDGE_LOOP('',(#10436));
#10436 = ORIENTED_EDGE('',*,*,#10437,.T.);
#10437 = EDGE_CURVE('',#10438,#10438,#10440,.T.);
#10438 = VERTEX_POINT('',#10439);
#10439 = CARTESIAN_POINT('',(373.89,-141.915,1.51));
#10440 = CIRCLE('',#10441,0.4);
#10441 = AXIS2_PLACEMENT_3D('',#10442,#10443,#10444);
#10442 = CARTESIAN_POINT('',(373.89,-141.515,1.51));
#10443 = DIRECTION('',(-0.,0.,-1.));
#10444 = DIRECTION('',(-0.,-1.,0.));
#10445 = FACE_BOUND('',#10446,.T.);
#10446 = EDGE_LOOP('',(#10447));
#10447 = ORIENTED_EDGE('',*,*,#10448,.T.);
#10448 = EDGE_CURVE('',#10449,#10449,#10451,.T.);
#10449 = VERTEX_POINT('',#10450);
#10450 = CARTESIAN_POINT('',(369.445,-141.6,1.51));
#10451 = CIRCLE('',#10452,0.875);
#10452 = AXIS2_PLACEMENT_3D('',#10453,#10454,#10455);
#10453 = CARTESIAN_POINT('',(369.445,-140.725,1.51));
#10454 = DIRECTION('',(-0.,0.,-1.));
#10455 = DIRECTION('',(-0.,-1.,0.));
#10456 = FACE_BOUND('',#10457,.T.);
#10457 = EDGE_LOOP('',(#10458));
#10458 = ORIENTED_EDGE('',*,*,#10459,.T.);
#10459 = EDGE_CURVE('',#10460,#10460,#10462,.T.);
#10460 = VERTEX_POINT('',#10461);
#10461 = CARTESIAN_POINT('',(360.555,-139.685,1.51));
#10462 = CIRCLE('',#10463,1.5);
#10463 = AXIS2_PLACEMENT_3D('',#10464,#10465,#10466);
#10464 = CARTESIAN_POINT('',(360.555,-138.185,1.51));
#10465 = DIRECTION('',(-0.,0.,-1.));
#10466 = DIRECTION('',(-0.,-1.,0.));
#10467 = FACE_BOUND('',#10468,.T.);
#10468 = EDGE_LOOP('',(#10469));
#10469 = ORIENTED_EDGE('',*,*,#10470,.T.);
#10470 = EDGE_CURVE('',#10471,#10471,#10473,.T.);
#10471 = VERTEX_POINT('',#10472);
#10472 = CARTESIAN_POINT('',(247.8425,-137.145,1.51));
#10473 = CIRCLE('',#10474,1.5);
#10474 = AXIS2_PLACEMENT_3D('',#10475,#10476,#10477);
#10475 = CARTESIAN_POINT('',(247.8425,-135.645,1.51));
#10476 = DIRECTION('',(-0.,0.,-1.));
#10477 = DIRECTION('',(-0.,-1.,0.));
#10478 = FACE_BOUND('',#10479,.T.);
#10479 = EDGE_LOOP('',(#10480));
#10480 = ORIENTED_EDGE('',*,*,#10481,.T.);
#10481 = EDGE_CURVE('',#10482,#10482,#10484,.T.);
#10482 = VERTEX_POINT('',#10483);
#10483 = CARTESIAN_POINT('',(266.8925,-137.145,1.51));
#10484 = CIRCLE('',#10485,1.5);
#10485 = AXIS2_PLACEMENT_3D('',#10486,#10487,#10488);
#10486 = CARTESIAN_POINT('',(266.8925,-135.645,1.51));
#10487 = DIRECTION('',(-0.,0.,-1.));
#10488 = DIRECTION('',(-0.,-1.,0.));
#10489 = FACE_BOUND('',#10490,.T.);
#10490 = EDGE_LOOP('',(#10491));
#10491 = ORIENTED_EDGE('',*,*,#10492,.T.);
#10492 = EDGE_CURVE('',#10493,#10493,#10495,.T.);
#10493 = VERTEX_POINT('',#10494);
#10494 = CARTESIAN_POINT('',(245.2975,-130.485,1.51));
#10495 = CIRCLE('',#10496,0.4);
#10496 = AXIS2_PLACEMENT_3D('',#10497,#10498,#10499);
#10497 = CARTESIAN_POINT('',(245.2975,-130.085,1.51));
#10498 = DIRECTION('',(-0.,0.,-1.));
#10499 = DIRECTION('',(-0.,-1.,0.));
#10500 = FACE_BOUND('',#10501,.T.);
#10501 = EDGE_LOOP('',(#10502));
#10502 = ORIENTED_EDGE('',*,*,#10503,.T.);
#10503 = EDGE_CURVE('',#10504,#10504,#10506,.T.);
#10504 = VERTEX_POINT('',#10505);
#10505 = CARTESIAN_POINT('',(264.3475,-130.485,1.51));
#10506 = CIRCLE('',#10507,0.4);
#10507 = AXIS2_PLACEMENT_3D('',#10508,#10509,#10510);
#10508 = CARTESIAN_POINT('',(264.3475,-130.085,1.51));
#10509 = DIRECTION('',(-0.,0.,-1.));
#10510 = DIRECTION('',(1.42108547152E-13,-1.,-0.));
#10511 = FACE_BOUND('',#10512,.T.);
#10512 = EDGE_LOOP('',(#10513));
#10513 = ORIENTED_EDGE('',*,*,#10514,.T.);
#10514 = EDGE_CURVE('',#10515,#10515,#10517,.T.);
#10515 = VERTEX_POINT('',#10516);
#10516 = CARTESIAN_POINT('',(285.9425,-137.145,1.51));
#10517 = CIRCLE('',#10518,1.5);
#10518 = AXIS2_PLACEMENT_3D('',#10519,#10520,#10521);
#10519 = CARTESIAN_POINT('',(285.9425,-135.645,1.51));
#10520 = DIRECTION('',(-0.,0.,-1.));
#10521 = DIRECTION('',(-0.,-1.,0.));
#10522 = FACE_BOUND('',#10523,.T.);
#10523 = EDGE_LOOP('',(#10524));
#10524 = ORIENTED_EDGE('',*,*,#10525,.T.);
#10525 = EDGE_CURVE('',#10526,#10526,#10528,.T.);
#10526 = VERTEX_POINT('',#10527);
#10527 = CARTESIAN_POINT('',(304.9925,-137.145,1.51));
#10528 = CIRCLE('',#10529,1.5);
#10529 = AXIS2_PLACEMENT_3D('',#10530,#10531,#10532);
#10530 = CARTESIAN_POINT('',(304.9925,-135.645,1.51));
#10531 = DIRECTION('',(-0.,0.,-1.));
#10532 = DIRECTION('',(-0.,-1.,0.));
#10533 = FACE_BOUND('',#10534,.T.);
#10534 = EDGE_LOOP('',(#10535));
#10535 = ORIENTED_EDGE('',*,*,#10536,.T.);
#10536 = EDGE_CURVE('',#10537,#10537,#10539,.T.);
#10537 = VERTEX_POINT('',#10538);
#10538 = CARTESIAN_POINT('',(283.3975,-130.485,1.51));
#10539 = CIRCLE('',#10540,0.4);
#10540 = AXIS2_PLACEMENT_3D('',#10541,#10542,#10543);
#10541 = CARTESIAN_POINT('',(283.3975,-130.085,1.51));
#10542 = DIRECTION('',(-0.,0.,-1.));
#10543 = DIRECTION('',(-1.42108547152E-13,-1.,0.));
#10544 = FACE_BOUND('',#10545,.T.);
#10545 = EDGE_LOOP('',(#10546));
#10546 = ORIENTED_EDGE('',*,*,#10547,.T.);
#10547 = EDGE_CURVE('',#10548,#10548,#10550,.T.);
#10548 = VERTEX_POINT('',#10549);
#10549 = CARTESIAN_POINT('',(302.4475,-130.485,1.51));
#10550 = CIRCLE('',#10551,0.4);
#10551 = AXIS2_PLACEMENT_3D('',#10552,#10553,#10554);
#10552 = CARTESIAN_POINT('',(302.4475,-130.085,1.51));
#10553 = DIRECTION('',(-0.,0.,-1.));
#10554 = DIRECTION('',(-0.,-1.,0.));
#10555 = FACE_BOUND('',#10556,.T.);
#10556 = EDGE_LOOP('',(#10557));
#10557 = ORIENTED_EDGE('',*,*,#10558,.T.);
#10558 = EDGE_CURVE('',#10559,#10559,#10561,.T.);
#10559 = VERTEX_POINT('',#10560);
#10560 = CARTESIAN_POINT('',(245.2975,-122.865,1.51));
#10561 = CIRCLE('',#10562,0.4);
#10562 = AXIS2_PLACEMENT_3D('',#10563,#10564,#10565);
#10563 = CARTESIAN_POINT('',(245.2975,-122.465,1.51));
#10564 = DIRECTION('',(-0.,0.,-1.));
#10565 = DIRECTION('',(-0.,-1.,0.));
#10566 = FACE_BOUND('',#10567,.T.);
#10567 = EDGE_LOOP('',(#10568));
#10568 = ORIENTED_EDGE('',*,*,#10569,.T.);
#10569 = EDGE_CURVE('',#10570,#10570,#10572,.T.);
#10570 = VERTEX_POINT('',#10571);
#10571 = CARTESIAN_POINT('',(240.8575,-122.55,1.51));
#10572 = CIRCLE('',#10573,0.875);
#10573 = AXIS2_PLACEMENT_3D('',#10574,#10575,#10576);
#10574 = CARTESIAN_POINT('',(240.8575,-121.675,1.51));
#10575 = DIRECTION('',(-0.,0.,-1.));
#10576 = DIRECTION('',(-0.,-1.,0.));
#10577 = FACE_BOUND('',#10578,.T.);
#10578 = EDGE_LOOP('',(#10579));
#10579 = ORIENTED_EDGE('',*,*,#10580,.T.);
#10580 = EDGE_CURVE('',#10581,#10581,#10583,.T.);
#10581 = VERTEX_POINT('',#10582);
#10582 = CARTESIAN_POINT('',(249.7475,-122.55,1.51));
#10583 = CIRCLE('',#10584,0.875);
#10584 = AXIS2_PLACEMENT_3D('',#10585,#10586,#10587);
#10585 = CARTESIAN_POINT('',(249.7475,-121.675,1.51));
#10586 = DIRECTION('',(-0.,0.,-1.));
#10587 = DIRECTION('',(-0.,-1.,0.));
#10588 = FACE_BOUND('',#10589,.T.);
#10589 = EDGE_LOOP('',(#10590));
#10590 = ORIENTED_EDGE('',*,*,#10591,.T.);
#10591 = EDGE_CURVE('',#10592,#10592,#10594,.T.);
#10592 = VERTEX_POINT('',#10593);
#10593 = CARTESIAN_POINT('',(251.0175,-120.635,1.51));
#10594 = CIRCLE('',#10595,1.5);
#10595 = AXIS2_PLACEMENT_3D('',#10596,#10597,#10598);
#10596 = CARTESIAN_POINT('',(251.0175,-119.135,1.51));
#10597 = DIRECTION('',(-0.,0.,-1.));
#10598 = DIRECTION('',(-0.,-1.,0.));
#10599 = FACE_BOUND('',#10600,.T.);
#10600 = EDGE_LOOP('',(#10601));
#10601 = ORIENTED_EDGE('',*,*,#10602,.T.);
#10602 = EDGE_CURVE('',#10603,#10603,#10605,.T.);
#10603 = VERTEX_POINT('',#10604);
#10604 = CARTESIAN_POINT('',(264.3475,-122.865,1.51));
#10605 = CIRCLE('',#10606,0.4);
#10606 = AXIS2_PLACEMENT_3D('',#10607,#10608,#10609);
#10607 = CARTESIAN_POINT('',(264.3475,-122.465,1.51));
#10608 = DIRECTION('',(-0.,0.,-1.));
#10609 = DIRECTION('',(1.42108547152E-13,-1.,-0.));
#10610 = FACE_BOUND('',#10611,.T.);
#10611 = EDGE_LOOP('',(#10612));
#10612 = ORIENTED_EDGE('',*,*,#10613,.T.);
#10613 = EDGE_CURVE('',#10614,#10614,#10616,.T.);
#10614 = VERTEX_POINT('',#10615);
#10615 = CARTESIAN_POINT('',(254.8275,-123.6689,1.51));
#10616 = CIRCLE('',#10617,1.9939);
#10617 = AXIS2_PLACEMENT_3D('',#10618,#10619,#10620);
#10618 = CARTESIAN_POINT('',(254.8275,-121.675,1.51));
#10619 = DIRECTION('',(-0.,0.,-1.));
#10620 = DIRECTION('',(-0.,-1.,0.));
#10621 = FACE_BOUND('',#10622,.T.);
#10622 = EDGE_LOOP('',(#10623));
#10623 = ORIENTED_EDGE('',*,*,#10624,.T.);
#10624 = EDGE_CURVE('',#10625,#10625,#10627,.T.);
#10625 = VERTEX_POINT('',#10626);
#10626 = CARTESIAN_POINT('',(259.9075,-122.55,1.51));
#10627 = CIRCLE('',#10628,0.875);
#10628 = AXIS2_PLACEMENT_3D('',#10629,#10630,#10631);
#10629 = CARTESIAN_POINT('',(259.9075,-121.675,1.51));
#10630 = DIRECTION('',(-0.,0.,-1.));
#10631 = DIRECTION('',(-0.,-1.,0.));
#10632 = FACE_BOUND('',#10633,.T.);
#10633 = EDGE_LOOP('',(#10634));
#10634 = ORIENTED_EDGE('',*,*,#10635,.T.);
#10635 = EDGE_CURVE('',#10636,#10636,#10638,.T.);
#10636 = VERTEX_POINT('',#10637);
#10637 = CARTESIAN_POINT('',(268.7975,-122.55,1.51));
#10638 = CIRCLE('',#10639,0.875);
#10639 = AXIS2_PLACEMENT_3D('',#10640,#10641,#10642);
#10640 = CARTESIAN_POINT('',(268.7975,-121.675,1.51));
#10641 = DIRECTION('',(-0.,0.,-1.));
#10642 = DIRECTION('',(-0.,-1.,0.));
#10643 = FACE_BOUND('',#10644,.T.);
#10644 = EDGE_LOOP('',(#10645));
#10645 = ORIENTED_EDGE('',*,*,#10646,.T.);
#10646 = EDGE_CURVE('',#10647,#10647,#10649,.T.);
#10647 = VERTEX_POINT('',#10648);
#10648 = CARTESIAN_POINT('',(270.0675,-120.635,1.51));
#10649 = CIRCLE('',#10650,1.5);
#10650 = AXIS2_PLACEMENT_3D('',#10651,#10652,#10653);
#10651 = CARTESIAN_POINT('',(270.0675,-119.135,1.51));
#10652 = DIRECTION('',(-0.,0.,-1.));
#10653 = DIRECTION('',(-0.,-1.,0.));
#10654 = FACE_BOUND('',#10655,.T.);
#10655 = EDGE_LOOP('',(#10656));
#10656 = ORIENTED_EDGE('',*,*,#10657,.T.);
#10657 = EDGE_CURVE('',#10658,#10658,#10660,.T.);
#10658 = VERTEX_POINT('',#10659);
#10659 = CARTESIAN_POINT('',(238.3175,-118.095,1.51));
#10660 = CIRCLE('',#10661,1.5);
#10661 = AXIS2_PLACEMENT_3D('',#10662,#10663,#10664);
#10662 = CARTESIAN_POINT('',(238.3175,-116.595,1.51));
#10663 = DIRECTION('',(-0.,0.,-1.));
#10664 = DIRECTION('',(-0.,-1.,0.));
#10665 = FACE_BOUND('',#10666,.T.);
#10666 = EDGE_LOOP('',(#10667));
#10667 = ORIENTED_EDGE('',*,*,#10668,.T.);
#10668 = EDGE_CURVE('',#10669,#10669,#10671,.T.);
#10669 = VERTEX_POINT('',#10670);
#10670 = CARTESIAN_POINT('',(257.3675,-118.095,1.51));
#10671 = CIRCLE('',#10672,1.5);
#10672 = AXIS2_PLACEMENT_3D('',#10673,#10674,#10675);
#10673 = CARTESIAN_POINT('',(257.3675,-116.595,1.51));
#10674 = DIRECTION('',(-0.,0.,-1.));
#10675 = DIRECTION('',(-0.,-1.,0.));
#10676 = FACE_BOUND('',#10677,.T.);
#10677 = EDGE_LOOP('',(#10678));
#10678 = ORIENTED_EDGE('',*,*,#10679,.T.);
#10679 = EDGE_CURVE('',#10680,#10680,#10682,.T.);
#10680 = VERTEX_POINT('',#10681);
#10681 = CARTESIAN_POINT('',(283.3975,-122.865,1.51));
#10682 = CIRCLE('',#10683,0.4);
#10683 = AXIS2_PLACEMENT_3D('',#10684,#10685,#10686);
#10684 = CARTESIAN_POINT('',(283.3975,-122.465,1.51));
#10685 = DIRECTION('',(-0.,0.,-1.));
#10686 = DIRECTION('',(-1.42108547152E-13,-1.,0.));
#10687 = FACE_BOUND('',#10688,.T.);
#10688 = EDGE_LOOP('',(#10689));
#10689 = ORIENTED_EDGE('',*,*,#10690,.T.);
#10690 = EDGE_CURVE('',#10691,#10691,#10693,.T.);
#10691 = VERTEX_POINT('',#10692);
#10692 = CARTESIAN_POINT('',(273.8775,-123.6689,1.51));
#10693 = CIRCLE('',#10694,1.9939);
#10694 = AXIS2_PLACEMENT_3D('',#10695,#10696,#10697);
#10695 = CARTESIAN_POINT('',(273.8775,-121.675,1.51));
#10696 = DIRECTION('',(-0.,0.,-1.));
#10697 = DIRECTION('',(-0.,-1.,0.));
#10698 = FACE_BOUND('',#10699,.T.);
#10699 = EDGE_LOOP('',(#10700));
#10700 = ORIENTED_EDGE('',*,*,#10701,.T.);
#10701 = EDGE_CURVE('',#10702,#10702,#10704,.T.);
#10702 = VERTEX_POINT('',#10703);
#10703 = CARTESIAN_POINT('',(278.9575,-122.55,1.51));
#10704 = CIRCLE('',#10705,0.875);
#10705 = AXIS2_PLACEMENT_3D('',#10706,#10707,#10708);
#10706 = CARTESIAN_POINT('',(278.9575,-121.675,1.51));
#10707 = DIRECTION('',(-0.,0.,-1.));
#10708 = DIRECTION('',(-0.,-1.,0.));
#10709 = FACE_BOUND('',#10710,.T.);
#10710 = EDGE_LOOP('',(#10711));
#10711 = ORIENTED_EDGE('',*,*,#10712,.T.);
#10712 = EDGE_CURVE('',#10713,#10713,#10715,.T.);
#10713 = VERTEX_POINT('',#10714);
#10714 = CARTESIAN_POINT('',(287.8475,-122.55,1.51));
#10715 = CIRCLE('',#10716,0.875);
#10716 = AXIS2_PLACEMENT_3D('',#10717,#10718,#10719);
#10717 = CARTESIAN_POINT('',(287.8475,-121.675,1.51));
#10718 = DIRECTION('',(-0.,0.,-1.));
#10719 = DIRECTION('',(-0.,-1.,0.));
#10720 = FACE_BOUND('',#10721,.T.);
#10721 = EDGE_LOOP('',(#10722));
#10722 = ORIENTED_EDGE('',*,*,#10723,.T.);
#10723 = EDGE_CURVE('',#10724,#10724,#10726,.T.);
#10724 = VERTEX_POINT('',#10725);
#10725 = CARTESIAN_POINT('',(289.1175,-120.635,1.51));
#10726 = CIRCLE('',#10727,1.5);
#10727 = AXIS2_PLACEMENT_3D('',#10728,#10729,#10730);
#10728 = CARTESIAN_POINT('',(289.1175,-119.135,1.51));
#10729 = DIRECTION('',(-0.,0.,-1.));
#10730 = DIRECTION('',(-0.,-1.,0.));
#10731 = FACE_BOUND('',#10732,.T.);
#10732 = EDGE_LOOP('',(#10733));
#10733 = ORIENTED_EDGE('',*,*,#10734,.T.);
#10734 = EDGE_CURVE('',#10735,#10735,#10737,.T.);
#10735 = VERTEX_POINT('',#10736);
#10736 = CARTESIAN_POINT('',(302.4475,-122.865,1.51));
#10737 = CIRCLE('',#10738,0.4);
#10738 = AXIS2_PLACEMENT_3D('',#10739,#10740,#10741);
#10739 = CARTESIAN_POINT('',(302.4475,-122.465,1.51));
#10740 = DIRECTION('',(-0.,0.,-1.));
#10741 = DIRECTION('',(-0.,-1.,0.));
#10742 = FACE_BOUND('',#10743,.T.);
#10743 = EDGE_LOOP('',(#10744));
#10744 = ORIENTED_EDGE('',*,*,#10745,.T.);
#10745 = EDGE_CURVE('',#10746,#10746,#10748,.T.);
#10746 = VERTEX_POINT('',#10747);
#10747 = CARTESIAN_POINT('',(292.9275,-123.6689,1.51));
#10748 = CIRCLE('',#10749,1.9939);
#10749 = AXIS2_PLACEMENT_3D('',#10750,#10751,#10752);
#10750 = CARTESIAN_POINT('',(292.9275,-121.675,1.51));
#10751 = DIRECTION('',(-0.,0.,-1.));
#10752 = DIRECTION('',(-0.,-1.,0.));
#10753 = FACE_BOUND('',#10754,.T.);
#10754 = EDGE_LOOP('',(#10755));
#10755 = ORIENTED_EDGE('',*,*,#10756,.T.);
#10756 = EDGE_CURVE('',#10757,#10757,#10759,.T.);
#10757 = VERTEX_POINT('',#10758);
#10758 = CARTESIAN_POINT('',(298.0075,-122.55,1.51));
#10759 = CIRCLE('',#10760,0.875);
#10760 = AXIS2_PLACEMENT_3D('',#10761,#10762,#10763);
#10761 = CARTESIAN_POINT('',(298.0075,-121.675,1.51));
#10762 = DIRECTION('',(-0.,0.,-1.));
#10763 = DIRECTION('',(-0.,-1.,0.));
#10764 = FACE_BOUND('',#10765,.T.);
#10765 = EDGE_LOOP('',(#10766));
#10766 = ORIENTED_EDGE('',*,*,#10767,.T.);
#10767 = EDGE_CURVE('',#10768,#10768,#10770,.T.);
#10768 = VERTEX_POINT('',#10769);
#10769 = CARTESIAN_POINT('',(306.8975,-122.55,1.51));
#10770 = CIRCLE('',#10771,0.875);
#10771 = AXIS2_PLACEMENT_3D('',#10772,#10773,#10774);
#10772 = CARTESIAN_POINT('',(306.8975,-121.675,1.51));
#10773 = DIRECTION('',(-0.,0.,-1.));
#10774 = DIRECTION('',(-0.,-1.,0.));
#10775 = FACE_BOUND('',#10776,.T.);
#10776 = EDGE_LOOP('',(#10777));
#10777 = ORIENTED_EDGE('',*,*,#10778,.T.);
#10778 = EDGE_CURVE('',#10779,#10779,#10781,.T.);
#10779 = VERTEX_POINT('',#10780);
#10780 = CARTESIAN_POINT('',(276.4175,-118.095,1.51));
#10781 = CIRCLE('',#10782,1.5);
#10782 = AXIS2_PLACEMENT_3D('',#10783,#10784,#10785);
#10783 = CARTESIAN_POINT('',(276.4175,-116.595,1.51));
#10784 = DIRECTION('',(-0.,0.,-1.));
#10785 = DIRECTION('',(-0.,-1.,0.));
#10786 = FACE_BOUND('',#10787,.T.);
#10787 = EDGE_LOOP('',(#10788));
#10788 = ORIENTED_EDGE('',*,*,#10789,.T.);
#10789 = EDGE_CURVE('',#10790,#10790,#10792,.T.);
#10790 = VERTEX_POINT('',#10791);
#10791 = CARTESIAN_POINT('',(295.4675,-118.095,1.51));
#10792 = CIRCLE('',#10793,1.5);
#10793 = AXIS2_PLACEMENT_3D('',#10794,#10795,#10796);
#10794 = CARTESIAN_POINT('',(295.4675,-116.595,1.51));
#10795 = DIRECTION('',(-0.,0.,-1.));
#10796 = DIRECTION('',(-0.,-1.,0.));
#10797 = FACE_BOUND('',#10798,.T.);
#10798 = EDGE_LOOP('',(#10799));
#10799 = ORIENTED_EDGE('',*,*,#10800,.T.);
#10800 = EDGE_CURVE('',#10801,#10801,#10803,.T.);
#10801 = VERTEX_POINT('',#10802);
#10802 = CARTESIAN_POINT('',(324.0425,-137.145,1.51));
#10803 = CIRCLE('',#10804,1.5);
#10804 = AXIS2_PLACEMENT_3D('',#10805,#10806,#10807);
#10805 = CARTESIAN_POINT('',(324.0425,-135.645,1.51));
#10806 = DIRECTION('',(-0.,0.,-1.));
#10807 = DIRECTION('',(-0.,-1.,0.));
#10808 = FACE_BOUND('',#10809,.T.);
#10809 = EDGE_LOOP('',(#10810));
#10810 = ORIENTED_EDGE('',*,*,#10811,.T.);
#10811 = EDGE_CURVE('',#10812,#10812,#10814,.T.);
#10812 = VERTEX_POINT('',#10813);
#10813 = CARTESIAN_POINT('',(321.4975,-130.485,1.51));
#10814 = CIRCLE('',#10815,0.4);
#10815 = AXIS2_PLACEMENT_3D('',#10816,#10817,#10818);
#10816 = CARTESIAN_POINT('',(321.4975,-130.085,1.51));
#10817 = DIRECTION('',(-0.,0.,-1.));
#10818 = DIRECTION('',(-0.,-1.,0.));
#10819 = FACE_BOUND('',#10820,.T.);
#10820 = EDGE_LOOP('',(#10821));
#10821 = ORIENTED_EDGE('',*,*,#10822,.T.);
#10822 = EDGE_CURVE('',#10823,#10823,#10825,.T.);
#10823 = VERTEX_POINT('',#10824);
#10824 = CARTESIAN_POINT('',(340.5475,-130.485,1.51));
#10825 = CIRCLE('',#10826,0.4);
#10826 = AXIS2_PLACEMENT_3D('',#10827,#10828,#10829);
#10827 = CARTESIAN_POINT('',(340.5475,-130.085,1.51));
#10828 = DIRECTION('',(-0.,0.,-1.));
#10829 = DIRECTION('',(-0.,-1.,0.));
#10830 = FACE_BOUND('',#10831,.T.);
#10831 = EDGE_LOOP('',(#10832));
#10832 = ORIENTED_EDGE('',*,*,#10833,.T.);
#10833 = EDGE_CURVE('',#10834,#10834,#10836,.T.);
#10834 = VERTEX_POINT('',#10835);
#10835 = CARTESIAN_POINT('',(343.0925,-137.145,1.51));
#10836 = CIRCLE('',#10837,1.5);
#10837 = AXIS2_PLACEMENT_3D('',#10838,#10839,#10840);
#10838 = CARTESIAN_POINT('',(343.0925,-135.645,1.51));
#10839 = DIRECTION('',(-0.,0.,-1.));
#10840 = DIRECTION('',(-0.,-1.,0.));
#10841 = FACE_BOUND('',#10842,.T.);
#10842 = EDGE_LOOP('',(#10843));
#10843 = ORIENTED_EDGE('',*,*,#10844,.T.);
#10844 = EDGE_CURVE('',#10845,#10845,#10847,.T.);
#10845 = VERTEX_POINT('',#10846);
#10846 = CARTESIAN_POINT('',(366.905,-137.145,1.51));
#10847 = CIRCLE('',#10848,1.5);
#10848 = AXIS2_PLACEMENT_3D('',#10849,#10850,#10851);
#10849 = CARTESIAN_POINT('',(366.905,-135.645,1.51));
#10850 = DIRECTION('',(-0.,0.,-1.));
#10851 = DIRECTION('',(-0.,-1.,0.));
#10852 = FACE_BOUND('',#10853,.T.);
#10853 = EDGE_LOOP('',(#10854));
#10854 = ORIENTED_EDGE('',*,*,#10855,.T.);
#10855 = EDGE_CURVE('',#10856,#10856,#10858,.T.);
#10856 = VERTEX_POINT('',#10857);
#10857 = CARTESIAN_POINT('',(347.69625,-131.9239,1.51));
#10858 = CIRCLE('',#10859,1.9939);
#10859 = AXIS2_PLACEMENT_3D('',#10860,#10861,#10862);
#10860 = CARTESIAN_POINT('',(347.69625,-129.93,1.51));
#10861 = DIRECTION('',(-0.,0.,-1.));
#10862 = DIRECTION('',(-0.,-1.,0.));
#10863 = FACE_BOUND('',#10864,.T.);
#10864 = EDGE_LOOP('',(#10865));
#10865 = ORIENTED_EDGE('',*,*,#10866,.T.);
#10866 = EDGE_CURVE('',#10867,#10867,#10869,.T.);
#10867 = VERTEX_POINT('',#10868);
#10868 = CARTESIAN_POINT('',(371.50875,-131.9239,1.51));
#10869 = CIRCLE('',#10870,1.9939);
#10870 = AXIS2_PLACEMENT_3D('',#10871,#10872,#10873);
#10871 = CARTESIAN_POINT('',(371.50875,-129.93,1.51));
#10872 = DIRECTION('',(-0.,0.,-1.));
#10873 = DIRECTION('',(-0.,-1.,0.));
#10874 = FACE_BOUND('',#10875,.T.);
#10875 = EDGE_LOOP('',(#10876));
#10876 = ORIENTED_EDGE('',*,*,#10877,.T.);
#10877 = EDGE_CURVE('',#10878,#10878,#10880,.T.);
#10878 = VERTEX_POINT('',#10879);
#10879 = CARTESIAN_POINT('',(375.7975,-130.485,1.51));
#10880 = CIRCLE('',#10881,0.4);
#10881 = AXIS2_PLACEMENT_3D('',#10882,#10883,#10884);
#10882 = CARTESIAN_POINT('',(375.7975,-130.085,1.51));
#10883 = DIRECTION('',(-0.,0.,-1.));
#10884 = DIRECTION('',(-0.,-1.,0.));
#10885 = FACE_BOUND('',#10886,.T.);
#10886 = EDGE_LOOP('',(#10887));
#10887 = ORIENTED_EDGE('',*,*,#10888,.T.);
#10888 = EDGE_CURVE('',#10889,#10889,#10891,.T.);
#10889 = VERTEX_POINT('',#10890);
#10890 = CARTESIAN_POINT('',(321.4975,-122.865,1.51));
#10891 = CIRCLE('',#10892,0.4);
#10892 = AXIS2_PLACEMENT_3D('',#10893,#10894,#10895);
#10893 = CARTESIAN_POINT('',(321.4975,-122.465,1.51));
#10894 = DIRECTION('',(-0.,0.,-1.));
#10895 = DIRECTION('',(-0.,-1.,0.));
#10896 = FACE_BOUND('',#10897,.T.);
#10897 = EDGE_LOOP('',(#10898));
#10898 = ORIENTED_EDGE('',*,*,#10899,.T.);
#10899 = EDGE_CURVE('',#10900,#10900,#10902,.T.);
#10900 = VERTEX_POINT('',#10901);
#10901 = CARTESIAN_POINT('',(311.9775,-123.6689,1.51));
#10902 = CIRCLE('',#10903,1.9939);
#10903 = AXIS2_PLACEMENT_3D('',#10904,#10905,#10906);
#10904 = CARTESIAN_POINT('',(311.9775,-121.675,1.51));
#10905 = DIRECTION('',(-0.,0.,-1.));
#10906 = DIRECTION('',(-0.,-1.,0.));
#10907 = FACE_BOUND('',#10908,.T.);
#10908 = EDGE_LOOP('',(#10909));
#10909 = ORIENTED_EDGE('',*,*,#10910,.T.);
#10910 = EDGE_CURVE('',#10911,#10911,#10913,.T.);
#10911 = VERTEX_POINT('',#10912);
#10912 = CARTESIAN_POINT('',(308.1675,-120.635,1.51));
#10913 = CIRCLE('',#10914,1.5);
#10914 = AXIS2_PLACEMENT_3D('',#10915,#10916,#10917);
#10915 = CARTESIAN_POINT('',(308.1675,-119.135,1.51));
#10916 = DIRECTION('',(-0.,0.,-1.));
#10917 = DIRECTION('',(-0.,-1.,0.));
#10918 = FACE_BOUND('',#10919,.T.);
#10919 = EDGE_LOOP('',(#10920));
#10920 = ORIENTED_EDGE('',*,*,#10921,.T.);
#10921 = EDGE_CURVE('',#10922,#10922,#10924,.T.);
#10922 = VERTEX_POINT('',#10923);
#10923 = CARTESIAN_POINT('',(317.0575,-122.55,1.51));
#10924 = CIRCLE('',#10925,0.875);
#10925 = AXIS2_PLACEMENT_3D('',#10926,#10927,#10928);
#10926 = CARTESIAN_POINT('',(317.0575,-121.675,1.51));
#10927 = DIRECTION('',(-0.,0.,-1.));
#10928 = DIRECTION('',(-0.,-1.,0.));
#10929 = FACE_BOUND('',#10930,.T.);
#10930 = EDGE_LOOP('',(#10931));
#10931 = ORIENTED_EDGE('',*,*,#10932,.T.);
#10932 = EDGE_CURVE('',#10933,#10933,#10935,.T.);
#10933 = VERTEX_POINT('',#10934);
#10934 = CARTESIAN_POINT('',(340.5475,-122.865,1.51));
#10935 = CIRCLE('',#10936,0.4);
#10936 = AXIS2_PLACEMENT_3D('',#10937,#10938,#10939);
#10937 = CARTESIAN_POINT('',(340.5475,-122.465,1.51));
#10938 = DIRECTION('',(-0.,0.,-1.));
#10939 = DIRECTION('',(-0.,-1.,0.));
#10940 = FACE_BOUND('',#10941,.T.);
#10941 = EDGE_LOOP('',(#10942));
#10942 = ORIENTED_EDGE('',*,*,#10943,.T.);
#10943 = EDGE_CURVE('',#10944,#10944,#10946,.T.);
#10944 = VERTEX_POINT('',#10945);
#10945 = CARTESIAN_POINT('',(325.9475,-122.55,1.51));
#10946 = CIRCLE('',#10947,0.875);
#10947 = AXIS2_PLACEMENT_3D('',#10948,#10949,#10950);
#10948 = CARTESIAN_POINT('',(325.9475,-121.675,1.51));
#10949 = DIRECTION('',(-0.,0.,-1.));
#10950 = DIRECTION('',(-0.,-1.,0.));
#10951 = FACE_BOUND('',#10952,.T.);
#10952 = EDGE_LOOP('',(#10953));
#10953 = ORIENTED_EDGE('',*,*,#10954,.T.);
#10954 = EDGE_CURVE('',#10955,#10955,#10957,.T.);
#10955 = VERTEX_POINT('',#10956);
#10956 = CARTESIAN_POINT('',(331.0275,-123.6689,1.51));
#10957 = CIRCLE('',#10958,1.9939);
#10958 = AXIS2_PLACEMENT_3D('',#10959,#10960,#10961);
#10959 = CARTESIAN_POINT('',(331.0275,-121.675,1.51));
#10960 = DIRECTION('',(-0.,0.,-1.));
#10961 = DIRECTION('',(-2.850866084598E-14,-1.,0.));
#10962 = FACE_BOUND('',#10963,.T.);
#10963 = EDGE_LOOP('',(#10964));
#10964 = ORIENTED_EDGE('',*,*,#10965,.T.);
#10965 = EDGE_CURVE('',#10966,#10966,#10968,.T.);
#10966 = VERTEX_POINT('',#10967);
#10967 = CARTESIAN_POINT('',(327.2175,-120.635,1.51));
#10968 = CIRCLE('',#10969,1.5);
#10969 = AXIS2_PLACEMENT_3D('',#10970,#10971,#10972);
#10970 = CARTESIAN_POINT('',(327.2175,-119.135,1.51));
#10971 = DIRECTION('',(-0.,0.,-1.));
#10972 = DIRECTION('',(-0.,-1.,0.));
#10973 = FACE_BOUND('',#10974,.T.);
#10974 = EDGE_LOOP('',(#10975));
#10975 = ORIENTED_EDGE('',*,*,#10976,.T.);
#10976 = EDGE_CURVE('',#10977,#10977,#10979,.T.);
#10977 = VERTEX_POINT('',#10978);
#10978 = CARTESIAN_POINT('',(336.1075,-122.55,1.51));
#10979 = CIRCLE('',#10980,0.875);
#10980 = AXIS2_PLACEMENT_3D('',#10981,#10982,#10983);
#10981 = CARTESIAN_POINT('',(336.1075,-121.675,1.51));
#10982 = DIRECTION('',(-0.,0.,-1.));
#10983 = DIRECTION('',(-0.,-1.,0.));
#10984 = FACE_BOUND('',#10985,.T.);
#10985 = EDGE_LOOP('',(#10986));
#10986 = ORIENTED_EDGE('',*,*,#10987,.T.);
#10987 = EDGE_CURVE('',#10988,#10988,#10990,.T.);
#10988 = VERTEX_POINT('',#10989);
#10989 = CARTESIAN_POINT('',(314.5175,-118.095,1.51));
#10990 = CIRCLE('',#10991,1.5);
#10991 = AXIS2_PLACEMENT_3D('',#10992,#10993,#10994);
#10992 = CARTESIAN_POINT('',(314.5175,-116.595,1.51));
#10993 = DIRECTION('',(-0.,0.,-1.));
#10994 = DIRECTION('',(-0.,-1.,0.));
#10995 = FACE_BOUND('',#10996,.T.);
#10996 = EDGE_LOOP('',(#10997));
#10997 = ORIENTED_EDGE('',*,*,#10998,.T.);
#10998 = EDGE_CURVE('',#10999,#10999,#11001,.T.);
#10999 = VERTEX_POINT('',#11000);
#11000 = CARTESIAN_POINT('',(333.5675,-118.095,1.51));
#11001 = CIRCLE('',#11002,1.5);
#11002 = AXIS2_PLACEMENT_3D('',#11003,#11004,#11005);
#11003 = CARTESIAN_POINT('',(333.5675,-116.595,1.51));
#11004 = DIRECTION('',(-0.,0.,-1.));
#11005 = DIRECTION('',(-0.,-1.,0.));
#11006 = FACE_BOUND('',#11007,.T.);
#11007 = EDGE_LOOP('',(#11008));
#11008 = ORIENTED_EDGE('',*,*,#11009,.T.);
#11009 = EDGE_CURVE('',#11010,#11010,#11012,.T.);
#11010 = VERTEX_POINT('',#11011);
#11011 = CARTESIAN_POINT('',(354.5225,-122.55,1.51));
#11012 = CIRCLE('',#11013,0.875);
#11013 = AXIS2_PLACEMENT_3D('',#11014,#11015,#11016);
#11014 = CARTESIAN_POINT('',(354.5225,-121.675,1.51));
#11015 = DIRECTION('',(-0.,0.,-1.));
#11016 = DIRECTION('',(-0.,-1.,0.));
#11017 = FACE_BOUND('',#11018,.T.);
#11018 = EDGE_LOOP('',(#11019));
#11019 = ORIENTED_EDGE('',*,*,#11020,.T.);
#11020 = EDGE_CURVE('',#11021,#11021,#11023,.T.);
#11021 = VERTEX_POINT('',#11022);
#11022 = CARTESIAN_POINT('',(355.7925,-120.635,1.51));
#11023 = CIRCLE('',#11024,1.5);
#11024 = AXIS2_PLACEMENT_3D('',#11025,#11026,#11027);
#11025 = CARTESIAN_POINT('',(355.7925,-119.135,1.51));
#11026 = DIRECTION('',(-0.,0.,-1.));
#11027 = DIRECTION('',(-0.,-1.,0.));
#11028 = FACE_BOUND('',#11029,.T.);
#11029 = EDGE_LOOP('',(#11030));
#11030 = ORIENTED_EDGE('',*,*,#11031,.T.);
#11031 = EDGE_CURVE('',#11032,#11032,#11034,.T.);
#11032 = VERTEX_POINT('',#11033);
#11033 = CARTESIAN_POINT('',(375.7975,-122.865,1.51));
#11034 = CIRCLE('',#11035,0.4);
#11035 = AXIS2_PLACEMENT_3D('',#11036,#11037,#11038);
#11036 = CARTESIAN_POINT('',(375.7975,-122.465,1.51));
#11037 = DIRECTION('',(-0.,0.,-1.));
#11038 = DIRECTION('',(-0.,-1.,0.));
#11039 = FACE_BOUND('',#11040,.T.);
#11040 = EDGE_LOOP('',(#11041));
#11041 = ORIENTED_EDGE('',*,*,#11042,.T.);
#11042 = EDGE_CURVE('',#11043,#11043,#11045,.T.);
#11043 = VERTEX_POINT('',#11044);
#11044 = CARTESIAN_POINT('',(359.6025,-123.6689,1.51));
#11045 = CIRCLE('',#11046,1.9939);
#11046 = AXIS2_PLACEMENT_3D('',#11047,#11048,#11049);
#11047 = CARTESIAN_POINT('',(359.6025,-121.675,1.51));
#11048 = DIRECTION('',(-0.,0.,-1.));
#11049 = DIRECTION('',(-0.,-1.,0.));
#11050 = FACE_BOUND('',#11051,.T.);
#11051 = EDGE_LOOP('',(#11052));
#11052 = ORIENTED_EDGE('',*,*,#11053,.T.);
#11053 = EDGE_CURVE('',#11054,#11054,#11056,.T.);
#11054 = VERTEX_POINT('',#11055);
#11055 = CARTESIAN_POINT('',(364.6825,-122.55,1.51));
#11056 = CIRCLE('',#11057,0.875);
#11057 = AXIS2_PLACEMENT_3D('',#11058,#11059,#11060);
#11058 = CARTESIAN_POINT('',(364.6825,-121.675,1.51));
#11059 = DIRECTION('',(-0.,0.,-1.));
#11060 = DIRECTION('',(-0.,-1.,0.));
#11061 = FACE_BOUND('',#11062,.T.);
#11062 = EDGE_LOOP('',(#11063));
#11063 = ORIENTED_EDGE('',*,*,#11064,.T.);
#11064 = EDGE_CURVE('',#11065,#11065,#11067,.T.);
#11065 = VERTEX_POINT('',#11066);
#11066 = CARTESIAN_POINT('',(347.69625,-116.214,1.51));
#11067 = CIRCLE('',#11068,1.524);
#11068 = AXIS2_PLACEMENT_3D('',#11069,#11070,#11071);
#11069 = CARTESIAN_POINT('',(347.69625,-114.69,1.51));
#11070 = DIRECTION('',(-0.,0.,-1.));
#11071 = DIRECTION('',(-0.,-1.,0.));
#11072 = FACE_BOUND('',#11073,.T.);
#11073 = EDGE_LOOP('',(#11074));
#11074 = ORIENTED_EDGE('',*,*,#11075,.T.);
#11075 = EDGE_CURVE('',#11076,#11076,#11078,.T.);
#11076 = VERTEX_POINT('',#11077);
#11077 = CARTESIAN_POINT('',(362.1425,-118.095,1.51));
#11078 = CIRCLE('',#11079,1.5);
#11079 = AXIS2_PLACEMENT_3D('',#11080,#11081,#11082);
#11080 = CARTESIAN_POINT('',(362.1425,-116.595,1.51));
#11081 = DIRECTION('',(-0.,0.,-1.));
#11082 = DIRECTION('',(-0.,-1.,0.));
#11083 = FACE_BOUND('',#11084,.T.);
#11084 = EDGE_LOOP('',(#11085));
#11085 = ORIENTED_EDGE('',*,*,#11086,.T.);
#11086 = EDGE_CURVE('',#11087,#11087,#11089,.T.);
#11087 = VERTEX_POINT('',#11088);
#11088 = CARTESIAN_POINT('',(371.50875,-116.214,1.51));
#11089 = CIRCLE('',#11090,1.524);
#11090 = AXIS2_PLACEMENT_3D('',#11091,#11092,#11093);
#11091 = CARTESIAN_POINT('',(371.50875,-114.69,1.51));
#11092 = DIRECTION('',(-0.,0.,-1.));
#11093 = DIRECTION('',(-0.,-1.,0.));
#11094 = PLANE('',#11095);
#11095 = AXIS2_PLACEMENT_3D('',#11096,#11097,#11098);
#11096 = CARTESIAN_POINT('',(0.,0.,1.51));
#11097 = DIRECTION('',(0.,0.,1.));
#11098 = DIRECTION('',(1.,0.,-0.));
#11099 = ADVANCED_FACE('',(#11100),#11111,.T.);
#11100 = FACE_BOUND('',#11101,.T.);
#11101 = EDGE_LOOP('',(#11102,#11108,#11109,#11110));
#11102 = ORIENTED_EDGE('',*,*,#11103,.T.);
#11103 = EDGE_CURVE('',#144,#5625,#11104,.T.);
#11104 = LINE('',#11105,#11106);
#11105 = CARTESIAN_POINT('',(369.744948,-109.1,0.));
#11106 = VECTOR('',#11107,1.);
#11107 = DIRECTION('',(0.,0.,1.));
#11108 = ORIENTED_EDGE('',*,*,#5624,.T.);
#11109 = ORIENTED_EDGE('',*,*,#79,.F.);
#11110 = ORIENTED_EDGE('',*,*,#143,.F.);
#11111 = PLANE('',#11112);
#11112 = AXIS2_PLACEMENT_3D('',#11113,#11114,#11115);
#11113 = CARTESIAN_POINT('',(369.744948,-109.1,0.));
#11114 = DIRECTION('',(0.,1.,0.));
#11115 = DIRECTION('',(1.,0.,0.));
#11116 = ADVANCED_FACE('',(#11117),#11128,.T.);
#11117 = FACE_BOUND('',#11118,.T.);
#11118 = EDGE_LOOP('',(#11119,#11120,#11121,#11127));
#11119 = ORIENTED_EDGE('',*,*,#119,.T.);
#11120 = ORIENTED_EDGE('',*,*,#5736,.T.);
#11121 = ORIENTED_EDGE('',*,*,#11122,.F.);
#11122 = EDGE_CURVE('',#248,#5729,#11123,.T.);
#11123 = LINE('',#11124,#11125);
#11124 = CARTESIAN_POINT('',(381.7025,-130.829988,0.));
#11125 = VECTOR('',#11126,1.);
#11126 = DIRECTION('',(0.,0.,1.));
#11127 = ORIENTED_EDGE('',*,*,#255,.F.);
#11128 = PLANE('',#11129);
#11129 = AXIS2_PLACEMENT_3D('',#11130,#11131,#11132);
#11130 = CARTESIAN_POINT('',(381.700948,-111.532552,0.));
#11131 = DIRECTION('',(0.999999996766,8.042519197807E-05,-0.));
#11132 = DIRECTION('',(8.042519197807E-05,-0.999999996766,0.));
#11133 = ADVANCED_FACE('',(#11134),#11145,.T.);
#11134 = FACE_BOUND('',#11135,.T.);
#11135 = EDGE_LOOP('',(#11136,#11142,#11143,#11144));
#11136 = ORIENTED_EDGE('',*,*,#11137,.T.);
#11137 = EDGE_CURVE('',#152,#5633,#11138,.T.);
#11138 = LINE('',#11139,#11140);
#11139 = CARTESIAN_POINT('',(92.285052,-109.1,0.));
#11140 = VECTOR('',#11141,1.);
#11141 = DIRECTION('',(0.,0.,1.));
#11142 = ORIENTED_EDGE('',*,*,#5632,.T.);
#11143 = ORIENTED_EDGE('',*,*,#11103,.F.);
#11144 = ORIENTED_EDGE('',*,*,#151,.F.);
#11145 = PLANE('',#11146);
#11146 = AXIS2_PLACEMENT_3D('',#11147,#11148,#11149);
#11147 = CARTESIAN_POINT('',(92.285052,-109.1,0.));
#11148 = DIRECTION('',(0.,1.,0.));
#11149 = DIRECTION('',(1.,0.,0.));
#11150 = ADVANCED_FACE('',(#11151),#11162,.T.);
#11151 = FACE_BOUND('',#11152,.T.);
#11152 = EDGE_LOOP('',(#11153,#11154,#11155,#11161));
#11153 = ORIENTED_EDGE('',*,*,#11122,.T.);
#11154 = ORIENTED_EDGE('',*,*,#5728,.T.);
#11155 = ORIENTED_EDGE('',*,*,#11156,.F.);
#11156 = EDGE_CURVE('',#240,#5721,#11157,.T.);
#11157 = LINE('',#11158,#11159);
#11158 = CARTESIAN_POINT('',(381.7025,-208.017448,0.));
#11159 = VECTOR('',#11160,1.);
#11160 = DIRECTION('',(0.,0.,1.));
#11161 = ORIENTED_EDGE('',*,*,#247,.F.);
#11162 = PLANE('',#11163);
#11163 = AXIS2_PLACEMENT_3D('',#11164,#11165,#11166);
#11164 = CARTESIAN_POINT('',(381.7025,-130.829988,0.));
#11165 = DIRECTION('',(1.,0.,-0.));
#11166 = DIRECTION('',(0.,-1.,0.));
#11167 = ADVANCED_FACE('',(#11168),#11179,.T.);
#11168 = FACE_BOUND('',#11169,.T.);
#11169 = EDGE_LOOP('',(#11170,#11176,#11177,#11178));
#11170 = ORIENTED_EDGE('',*,*,#11171,.T.);
#11171 = EDGE_CURVE('',#160,#5641,#11172,.T.);
#11172 = LINE('',#11173,#11174);
#11173 = CARTESIAN_POINT('',(91.182426,-109.556723,0.));
#11174 = VECTOR('',#11175,1.);
#11175 = DIRECTION('',(0.,0.,1.));
#11176 = ORIENTED_EDGE('',*,*,#5640,.T.);
#11177 = ORIENTED_EDGE('',*,*,#11137,.F.);
#11178 = ORIENTED_EDGE('',*,*,#159,.F.);
#11179 = PLANE('',#11180);
#11180 = AXIS2_PLACEMENT_3D('',#11181,#11182,#11183);
#11181 = CARTESIAN_POINT('',(91.182426,-109.556723,0.));
#11182 = DIRECTION('',(-0.382683687382,0.92387942688,0.));
#11183 = DIRECTION('',(0.92387942688,0.382683687382,0.));
#11184 = ADVANCED_FACE('',(#11185),#11196,.T.);
#11185 = FACE_BOUND('',#11186,.T.);
#11186 = EDGE_LOOP('',(#11187,#11188,#11189,#11195));
#11187 = ORIENTED_EDGE('',*,*,#11156,.T.);
#11188 = ORIENTED_EDGE('',*,*,#5720,.T.);
#11189 = ORIENTED_EDGE('',*,*,#11190,.F.);
#11190 = EDGE_CURVE('',#232,#5713,#11191,.T.);
#11191 = LINE('',#11192,#11193);
#11192 = CARTESIAN_POINT('',(381.245777,-209.120074,0.));
#11193 = VECTOR('',#11194,1.);
#11194 = DIRECTION('',(0.,0.,1.));
#11195 = ORIENTED_EDGE('',*,*,#239,.F.);
#11196 = PLANE('',#11197);
#11197 = AXIS2_PLACEMENT_3D('',#11198,#11199,#11200);
#11198 = CARTESIAN_POINT('',(381.7025,-208.017448,0.));
#11199 = DIRECTION('',(0.92387942688,-0.382683687382,0.));
#11200 = DIRECTION('',(-0.382683687382,-0.92387942688,0.));
#11201 = ADVANCED_FACE('',(#11202),#11213,.T.);
#11202 = FACE_BOUND('',#11203,.T.);
#11203 = EDGE_LOOP('',(#11204,#11210,#11211,#11212));
#11204 = ORIENTED_EDGE('',*,*,#11205,.T.);
#11205 = EDGE_CURVE('',#168,#5649,#11206,.T.);
#11206 = LINE('',#11207,#11208);
#11207 = CARTESIAN_POINT('',(90.309223,-110.429926,0.));
#11208 = VECTOR('',#11209,1.);
#11209 = DIRECTION('',(0.,0.,1.));
#11210 = ORIENTED_EDGE('',*,*,#5648,.T.);
#11211 = ORIENTED_EDGE('',*,*,#11171,.F.);
#11212 = ORIENTED_EDGE('',*,*,#167,.F.);
#11213 = PLANE('',#11214);
#11214 = AXIS2_PLACEMENT_3D('',#11215,#11216,#11217);
#11215 = CARTESIAN_POINT('',(90.309223,-110.429926,0.));
#11216 = DIRECTION('',(-0.707106781187,0.707106781187,0.));
#11217 = DIRECTION('',(0.707106781187,0.707106781187,0.));
#11218 = ADVANCED_FACE('',(#11219),#11230,.T.);
#11219 = FACE_BOUND('',#11220,.T.);
#11220 = EDGE_LOOP('',(#11221,#11222,#11223,#11229));
#11221 = ORIENTED_EDGE('',*,*,#11190,.T.);
#11222 = ORIENTED_EDGE('',*,*,#5712,.T.);
#11223 = ORIENTED_EDGE('',*,*,#11224,.F.);
#11224 = EDGE_CURVE('',#224,#5705,#11225,.T.);
#11225 = LINE('',#11226,#11227);
#11226 = CARTESIAN_POINT('',(380.372574,-209.993277,0.));
#11227 = VECTOR('',#11228,1.);
#11228 = DIRECTION('',(0.,0.,1.));
#11229 = ORIENTED_EDGE('',*,*,#231,.F.);
#11230 = PLANE('',#11231);
#11231 = AXIS2_PLACEMENT_3D('',#11232,#11233,#11234);
#11232 = CARTESIAN_POINT('',(381.245777,-209.120074,0.));
#11233 = DIRECTION('',(0.707106781187,-0.707106781187,0.));
#11234 = DIRECTION('',(-0.707106781187,-0.707106781187,0.));
#11235 = ADVANCED_FACE('',(#11236),#11247,.T.);
#11236 = FACE_BOUND('',#11237,.T.);
#11237 = EDGE_LOOP('',(#11238,#11244,#11245,#11246));
#11238 = ORIENTED_EDGE('',*,*,#11239,.T.);
#11239 = EDGE_CURVE('',#176,#5657,#11240,.T.);
#11240 = LINE('',#11241,#11242);
#11241 = CARTESIAN_POINT('',(89.8525,-111.532552,0.));
#11242 = VECTOR('',#11243,1.);
#11243 = DIRECTION('',(0.,0.,1.));
#11244 = ORIENTED_EDGE('',*,*,#5656,.T.);
#11245 = ORIENTED_EDGE('',*,*,#11205,.F.);
#11246 = ORIENTED_EDGE('',*,*,#175,.F.);
#11247 = PLANE('',#11248);
#11248 = AXIS2_PLACEMENT_3D('',#11249,#11250,#11251);
#11249 = CARTESIAN_POINT('',(89.8525,-111.532552,0.));
#11250 = DIRECTION('',(-0.92387942688,0.382683687382,0.));
#11251 = DIRECTION('',(0.382683687382,0.92387942688,0.));
#11252 = ADVANCED_FACE('',(#11253),#11264,.T.);
#11253 = FACE_BOUND('',#11254,.T.);
#11254 = EDGE_LOOP('',(#11255,#11256,#11257,#11263));
#11255 = ORIENTED_EDGE('',*,*,#11224,.T.);
#11256 = ORIENTED_EDGE('',*,*,#5704,.T.);
#11257 = ORIENTED_EDGE('',*,*,#11258,.F.);
#11258 = EDGE_CURVE('',#216,#5697,#11259,.T.);
#11259 = LINE('',#11260,#11261);
#11260 = CARTESIAN_POINT('',(379.269948,-210.45,0.));
#11261 = VECTOR('',#11262,1.);
#11262 = DIRECTION('',(0.,0.,1.));
#11263 = ORIENTED_EDGE('',*,*,#223,.F.);
#11264 = PLANE('',#11265);
#11265 = AXIS2_PLACEMENT_3D('',#11266,#11267,#11268);
#11266 = CARTESIAN_POINT('',(380.372574,-209.993277,0.));
#11267 = DIRECTION('',(0.382683687382,-0.92387942688,0.));
#11268 = DIRECTION('',(-0.92387942688,-0.382683687382,0.));
#11269 = ADVANCED_FACE('',(#11270),#11281,.T.);
#11270 = FACE_BOUND('',#11271,.T.);
#11271 = EDGE_LOOP('',(#11272,#11278,#11279,#11280));
#11272 = ORIENTED_EDGE('',*,*,#11273,.T.);
#11273 = EDGE_CURVE('',#184,#5665,#11274,.T.);
#11274 = LINE('',#11275,#11276);
#11275 = CARTESIAN_POINT('',(89.8525,-208.017448,0.));
#11276 = VECTOR('',#11277,1.);
#11277 = DIRECTION('',(0.,0.,1.));
#11278 = ORIENTED_EDGE('',*,*,#5664,.T.);
#11279 = ORIENTED_EDGE('',*,*,#11239,.F.);
#11280 = ORIENTED_EDGE('',*,*,#183,.F.);
#11281 = PLANE('',#11282);
#11282 = AXIS2_PLACEMENT_3D('',#11283,#11284,#11285);
#11283 = CARTESIAN_POINT('',(89.8525,-208.017448,0.));
#11284 = DIRECTION('',(-1.,0.,0.));
#11285 = DIRECTION('',(0.,1.,0.));
#11286 = ADVANCED_FACE('',(#11287),#11298,.T.);
#11287 = FACE_BOUND('',#11288,.T.);
#11288 = EDGE_LOOP('',(#11289,#11290,#11291,#11297));
#11289 = ORIENTED_EDGE('',*,*,#11258,.T.);
#11290 = ORIENTED_EDGE('',*,*,#5696,.T.);
#11291 = ORIENTED_EDGE('',*,*,#11292,.F.);
#11292 = EDGE_CURVE('',#208,#5689,#11293,.T.);
#11293 = LINE('',#11294,#11295);
#11294 = CARTESIAN_POINT('',(92.285052,-210.45,0.));
#11295 = VECTOR('',#11296,1.);
#11296 = DIRECTION('',(0.,0.,1.));
#11297 = ORIENTED_EDGE('',*,*,#215,.F.);
#11298 = PLANE('',#11299);
#11299 = AXIS2_PLACEMENT_3D('',#11300,#11301,#11302);
#11300 = CARTESIAN_POINT('',(379.269948,-210.45,0.));
#11301 = DIRECTION('',(0.,-1.,0.));
#11302 = DIRECTION('',(-1.,0.,0.));
#11303 = ADVANCED_FACE('',(#11304),#11315,.T.);
#11304 = FACE_BOUND('',#11305,.T.);
#11305 = EDGE_LOOP('',(#11306,#11312,#11313,#11314));
#11306 = ORIENTED_EDGE('',*,*,#11307,.T.);
#11307 = EDGE_CURVE('',#192,#5673,#11308,.T.);
#11308 = LINE('',#11309,#11310);
#11309 = CARTESIAN_POINT('',(90.309223,-209.120074,0.));
#11310 = VECTOR('',#11311,1.);
#11311 = DIRECTION('',(0.,0.,1.));
#11312 = ORIENTED_EDGE('',*,*,#5672,.T.);
#11313 = ORIENTED_EDGE('',*,*,#11273,.F.);
#11314 = ORIENTED_EDGE('',*,*,#191,.F.);
#11315 = PLANE('',#11316);
#11316 = AXIS2_PLACEMENT_3D('',#11317,#11318,#11319);
#11317 = CARTESIAN_POINT('',(90.309223,-209.120074,0.));
#11318 = DIRECTION('',(-0.92387942688,-0.382683687382,0.));
#11319 = DIRECTION('',(-0.382683687382,0.92387942688,0.));
#11320 = ADVANCED_FACE('',(#11321),#11332,.T.);
#11321 = FACE_BOUND('',#11322,.T.);
#11322 = EDGE_LOOP('',(#11323,#11324,#11325,#11331));
#11323 = ORIENTED_EDGE('',*,*,#11292,.T.);
#11324 = ORIENTED_EDGE('',*,*,#5688,.T.);
#11325 = ORIENTED_EDGE('',*,*,#11326,.F.);
#11326 = EDGE_CURVE('',#200,#5681,#11327,.T.);
#11327 = LINE('',#11328,#11329);
#11328 = CARTESIAN_POINT('',(91.182426,-209.993277,0.));
#11329 = VECTOR('',#11330,1.);
#11330 = DIRECTION('',(0.,0.,1.));
#11331 = ORIENTED_EDGE('',*,*,#207,.F.);
#11332 = PLANE('',#11333);
#11333 = AXIS2_PLACEMENT_3D('',#11334,#11335,#11336);
#11334 = CARTESIAN_POINT('',(92.285052,-210.45,0.));
#11335 = DIRECTION('',(-0.382683687382,-0.92387942688,0.));
#11336 = DIRECTION('',(-0.92387942688,0.382683687382,0.));
#11337 = ADVANCED_FACE('',(#11338),#11344,.T.);
#11338 = FACE_BOUND('',#11339,.T.);
#11339 = EDGE_LOOP('',(#11340,#11341,#11342,#11343));
#11340 = ORIENTED_EDGE('',*,*,#11326,.T.);
#11341 = ORIENTED_EDGE('',*,*,#5680,.T.);
#11342 = ORIENTED_EDGE('',*,*,#11307,.F.);
#11343 = ORIENTED_EDGE('',*,*,#199,.F.);
#11344 = PLANE('',#11345);
#11345 = AXIS2_PLACEMENT_3D('',#11346,#11347,#11348);
#11346 = CARTESIAN_POINT('',(91.182426,-209.993277,0.));
#11347 = DIRECTION('',(-0.707106781187,-0.707106781187,0.));
#11348 = DIRECTION('',(-0.707106781187,0.707106781187,0.));
#11349 = ADVANCED_FACE('',(#11350),#11361,.F.);
#11350 = FACE_BOUND('',#11351,.T.);
#11351 = EDGE_LOOP('',(#11352,#11353,#11359,#11360));
#11352 = ORIENTED_EDGE('',*,*,#264,.T.);
#11353 = ORIENTED_EDGE('',*,*,#11354,.T.);
#11354 = EDGE_CURVE('',#265,#5746,#11355,.T.);
#11355 = LINE('',#11356,#11357);
#11356 = CARTESIAN_POINT('',(116.7175,-206.635,-4.6E-02));
#11357 = VECTOR('',#11358,1.);
#11358 = DIRECTION('',(0.,0.,1.));
#11359 = ORIENTED_EDGE('',*,*,#5745,.F.);
#11360 = ORIENTED_EDGE('',*,*,#11354,.F.);
#11361 = CYLINDRICAL_SURFACE('',#11362,0.4);
#11362 = AXIS2_PLACEMENT_3D('',#11363,#11364,#11365);
#11363 = CARTESIAN_POINT('',(116.7175,-206.235,-4.6E-02));
#11364 = DIRECTION('',(-0.,-0.,-1.));
#11365 = DIRECTION('',(-0.,-1.,0.));
#11366 = ADVANCED_FACE('',(#11367),#11378,.F.);
#11367 = FACE_BOUND('',#11368,.T.);
#11368 = EDGE_LOOP('',(#11369,#11370,#11376,#11377));
#11369 = ORIENTED_EDGE('',*,*,#275,.T.);
#11370 = ORIENTED_EDGE('',*,*,#11371,.T.);
#11371 = EDGE_CURVE('',#276,#5757,#11372,.T.);
#11372 = LINE('',#11373,#11374);
#11373 = CARTESIAN_POINT('',(99.72875,-198.75,-4.6E-02));
#11374 = VECTOR('',#11375,1.);
#11375 = DIRECTION('',(0.,0.,1.));
#11376 = ORIENTED_EDGE('',*,*,#5756,.F.);
#11377 = ORIENTED_EDGE('',*,*,#11371,.F.);
#11378 = CYLINDRICAL_SURFACE('',#11379,0.875);
#11379 = AXIS2_PLACEMENT_3D('',#11380,#11381,#11382);
#11380 = CARTESIAN_POINT('',(99.72875,-197.875,-4.6E-02));
#11381 = DIRECTION('',(-0.,-0.,-1.));
#11382 = DIRECTION('',(-0.,-1.,0.));
#11383 = ADVANCED_FACE('',(#11384),#11395,.F.);
#11384 = FACE_BOUND('',#11385,.T.);
#11385 = EDGE_LOOP('',(#11386,#11387,#11393,#11394));
#11386 = ORIENTED_EDGE('',*,*,#286,.T.);
#11387 = ORIENTED_EDGE('',*,*,#11388,.T.);
#11388 = EDGE_CURVE('',#287,#5768,#11389,.T.);
#11389 = LINE('',#11390,#11391);
#11390 = CARTESIAN_POINT('',(104.80875,-199.8689,-4.6E-02));
#11391 = VECTOR('',#11392,1.);
#11392 = DIRECTION('',(0.,0.,1.));
#11393 = ORIENTED_EDGE('',*,*,#5767,.F.);
#11394 = ORIENTED_EDGE('',*,*,#11388,.F.);
#11395 = CYLINDRICAL_SURFACE('',#11396,1.9939);
#11396 = AXIS2_PLACEMENT_3D('',#11397,#11398,#11399);
#11397 = CARTESIAN_POINT('',(104.80875,-197.875,-4.6E-02));
#11398 = DIRECTION('',(-0.,-0.,-1.));
#11399 = DIRECTION('',(-0.,-1.,0.));
#11400 = ADVANCED_FACE('',(#11401),#11412,.F.);
#11401 = FACE_BOUND('',#11402,.T.);
#11402 = EDGE_LOOP('',(#11403,#11404,#11410,#11411));
#11403 = ORIENTED_EDGE('',*,*,#297,.T.);
#11404 = ORIENTED_EDGE('',*,*,#11405,.T.);
#11405 = EDGE_CURVE('',#298,#5779,#11406,.T.);
#11406 = LINE('',#11407,#11408);
#11407 = CARTESIAN_POINT('',(109.88875,-198.75,-4.6E-02));
#11408 = VECTOR('',#11409,1.);
#11409 = DIRECTION('',(0.,0.,1.));
#11410 = ORIENTED_EDGE('',*,*,#5778,.F.);
#11411 = ORIENTED_EDGE('',*,*,#11405,.F.);
#11412 = CYLINDRICAL_SURFACE('',#11413,0.875);
#11413 = AXIS2_PLACEMENT_3D('',#11414,#11415,#11416);
#11414 = CARTESIAN_POINT('',(109.88875,-197.875,-4.6E-02));
#11415 = DIRECTION('',(-0.,-0.,-1.));
#11416 = DIRECTION('',(-0.,-1.,0.));
#11417 = ADVANCED_FACE('',(#11418),#11429,.F.);
#11418 = FACE_BOUND('',#11419,.T.);
#11419 = EDGE_LOOP('',(#11420,#11421,#11427,#11428));
#11420 = ORIENTED_EDGE('',*,*,#308,.T.);
#11421 = ORIENTED_EDGE('',*,*,#11422,.T.);
#11422 = EDGE_CURVE('',#309,#5790,#11423,.T.);
#11423 = LINE('',#11424,#11425);
#11424 = CARTESIAN_POINT('',(116.7175,-199.015,-4.6E-02));
#11425 = VECTOR('',#11426,1.);
#11426 = DIRECTION('',(0.,0.,1.));
#11427 = ORIENTED_EDGE('',*,*,#5789,.F.);
#11428 = ORIENTED_EDGE('',*,*,#11422,.F.);
#11429 = CYLINDRICAL_SURFACE('',#11430,0.4);
#11430 = AXIS2_PLACEMENT_3D('',#11431,#11432,#11433);
#11431 = CARTESIAN_POINT('',(116.7175,-198.615,-4.6E-02));
#11432 = DIRECTION('',(-0.,-0.,-1.));
#11433 = DIRECTION('',(-0.,-1.,0.));
#11434 = ADVANCED_FACE('',(#11435),#11446,.F.);
#11435 = FACE_BOUND('',#11436,.T.);
#11436 = EDGE_LOOP('',(#11437,#11438,#11444,#11445));
#11437 = ORIENTED_EDGE('',*,*,#319,.T.);
#11438 = ORIENTED_EDGE('',*,*,#11439,.T.);
#11439 = EDGE_CURVE('',#320,#5801,#11440,.T.);
#11440 = LINE('',#11441,#11442);
#11441 = CARTESIAN_POINT('',(123.54125,-198.75,-4.6E-02));
#11442 = VECTOR('',#11443,1.);
#11443 = DIRECTION('',(0.,0.,1.));
#11444 = ORIENTED_EDGE('',*,*,#5800,.F.);
#11445 = ORIENTED_EDGE('',*,*,#11439,.F.);
#11446 = CYLINDRICAL_SURFACE('',#11447,0.875);
#11447 = AXIS2_PLACEMENT_3D('',#11448,#11449,#11450);
#11448 = CARTESIAN_POINT('',(123.54125,-197.875,-4.6E-02));
#11449 = DIRECTION('',(-0.,-0.,-1.));
#11450 = DIRECTION('',(-0.,-1.,0.));
#11451 = ADVANCED_FACE('',(#11452),#11463,.F.);
#11452 = FACE_BOUND('',#11453,.T.);
#11453 = EDGE_LOOP('',(#11454,#11455,#11461,#11462));
#11454 = ORIENTED_EDGE('',*,*,#330,.T.);
#11455 = ORIENTED_EDGE('',*,*,#11456,.T.);
#11456 = EDGE_CURVE('',#331,#5812,#11457,.T.);
#11457 = LINE('',#11458,#11459);
#11458 = CARTESIAN_POINT('',(128.62125,-199.8689,-4.6E-02));
#11459 = VECTOR('',#11460,1.);
#11460 = DIRECTION('',(0.,0.,1.));
#11461 = ORIENTED_EDGE('',*,*,#5811,.F.);
#11462 = ORIENTED_EDGE('',*,*,#11456,.F.);
#11463 = CYLINDRICAL_SURFACE('',#11464,1.9939);
#11464 = AXIS2_PLACEMENT_3D('',#11465,#11466,#11467);
#11465 = CARTESIAN_POINT('',(128.62125,-197.875,-4.6E-02));
#11466 = DIRECTION('',(-0.,-0.,-1.));
#11467 = DIRECTION('',(-0.,-1.,0.));
#11468 = ADVANCED_FACE('',(#11469),#11480,.F.);
#11469 = FACE_BOUND('',#11470,.T.);
#11470 = EDGE_LOOP('',(#11471,#11472,#11478,#11479));
#11471 = ORIENTED_EDGE('',*,*,#341,.T.);
#11472 = ORIENTED_EDGE('',*,*,#11473,.T.);
#11473 = EDGE_CURVE('',#342,#5823,#11474,.T.);
#11474 = LINE('',#11475,#11476);
#11475 = CARTESIAN_POINT('',(140.53,-206.635,-4.6E-02));
#11476 = VECTOR('',#11477,1.);
#11477 = DIRECTION('',(0.,0.,1.));
#11478 = ORIENTED_EDGE('',*,*,#5822,.F.);
#11479 = ORIENTED_EDGE('',*,*,#11473,.F.);
#11480 = CYLINDRICAL_SURFACE('',#11481,0.4);
#11481 = AXIS2_PLACEMENT_3D('',#11482,#11483,#11484);
#11482 = CARTESIAN_POINT('',(140.53,-206.235,-4.6E-02));
#11483 = DIRECTION('',(-0.,-0.,-1.));
#11484 = DIRECTION('',(-0.,-1.,0.));
#11485 = ADVANCED_FACE('',(#11486),#11497,.F.);
#11486 = FACE_BOUND('',#11487,.T.);
#11487 = EDGE_LOOP('',(#11488,#11489,#11495,#11496));
#11488 = ORIENTED_EDGE('',*,*,#352,.T.);
#11489 = ORIENTED_EDGE('',*,*,#11490,.T.);
#11490 = EDGE_CURVE('',#353,#5834,#11491,.T.);
#11491 = LINE('',#11492,#11493);
#11492 = CARTESIAN_POINT('',(164.3425,-206.635,-4.6E-02));
#11493 = VECTOR('',#11494,1.);
#11494 = DIRECTION('',(0.,0.,1.));
#11495 = ORIENTED_EDGE('',*,*,#5833,.F.);
#11496 = ORIENTED_EDGE('',*,*,#11490,.F.);
#11497 = CYLINDRICAL_SURFACE('',#11498,0.4);
#11498 = AXIS2_PLACEMENT_3D('',#11499,#11500,#11501);
#11499 = CARTESIAN_POINT('',(164.3425,-206.235,-4.6E-02));
#11500 = DIRECTION('',(-0.,-0.,-1.));
#11501 = DIRECTION('',(-0.,-1.,0.));
#11502 = ADVANCED_FACE('',(#11503),#11514,.F.);
#11503 = FACE_BOUND('',#11504,.T.);
#11504 = EDGE_LOOP('',(#11505,#11506,#11512,#11513));
#11505 = ORIENTED_EDGE('',*,*,#363,.T.);
#11506 = ORIENTED_EDGE('',*,*,#11507,.T.);
#11507 = EDGE_CURVE('',#364,#5845,#11508,.T.);
#11508 = LINE('',#11509,#11510);
#11509 = CARTESIAN_POINT('',(133.70125,-198.75,-4.6E-02));
#11510 = VECTOR('',#11511,1.);
#11511 = DIRECTION('',(0.,0.,1.));
#11512 = ORIENTED_EDGE('',*,*,#5844,.F.);
#11513 = ORIENTED_EDGE('',*,*,#11507,.F.);
#11514 = CYLINDRICAL_SURFACE('',#11515,0.875);
#11515 = AXIS2_PLACEMENT_3D('',#11516,#11517,#11518);
#11516 = CARTESIAN_POINT('',(133.70125,-197.875,-4.6E-02));
#11517 = DIRECTION('',(-0.,-0.,-1.));
#11518 = DIRECTION('',(-0.,-1.,0.));
#11519 = ADVANCED_FACE('',(#11520),#11531,.F.);
#11520 = FACE_BOUND('',#11521,.T.);
#11521 = EDGE_LOOP('',(#11522,#11523,#11529,#11530));
#11522 = ORIENTED_EDGE('',*,*,#374,.T.);
#11523 = ORIENTED_EDGE('',*,*,#11524,.T.);
#11524 = EDGE_CURVE('',#375,#5856,#11525,.T.);
#11525 = LINE('',#11526,#11527);
#11526 = CARTESIAN_POINT('',(140.53,-199.015,-4.6E-02));
#11527 = VECTOR('',#11528,1.);
#11528 = DIRECTION('',(0.,0.,1.));
#11529 = ORIENTED_EDGE('',*,*,#5855,.F.);
#11530 = ORIENTED_EDGE('',*,*,#11524,.F.);
#11531 = CYLINDRICAL_SURFACE('',#11532,0.4);
#11532 = AXIS2_PLACEMENT_3D('',#11533,#11534,#11535);
#11533 = CARTESIAN_POINT('',(140.53,-198.615,-4.6E-02));
#11534 = DIRECTION('',(-0.,-0.,-1.));
#11535 = DIRECTION('',(-0.,-1.,0.));
#11536 = ADVANCED_FACE('',(#11537),#11548,.F.);
#11537 = FACE_BOUND('',#11538,.T.);
#11538 = EDGE_LOOP('',(#11539,#11540,#11546,#11547));
#11539 = ORIENTED_EDGE('',*,*,#385,.T.);
#11540 = ORIENTED_EDGE('',*,*,#11541,.T.);
#11541 = EDGE_CURVE('',#386,#5867,#11542,.T.);
#11542 = LINE('',#11543,#11544);
#11543 = CARTESIAN_POINT('',(147.35375,-198.75,-4.6E-02));
#11544 = VECTOR('',#11545,1.);
#11545 = DIRECTION('',(0.,0.,1.));
#11546 = ORIENTED_EDGE('',*,*,#5866,.F.);
#11547 = ORIENTED_EDGE('',*,*,#11541,.F.);
#11548 = CYLINDRICAL_SURFACE('',#11549,0.875);
#11549 = AXIS2_PLACEMENT_3D('',#11550,#11551,#11552);
#11550 = CARTESIAN_POINT('',(147.35375,-197.875,-4.6E-02));
#11551 = DIRECTION('',(-0.,-0.,-1.));
#11552 = DIRECTION('',(-0.,-1.,0.));
#11553 = ADVANCED_FACE('',(#11554),#11565,.F.);
#11554 = FACE_BOUND('',#11555,.T.);
#11555 = EDGE_LOOP('',(#11556,#11557,#11563,#11564));
#11556 = ORIENTED_EDGE('',*,*,#396,.T.);
#11557 = ORIENTED_EDGE('',*,*,#11558,.T.);
#11558 = EDGE_CURVE('',#397,#5878,#11559,.T.);
#11559 = LINE('',#11560,#11561);
#11560 = CARTESIAN_POINT('',(152.43375,-199.8689,-4.6E-02));
#11561 = VECTOR('',#11562,1.);
#11562 = DIRECTION('',(0.,0.,1.));
#11563 = ORIENTED_EDGE('',*,*,#5877,.F.);
#11564 = ORIENTED_EDGE('',*,*,#11558,.F.);
#11565 = CYLINDRICAL_SURFACE('',#11566,1.9939);
#11566 = AXIS2_PLACEMENT_3D('',#11567,#11568,#11569);
#11567 = CARTESIAN_POINT('',(152.43375,-197.875,-4.6E-02));
#11568 = DIRECTION('',(-0.,-0.,-1.));
#11569 = DIRECTION('',(-0.,-1.,0.));
#11570 = ADVANCED_FACE('',(#11571),#11582,.F.);
#11571 = FACE_BOUND('',#11572,.T.);
#11572 = EDGE_LOOP('',(#11573,#11574,#11580,#11581));
#11573 = ORIENTED_EDGE('',*,*,#407,.T.);
#11574 = ORIENTED_EDGE('',*,*,#11575,.T.);
#11575 = EDGE_CURVE('',#408,#5889,#11576,.T.);
#11576 = LINE('',#11577,#11578);
#11577 = CARTESIAN_POINT('',(157.51375,-198.75,-4.6E-02));
#11578 = VECTOR('',#11579,1.);
#11579 = DIRECTION('',(0.,0.,1.));
#11580 = ORIENTED_EDGE('',*,*,#5888,.F.);
#11581 = ORIENTED_EDGE('',*,*,#11575,.F.);
#11582 = CYLINDRICAL_SURFACE('',#11583,0.875);
#11583 = AXIS2_PLACEMENT_3D('',#11584,#11585,#11586);
#11584 = CARTESIAN_POINT('',(157.51375,-197.875,-4.6E-02));
#11585 = DIRECTION('',(-0.,-0.,-1.));
#11586 = DIRECTION('',(-0.,-1.,0.));
#11587 = ADVANCED_FACE('',(#11588),#11599,.F.);
#11588 = FACE_BOUND('',#11589,.T.);
#11589 = EDGE_LOOP('',(#11590,#11591,#11597,#11598));
#11590 = ORIENTED_EDGE('',*,*,#418,.T.);
#11591 = ORIENTED_EDGE('',*,*,#11592,.T.);
#11592 = EDGE_CURVE('',#419,#5900,#11593,.T.);
#11593 = LINE('',#11594,#11595);
#11594 = CARTESIAN_POINT('',(164.3425,-199.015,-4.6E-02));
#11595 = VECTOR('',#11596,1.);
#11596 = DIRECTION('',(0.,0.,1.));
#11597 = ORIENTED_EDGE('',*,*,#5899,.F.);
#11598 = ORIENTED_EDGE('',*,*,#11592,.F.);
#11599 = CYLINDRICAL_SURFACE('',#11600,0.4);
#11600 = AXIS2_PLACEMENT_3D('',#11601,#11602,#11603);
#11601 = CARTESIAN_POINT('',(164.3425,-198.615,-4.6E-02));
#11602 = DIRECTION('',(-0.,-0.,-1.));
#11603 = DIRECTION('',(-0.,-1.,0.));
#11604 = ADVANCED_FACE('',(#11605),#11616,.F.);
#11605 = FACE_BOUND('',#11606,.T.);
#11606 = EDGE_LOOP('',(#11607,#11608,#11614,#11615));
#11607 = ORIENTED_EDGE('',*,*,#429,.T.);
#11608 = ORIENTED_EDGE('',*,*,#11609,.T.);
#11609 = EDGE_CURVE('',#430,#5911,#11610,.T.);
#11610 = LINE('',#11611,#11612);
#11611 = CARTESIAN_POINT('',(100.99875,-196.835,-4.6E-02));
#11612 = VECTOR('',#11613,1.);
#11613 = DIRECTION('',(0.,0.,1.));
#11614 = ORIENTED_EDGE('',*,*,#5910,.F.);
#11615 = ORIENTED_EDGE('',*,*,#11609,.F.);
#11616 = CYLINDRICAL_SURFACE('',#11617,1.5);
#11617 = AXIS2_PLACEMENT_3D('',#11618,#11619,#11620);
#11618 = CARTESIAN_POINT('',(100.99875,-195.335,-4.6E-02));
#11619 = DIRECTION('',(-0.,-0.,-1.));
#11620 = DIRECTION('',(-0.,-1.,0.));
#11621 = ADVANCED_FACE('',(#11622),#11633,.F.);
#11622 = FACE_BOUND('',#11623,.T.);
#11623 = EDGE_LOOP('',(#11624,#11625,#11631,#11632));
#11624 = ORIENTED_EDGE('',*,*,#440,.T.);
#11625 = ORIENTED_EDGE('',*,*,#11626,.T.);
#11626 = EDGE_CURVE('',#441,#5922,#11627,.T.);
#11627 = LINE('',#11628,#11629);
#11628 = CARTESIAN_POINT('',(107.34875,-194.295,-4.6E-02));
#11629 = VECTOR('',#11630,1.);
#11630 = DIRECTION('',(0.,0.,1.));
#11631 = ORIENTED_EDGE('',*,*,#5921,.F.);
#11632 = ORIENTED_EDGE('',*,*,#11626,.F.);
#11633 = CYLINDRICAL_SURFACE('',#11634,1.5);
#11634 = AXIS2_PLACEMENT_3D('',#11635,#11636,#11637);
#11635 = CARTESIAN_POINT('',(107.34875,-192.795,-4.6E-02));
#11636 = DIRECTION('',(-0.,-0.,-1.));
#11637 = DIRECTION('',(-0.,-1.,0.));
#11638 = ADVANCED_FACE('',(#11639),#11650,.F.);
#11639 = FACE_BOUND('',#11640,.T.);
#11640 = EDGE_LOOP('',(#11641,#11642,#11648,#11649));
#11641 = ORIENTED_EDGE('',*,*,#451,.T.);
#11642 = ORIENTED_EDGE('',*,*,#11643,.T.);
#11643 = EDGE_CURVE('',#452,#5933,#11644,.T.);
#11644 = LINE('',#11645,#11646);
#11645 = CARTESIAN_POINT('',(124.81125,-196.835,-4.6E-02));
#11646 = VECTOR('',#11647,1.);
#11647 = DIRECTION('',(0.,0.,1.));
#11648 = ORIENTED_EDGE('',*,*,#5932,.F.);
#11649 = ORIENTED_EDGE('',*,*,#11643,.F.);
#11650 = CYLINDRICAL_SURFACE('',#11651,1.5);
#11651 = AXIS2_PLACEMENT_3D('',#11652,#11653,#11654);
#11652 = CARTESIAN_POINT('',(124.81125,-195.335,-4.6E-02));
#11653 = DIRECTION('',(-0.,-0.,-1.));
#11654 = DIRECTION('',(-0.,-1.,0.));
#11655 = ADVANCED_FACE('',(#11656),#11667,.F.);
#11656 = FACE_BOUND('',#11657,.T.);
#11657 = EDGE_LOOP('',(#11658,#11659,#11665,#11666));
#11658 = ORIENTED_EDGE('',*,*,#462,.T.);
#11659 = ORIENTED_EDGE('',*,*,#11660,.T.);
#11660 = EDGE_CURVE('',#463,#5944,#11661,.T.);
#11661 = LINE('',#11662,#11663);
#11662 = CARTESIAN_POINT('',(116.586,-192.866,-4.6E-02));
#11663 = VECTOR('',#11664,1.);
#11664 = DIRECTION('',(0.,0.,1.));
#11665 = ORIENTED_EDGE('',*,*,#5943,.F.);
#11666 = ORIENTED_EDGE('',*,*,#11660,.F.);
#11667 = CYLINDRICAL_SURFACE('',#11668,1.35);
#11668 = AXIS2_PLACEMENT_3D('',#11669,#11670,#11671);
#11669 = CARTESIAN_POINT('',(116.586,-191.516,-4.6E-02));
#11670 = DIRECTION('',(-0.,-0.,-1.));
#11671 = DIRECTION('',(-1.05265590483E-14,-1.,0.));
#11672 = ADVANCED_FACE('',(#11673),#11684,.F.);
#11673 = FACE_BOUND('',#11674,.T.);
#11674 = EDGE_LOOP('',(#11675,#11676,#11682,#11683));
#11675 = ORIENTED_EDGE('',*,*,#473,.T.);
#11676 = ORIENTED_EDGE('',*,*,#11677,.T.);
#11677 = EDGE_CURVE('',#474,#5955,#11678,.T.);
#11678 = LINE('',#11679,#11680);
#11679 = CARTESIAN_POINT('',(131.16125,-194.295,-4.6E-02));
#11680 = VECTOR('',#11681,1.);
#11681 = DIRECTION('',(0.,0.,1.));
#11682 = ORIENTED_EDGE('',*,*,#5954,.F.);
#11683 = ORIENTED_EDGE('',*,*,#11677,.F.);
#11684 = CYLINDRICAL_SURFACE('',#11685,1.5);
#11685 = AXIS2_PLACEMENT_3D('',#11686,#11687,#11688);
#11686 = CARTESIAN_POINT('',(131.16125,-192.795,-4.6E-02));
#11687 = DIRECTION('',(-0.,-0.,-1.));
#11688 = DIRECTION('',(-0.,-1.,0.));
#11689 = ADVANCED_FACE('',(#11690),#11701,.F.);
#11690 = FACE_BOUND('',#11691,.T.);
#11691 = EDGE_LOOP('',(#11692,#11693,#11699,#11700));
#11692 = ORIENTED_EDGE('',*,*,#484,.T.);
#11693 = ORIENTED_EDGE('',*,*,#11694,.T.);
#11694 = EDGE_CURVE('',#485,#5966,#11695,.T.);
#11695 = LINE('',#11696,#11697);
#11696 = CARTESIAN_POINT('',(102.4275,-189.0739,-4.6E-02));
#11697 = VECTOR('',#11698,1.);
#11698 = DIRECTION('',(0.,0.,1.));
#11699 = ORIENTED_EDGE('',*,*,#5965,.F.);
#11700 = ORIENTED_EDGE('',*,*,#11694,.F.);
#11701 = CYLINDRICAL_SURFACE('',#11702,1.9939);
#11702 = AXIS2_PLACEMENT_3D('',#11703,#11704,#11705);
#11703 = CARTESIAN_POINT('',(102.4275,-187.08,-4.6E-02));
#11704 = DIRECTION('',(-0.,-0.,-1.));
#11705 = DIRECTION('',(-7.127165211496E-15,-1.,0.));
#11706 = ADVANCED_FACE('',(#11707),#11718,.F.);
#11707 = FACE_BOUND('',#11708,.T.);
#11708 = EDGE_LOOP('',(#11709,#11710,#11716,#11717));
#11709 = ORIENTED_EDGE('',*,*,#495,.T.);
#11710 = ORIENTED_EDGE('',*,*,#11711,.T.);
#11711 = EDGE_CURVE('',#496,#5977,#11712,.T.);
#11712 = LINE('',#11713,#11714);
#11713 = CARTESIAN_POINT('',(126.24,-189.0739,-4.6E-02));
#11714 = VECTOR('',#11715,1.);
#11715 = DIRECTION('',(0.,0.,1.));
#11716 = ORIENTED_EDGE('',*,*,#5976,.F.);
#11717 = ORIENTED_EDGE('',*,*,#11711,.F.);
#11718 = CYLINDRICAL_SURFACE('',#11719,1.9939);
#11719 = AXIS2_PLACEMENT_3D('',#11720,#11721,#11722);
#11720 = CARTESIAN_POINT('',(126.24,-187.08,-4.6E-02));
#11721 = DIRECTION('',(-0.,-0.,-1.));
#11722 = DIRECTION('',(-7.127165211496E-15,-1.,0.));
#11723 = ADVANCED_FACE('',(#11724),#11735,.F.);
#11724 = FACE_BOUND('',#11725,.T.);
#11725 = EDGE_LOOP('',(#11726,#11727,#11733,#11734));
#11726 = ORIENTED_EDGE('',*,*,#506,.T.);
#11727 = ORIENTED_EDGE('',*,*,#11728,.T.);
#11728 = EDGE_CURVE('',#507,#5988,#11729,.T.);
#11729 = LINE('',#11730,#11731);
#11730 = CARTESIAN_POINT('',(130.85125,-187.7,-4.6E-02));
#11731 = VECTOR('',#11732,1.);
#11732 = DIRECTION('',(0.,0.,1.));
#11733 = ORIENTED_EDGE('',*,*,#5987,.F.);
#11734 = ORIENTED_EDGE('',*,*,#11728,.F.);
#11735 = CYLINDRICAL_SURFACE('',#11736,0.4);
#11736 = AXIS2_PLACEMENT_3D('',#11737,#11738,#11739);
#11737 = CARTESIAN_POINT('',(130.85125,-187.3,-4.6E-02));
#11738 = DIRECTION('',(-0.,-0.,-1.));
#11739 = DIRECTION('',(-0.,-1.,0.));
#11740 = ADVANCED_FACE('',(#11741),#11752,.F.);
#11741 = FACE_BOUND('',#11742,.T.);
#11742 = EDGE_LOOP('',(#11743,#11744,#11750,#11751));
#11743 = ORIENTED_EDGE('',*,*,#517,.T.);
#11744 = ORIENTED_EDGE('',*,*,#11745,.T.);
#11745 = EDGE_CURVE('',#518,#5999,#11746,.T.);
#11746 = LINE('',#11747,#11748);
#11747 = CARTESIAN_POINT('',(148.62375,-196.835,-4.6E-02));
#11748 = VECTOR('',#11749,1.);
#11749 = DIRECTION('',(0.,0.,1.));
#11750 = ORIENTED_EDGE('',*,*,#5998,.F.);
#11751 = ORIENTED_EDGE('',*,*,#11745,.F.);
#11752 = CYLINDRICAL_SURFACE('',#11753,1.5);
#11753 = AXIS2_PLACEMENT_3D('',#11754,#11755,#11756);
#11754 = CARTESIAN_POINT('',(148.62375,-195.335,-4.6E-02));
#11755 = DIRECTION('',(-0.,-0.,-1.));
#11756 = DIRECTION('',(-0.,-1.,0.));
#11757 = ADVANCED_FACE('',(#11758),#11769,.F.);
#11758 = FACE_BOUND('',#11759,.T.);
#11759 = EDGE_LOOP('',(#11760,#11761,#11767,#11768));
#11760 = ORIENTED_EDGE('',*,*,#528,.T.);
#11761 = ORIENTED_EDGE('',*,*,#11762,.T.);
#11762 = EDGE_CURVE('',#529,#6010,#11763,.T.);
#11763 = LINE('',#11764,#11765);
#11764 = CARTESIAN_POINT('',(154.97375,-194.295,-4.6E-02));
#11765 = VECTOR('',#11766,1.);
#11766 = DIRECTION('',(0.,0.,1.));
#11767 = ORIENTED_EDGE('',*,*,#6009,.F.);
#11768 = ORIENTED_EDGE('',*,*,#11762,.F.);
#11769 = CYLINDRICAL_SURFACE('',#11770,1.5);
#11770 = AXIS2_PLACEMENT_3D('',#11771,#11772,#11773);
#11771 = CARTESIAN_POINT('',(154.97375,-192.795,-4.6E-02));
#11772 = DIRECTION('',(-0.,-0.,-1.));
#11773 = DIRECTION('',(-0.,-1.,0.));
#11774 = ADVANCED_FACE('',(#11775),#11786,.F.);
#11775 = FACE_BOUND('',#11776,.T.);
#11776 = EDGE_LOOP('',(#11777,#11778,#11784,#11785));
#11777 = ORIENTED_EDGE('',*,*,#539,.T.);
#11778 = ORIENTED_EDGE('',*,*,#11779,.T.);
#11779 = EDGE_CURVE('',#540,#6021,#11780,.T.);
#11780 = LINE('',#11781,#11782);
#11781 = CARTESIAN_POINT('',(154.8075,-187.645,-4.6E-02));
#11782 = VECTOR('',#11783,1.);
#11783 = DIRECTION('',(0.,0.,1.));
#11784 = ORIENTED_EDGE('',*,*,#6020,.F.);
#11785 = ORIENTED_EDGE('',*,*,#11779,.F.);
#11786 = CYLINDRICAL_SURFACE('',#11787,0.4);
#11787 = AXIS2_PLACEMENT_3D('',#11788,#11789,#11790);
#11788 = CARTESIAN_POINT('',(154.8075,-187.245,-4.6E-02));
#11789 = DIRECTION('',(-0.,-0.,-1.));
#11790 = DIRECTION('',(-0.,-1.,0.));
#11791 = ADVANCED_FACE('',(#11792),#11803,.F.);
#11792 = FACE_BOUND('',#11793,.T.);
#11793 = EDGE_LOOP('',(#11794,#11795,#11801,#11802));
#11794 = ORIENTED_EDGE('',*,*,#550,.T.);
#11795 = ORIENTED_EDGE('',*,*,#11796,.T.);
#11796 = EDGE_CURVE('',#551,#6032,#11797,.T.);
#11797 = LINE('',#11798,#11799);
#11798 = CARTESIAN_POINT('',(173.865,-208.1239,-4.6E-02));
#11799 = VECTOR('',#11800,1.);
#11800 = DIRECTION('',(0.,0.,1.));
#11801 = ORIENTED_EDGE('',*,*,#6031,.F.);
#11802 = ORIENTED_EDGE('',*,*,#11796,.F.);
#11803 = CYLINDRICAL_SURFACE('',#11804,1.9939);
#11804 = AXIS2_PLACEMENT_3D('',#11805,#11806,#11807);
#11805 = CARTESIAN_POINT('',(173.865,-206.13,-4.6E-02));
#11806 = DIRECTION('',(-0.,-0.,-1.));
#11807 = DIRECTION('',(-0.,-1.,0.));
#11808 = ADVANCED_FACE('',(#11809),#11820,.F.);
#11809 = FACE_BOUND('',#11810,.T.);
#11810 = EDGE_LOOP('',(#11811,#11812,#11818,#11819));
#11811 = ORIENTED_EDGE('',*,*,#561,.T.);
#11812 = ORIENTED_EDGE('',*,*,#11813,.T.);
#11813 = EDGE_CURVE('',#562,#6043,#11814,.T.);
#11814 = LINE('',#11815,#11816);
#11815 = CARTESIAN_POINT('',(191.6075,-205.905,-4.6E-02));
#11816 = VECTOR('',#11817,1.);
#11817 = DIRECTION('',(0.,0.,1.));
#11818 = ORIENTED_EDGE('',*,*,#6042,.F.);
#11819 = ORIENTED_EDGE('',*,*,#11813,.F.);
#11820 = CYLINDRICAL_SURFACE('',#11821,0.5);
#11821 = AXIS2_PLACEMENT_3D('',#11822,#11823,#11824);
#11822 = CARTESIAN_POINT('',(191.6075,-205.405,-4.6E-02));
#11823 = DIRECTION('',(-0.,-0.,-1.));
#11824 = DIRECTION('',(-0.,-1.,0.));
#11825 = ADVANCED_FACE('',(#11826),#11837,.F.);
#11826 = FACE_BOUND('',#11827,.T.);
#11827 = EDGE_LOOP('',(#11828,#11829,#11835,#11836));
#11828 = ORIENTED_EDGE('',*,*,#572,.T.);
#11829 = ORIENTED_EDGE('',*,*,#11830,.T.);
#11830 = EDGE_CURVE('',#573,#6054,#11831,.T.);
#11831 = LINE('',#11832,#11833);
#11832 = CARTESIAN_POINT('',(194.1475,-205.905,-4.6E-02));
#11833 = VECTOR('',#11834,1.);
#11834 = DIRECTION('',(0.,0.,1.));
#11835 = ORIENTED_EDGE('',*,*,#6053,.F.);
#11836 = ORIENTED_EDGE('',*,*,#11830,.F.);
#11837 = CYLINDRICAL_SURFACE('',#11838,0.5);
#11838 = AXIS2_PLACEMENT_3D('',#11839,#11840,#11841);
#11839 = CARTESIAN_POINT('',(194.1475,-205.405,-4.6E-02));
#11840 = DIRECTION('',(-0.,-0.,-1.));
#11841 = DIRECTION('',(-0.,-1.,0.));
#11842 = ADVANCED_FACE('',(#11843),#11854,.F.);
#11843 = FACE_BOUND('',#11844,.T.);
#11844 = EDGE_LOOP('',(#11845,#11846,#11852,#11853));
#11845 = ORIENTED_EDGE('',*,*,#583,.T.);
#11846 = ORIENTED_EDGE('',*,*,#11847,.T.);
#11847 = EDGE_CURVE('',#584,#6065,#11848,.T.);
#11848 = LINE('',#11849,#11850);
#11849 = CARTESIAN_POINT('',(196.6875,-205.905,-4.6E-02));
#11850 = VECTOR('',#11851,1.);
#11851 = DIRECTION('',(0.,0.,1.));
#11852 = ORIENTED_EDGE('',*,*,#6064,.F.);
#11853 = ORIENTED_EDGE('',*,*,#11847,.F.);
#11854 = CYLINDRICAL_SURFACE('',#11855,0.5);
#11855 = AXIS2_PLACEMENT_3D('',#11856,#11857,#11858);
#11856 = CARTESIAN_POINT('',(196.6875,-205.405,-4.6E-02));
#11857 = DIRECTION('',(-0.,-0.,-1.));
#11858 = DIRECTION('',(-0.,-1.,0.));
#11859 = ADVANCED_FACE('',(#11860),#11871,.F.);
#11860 = FACE_BOUND('',#11861,.T.);
#11861 = EDGE_LOOP('',(#11862,#11863,#11869,#11870));
#11862 = ORIENTED_EDGE('',*,*,#594,.T.);
#11863 = ORIENTED_EDGE('',*,*,#11864,.T.);
#11864 = EDGE_CURVE('',#595,#6076,#11865,.T.);
#11865 = LINE('',#11866,#11867);
#11866 = CARTESIAN_POINT('',(199.2275,-205.905,-4.6E-02));
#11867 = VECTOR('',#11868,1.);
#11868 = DIRECTION('',(0.,0.,1.));
#11869 = ORIENTED_EDGE('',*,*,#6075,.F.);
#11870 = ORIENTED_EDGE('',*,*,#11864,.F.);
#11871 = CYLINDRICAL_SURFACE('',#11872,0.5);
#11872 = AXIS2_PLACEMENT_3D('',#11873,#11874,#11875);
#11873 = CARTESIAN_POINT('',(199.2275,-205.405,-4.6E-02));
#11874 = DIRECTION('',(-0.,-0.,-1.));
#11875 = DIRECTION('',(-0.,-1.,0.));
#11876 = ADVANCED_FACE('',(#11877),#11888,.F.);
#11877 = FACE_BOUND('',#11878,.T.);
#11878 = EDGE_LOOP('',(#11879,#11880,#11886,#11887));
#11879 = ORIENTED_EDGE('',*,*,#605,.T.);
#11880 = ORIENTED_EDGE('',*,*,#11881,.T.);
#11881 = EDGE_CURVE('',#606,#6087,#11882,.T.);
#11882 = LINE('',#11883,#11884);
#11883 = CARTESIAN_POINT('',(180.4815,-200.196,-4.6E-02));
#11884 = VECTOR('',#11885,1.);
#11885 = DIRECTION('',(0.,0.,1.));
#11886 = ORIENTED_EDGE('',*,*,#6086,.F.);
#11887 = ORIENTED_EDGE('',*,*,#11881,.F.);
#11888 = CYLINDRICAL_SURFACE('',#11889,0.5);
#11889 = AXIS2_PLACEMENT_3D('',#11890,#11891,#11892);
#11890 = CARTESIAN_POINT('',(180.4815,-199.696,-4.6E-02));
#11891 = DIRECTION('',(-0.,-0.,-1.));
#11892 = DIRECTION('',(-0.,-1.,0.));
#11893 = ADVANCED_FACE('',(#11894),#11905,.F.);
#11894 = FACE_BOUND('',#11895,.T.);
#11895 = EDGE_LOOP('',(#11896,#11897,#11903,#11904));
#11896 = ORIENTED_EDGE('',*,*,#616,.T.);
#11897 = ORIENTED_EDGE('',*,*,#11898,.T.);
#11898 = EDGE_CURVE('',#617,#6098,#11899,.T.);
#11899 = LINE('',#11900,#11901);
#11900 = CARTESIAN_POINT('',(183.0215,-200.196,-4.6E-02));
#11901 = VECTOR('',#11902,1.);
#11902 = DIRECTION('',(0.,0.,1.));
#11903 = ORIENTED_EDGE('',*,*,#6097,.F.);
#11904 = ORIENTED_EDGE('',*,*,#11898,.F.);
#11905 = CYLINDRICAL_SURFACE('',#11906,0.5);
#11906 = AXIS2_PLACEMENT_3D('',#11907,#11908,#11909);
#11907 = CARTESIAN_POINT('',(183.0215,-199.696,-4.6E-02));
#11908 = DIRECTION('',(-0.,-0.,-1.));
#11909 = DIRECTION('',(-0.,-1.,0.));
#11910 = ADVANCED_FACE('',(#11911),#11922,.F.);
#11911 = FACE_BOUND('',#11912,.T.);
#11912 = EDGE_LOOP('',(#11913,#11914,#11920,#11921));
#11913 = ORIENTED_EDGE('',*,*,#627,.T.);
#11914 = ORIENTED_EDGE('',*,*,#11915,.T.);
#11915 = EDGE_CURVE('',#628,#6109,#11916,.T.);
#11916 = LINE('',#11917,#11918);
#11917 = CARTESIAN_POINT('',(201.7675,-205.905,-4.6E-02));
#11918 = VECTOR('',#11919,1.);
#11919 = DIRECTION('',(0.,0.,1.));
#11920 = ORIENTED_EDGE('',*,*,#6108,.F.);
#11921 = ORIENTED_EDGE('',*,*,#11915,.F.);
#11922 = CYLINDRICAL_SURFACE('',#11923,0.5);
#11923 = AXIS2_PLACEMENT_3D('',#11924,#11925,#11926);
#11924 = CARTESIAN_POINT('',(201.7675,-205.405,-4.6E-02));
#11925 = DIRECTION('',(-0.,-0.,-1.));
#11926 = DIRECTION('',(-0.,-1.,0.));
#11927 = ADVANCED_FACE('',(#11928),#11939,.F.);
#11928 = FACE_BOUND('',#11929,.T.);
#11929 = EDGE_LOOP('',(#11930,#11931,#11937,#11938));
#11930 = ORIENTED_EDGE('',*,*,#638,.T.);
#11931 = ORIENTED_EDGE('',*,*,#11932,.T.);
#11932 = EDGE_CURVE('',#639,#6120,#11933,.T.);
#11933 = LINE('',#11934,#11935);
#11934 = CARTESIAN_POINT('',(204.3075,-205.905,-4.6E-02));
#11935 = VECTOR('',#11936,1.);
#11936 = DIRECTION('',(0.,0.,1.));
#11937 = ORIENTED_EDGE('',*,*,#6119,.F.);
#11938 = ORIENTED_EDGE('',*,*,#11932,.F.);
#11939 = CYLINDRICAL_SURFACE('',#11940,0.5);
#11940 = AXIS2_PLACEMENT_3D('',#11941,#11942,#11943);
#11941 = CARTESIAN_POINT('',(204.3075,-205.405,-4.6E-02));
#11942 = DIRECTION('',(-0.,-0.,-1.));
#11943 = DIRECTION('',(-0.,-1.,0.));
#11944 = ADVANCED_FACE('',(#11945),#11956,.F.);
#11945 = FACE_BOUND('',#11946,.T.);
#11946 = EDGE_LOOP('',(#11947,#11948,#11954,#11955));
#11947 = ORIENTED_EDGE('',*,*,#649,.T.);
#11948 = ORIENTED_EDGE('',*,*,#11949,.T.);
#11949 = EDGE_CURVE('',#650,#6131,#11950,.T.);
#11950 = LINE('',#11951,#11952);
#11951 = CARTESIAN_POINT('',(206.8475,-205.905,-4.6E-02));
#11952 = VECTOR('',#11953,1.);
#11953 = DIRECTION('',(0.,0.,1.));
#11954 = ORIENTED_EDGE('',*,*,#6130,.F.);
#11955 = ORIENTED_EDGE('',*,*,#11949,.F.);
#11956 = CYLINDRICAL_SURFACE('',#11957,0.5);
#11957 = AXIS2_PLACEMENT_3D('',#11958,#11959,#11960);
#11958 = CARTESIAN_POINT('',(206.8475,-205.405,-4.6E-02));
#11959 = DIRECTION('',(-0.,-0.,-1.));
#11960 = DIRECTION('',(-0.,-1.,0.));
#11961 = ADVANCED_FACE('',(#11962),#11973,.F.);
#11962 = FACE_BOUND('',#11963,.T.);
#11963 = EDGE_LOOP('',(#11964,#11965,#11971,#11972));
#11964 = ORIENTED_EDGE('',*,*,#660,.T.);
#11965 = ORIENTED_EDGE('',*,*,#11966,.T.);
#11966 = EDGE_CURVE('',#661,#6142,#11967,.T.);
#11967 = LINE('',#11968,#11969);
#11968 = CARTESIAN_POINT('',(209.3875,-205.905,-4.6E-02));
#11969 = VECTOR('',#11970,1.);
#11970 = DIRECTION('',(0.,0.,1.));
#11971 = ORIENTED_EDGE('',*,*,#6141,.F.);
#11972 = ORIENTED_EDGE('',*,*,#11966,.F.);
#11973 = CYLINDRICAL_SURFACE('',#11974,0.5);
#11974 = AXIS2_PLACEMENT_3D('',#11975,#11976,#11977);
#11975 = CARTESIAN_POINT('',(209.3875,-205.405,-4.6E-02));
#11976 = DIRECTION('',(-0.,-0.,-1.));
#11977 = DIRECTION('',(-0.,-1.,0.));
#11978 = ADVANCED_FACE('',(#11979),#11990,.F.);
#11979 = FACE_BOUND('',#11980,.T.);
#11980 = EDGE_LOOP('',(#11981,#11982,#11988,#11989));
#11981 = ORIENTED_EDGE('',*,*,#671,.T.);
#11982 = ORIENTED_EDGE('',*,*,#11983,.T.);
#11983 = EDGE_CURVE('',#672,#6153,#11984,.T.);
#11984 = LINE('',#11985,#11986);
#11985 = CARTESIAN_POINT('',(211.9275,-205.905,-4.6E-02));
#11986 = VECTOR('',#11987,1.);
#11987 = DIRECTION('',(0.,0.,1.));
#11988 = ORIENTED_EDGE('',*,*,#6152,.F.);
#11989 = ORIENTED_EDGE('',*,*,#11983,.F.);
#11990 = CYLINDRICAL_SURFACE('',#11991,0.5);
#11991 = AXIS2_PLACEMENT_3D('',#11992,#11993,#11994);
#11992 = CARTESIAN_POINT('',(211.9275,-205.405,-4.6E-02));
#11993 = DIRECTION('',(-0.,-0.,-1.));
#11994 = DIRECTION('',(-0.,-1.,0.));
#11995 = ADVANCED_FACE('',(#11996),#12007,.F.);
#11996 = FACE_BOUND('',#11997,.T.);
#11997 = EDGE_LOOP('',(#11998,#11999,#12005,#12006));
#11998 = ORIENTED_EDGE('',*,*,#682,.T.);
#11999 = ORIENTED_EDGE('',*,*,#12000,.T.);
#12000 = EDGE_CURVE('',#683,#6164,#12001,.T.);
#12001 = LINE('',#12002,#12003);
#12002 = CARTESIAN_POINT('',(211.9275,-203.365,-4.6E-02));
#12003 = VECTOR('',#12004,1.);
#12004 = DIRECTION('',(0.,0.,1.));
#12005 = ORIENTED_EDGE('',*,*,#6163,.F.);
#12006 = ORIENTED_EDGE('',*,*,#12000,.F.);
#12007 = CYLINDRICAL_SURFACE('',#12008,0.5);
#12008 = AXIS2_PLACEMENT_3D('',#12009,#12010,#12011);
#12009 = CARTESIAN_POINT('',(211.9275,-202.865,-4.6E-02));
#12010 = DIRECTION('',(-0.,-0.,-1.));
#12011 = DIRECTION('',(-0.,-1.,0.));
#12012 = ADVANCED_FACE('',(#12013),#12024,.F.);
#12013 = FACE_BOUND('',#12014,.T.);
#12014 = EDGE_LOOP('',(#12015,#12016,#12022,#12023));
#12015 = ORIENTED_EDGE('',*,*,#693,.T.);
#12016 = ORIENTED_EDGE('',*,*,#12017,.T.);
#12017 = EDGE_CURVE('',#694,#6175,#12018,.T.);
#12018 = LINE('',#12019,#12020);
#12019 = CARTESIAN_POINT('',(235.78,-206.635,-4.6E-02));
#12020 = VECTOR('',#12021,1.);
#12021 = DIRECTION('',(0.,0.,1.));
#12022 = ORIENTED_EDGE('',*,*,#6174,.F.);
#12023 = ORIENTED_EDGE('',*,*,#12017,.F.);
#12024 = CYLINDRICAL_SURFACE('',#12025,0.4);
#12025 = AXIS2_PLACEMENT_3D('',#12026,#12027,#12028);
#12026 = CARTESIAN_POINT('',(235.78,-206.235,-4.6E-02));
#12027 = DIRECTION('',(-0.,-0.,-1.));
#12028 = DIRECTION('',(-0.,-1.,0.));
#12029 = ADVANCED_FACE('',(#12030),#12041,.F.);
#12030 = FACE_BOUND('',#12031,.T.);
#12031 = EDGE_LOOP('',(#12032,#12033,#12039,#12040));
#12032 = ORIENTED_EDGE('',*,*,#704,.T.);
#12033 = ORIENTED_EDGE('',*,*,#12034,.T.);
#12034 = EDGE_CURVE('',#705,#6186,#12035,.T.);
#12035 = LINE('',#12036,#12037);
#12036 = CARTESIAN_POINT('',(211.9275,-200.825,-4.6E-02));
#12037 = VECTOR('',#12038,1.);
#12038 = DIRECTION('',(0.,0.,1.));
#12039 = ORIENTED_EDGE('',*,*,#6185,.F.);
#12040 = ORIENTED_EDGE('',*,*,#12034,.F.);
#12041 = CYLINDRICAL_SURFACE('',#12042,0.5);
#12042 = AXIS2_PLACEMENT_3D('',#12043,#12044,#12045);
#12043 = CARTESIAN_POINT('',(211.9275,-200.325,-4.6E-02));
#12044 = DIRECTION('',(-0.,-0.,-1.));
#12045 = DIRECTION('',(-0.,-1.,0.));
#12046 = ADVANCED_FACE('',(#12047),#12058,.F.);
#12047 = FACE_BOUND('',#12048,.T.);
#12048 = EDGE_LOOP('',(#12049,#12050,#12056,#12057));
#12049 = ORIENTED_EDGE('',*,*,#715,.T.);
#12050 = ORIENTED_EDGE('',*,*,#12051,.T.);
#12051 = EDGE_CURVE('',#716,#6197,#12052,.T.);
#12052 = LINE('',#12053,#12054);
#12053 = CARTESIAN_POINT('',(211.9275,-198.285,-4.6E-02));
#12054 = VECTOR('',#12055,1.);
#12055 = DIRECTION('',(0.,0.,1.));
#12056 = ORIENTED_EDGE('',*,*,#6196,.F.);
#12057 = ORIENTED_EDGE('',*,*,#12051,.F.);
#12058 = CYLINDRICAL_SURFACE('',#12059,0.5);
#12059 = AXIS2_PLACEMENT_3D('',#12060,#12061,#12062);
#12060 = CARTESIAN_POINT('',(211.9275,-197.785,-4.6E-02));
#12061 = DIRECTION('',(-0.,-0.,-1.));
#12062 = DIRECTION('',(-0.,-1.,0.));
#12063 = ADVANCED_FACE('',(#12064),#12075,.F.);
#12064 = FACE_BOUND('',#12065,.T.);
#12065 = EDGE_LOOP('',(#12066,#12067,#12073,#12074));
#12066 = ORIENTED_EDGE('',*,*,#726,.T.);
#12067 = ORIENTED_EDGE('',*,*,#12068,.T.);
#12068 = EDGE_CURVE('',#727,#6208,#12069,.T.);
#12069 = LINE('',#12070,#12071);
#12070 = CARTESIAN_POINT('',(218.79125,-198.75,-4.6E-02));
#12071 = VECTOR('',#12072,1.);
#12072 = DIRECTION('',(0.,0.,1.));
#12073 = ORIENTED_EDGE('',*,*,#6207,.F.);
#12074 = ORIENTED_EDGE('',*,*,#12068,.F.);
#12075 = CYLINDRICAL_SURFACE('',#12076,0.875);
#12076 = AXIS2_PLACEMENT_3D('',#12077,#12078,#12079);
#12077 = CARTESIAN_POINT('',(218.79125,-197.875,-4.6E-02));
#12078 = DIRECTION('',(-0.,-0.,-1.));
#12079 = DIRECTION('',(-0.,-1.,0.));
#12080 = ADVANCED_FACE('',(#12081),#12092,.F.);
#12081 = FACE_BOUND('',#12082,.T.);
#12082 = EDGE_LOOP('',(#12083,#12084,#12090,#12091));
#12083 = ORIENTED_EDGE('',*,*,#737,.T.);
#12084 = ORIENTED_EDGE('',*,*,#12085,.T.);
#12085 = EDGE_CURVE('',#738,#6219,#12086,.T.);
#12086 = LINE('',#12087,#12088);
#12087 = CARTESIAN_POINT('',(223.87125,-199.8689,-4.6E-02));
#12088 = VECTOR('',#12089,1.);
#12089 = DIRECTION('',(0.,0.,1.));
#12090 = ORIENTED_EDGE('',*,*,#6218,.F.);
#12091 = ORIENTED_EDGE('',*,*,#12085,.F.);
#12092 = CYLINDRICAL_SURFACE('',#12093,1.9939);
#12093 = AXIS2_PLACEMENT_3D('',#12094,#12095,#12096);
#12094 = CARTESIAN_POINT('',(223.87125,-197.875,-4.6E-02));
#12095 = DIRECTION('',(-0.,-0.,-1.));
#12096 = DIRECTION('',(-0.,-1.,0.));
#12097 = ADVANCED_FACE('',(#12098),#12109,.F.);
#12098 = FACE_BOUND('',#12099,.T.);
#12099 = EDGE_LOOP('',(#12100,#12101,#12107,#12108));
#12100 = ORIENTED_EDGE('',*,*,#748,.T.);
#12101 = ORIENTED_EDGE('',*,*,#12102,.T.);
#12102 = EDGE_CURVE('',#749,#6230,#12103,.T.);
#12103 = LINE('',#12104,#12105);
#12104 = CARTESIAN_POINT('',(228.95125,-198.75,-4.6E-02));
#12105 = VECTOR('',#12106,1.);
#12106 = DIRECTION('',(0.,0.,1.));
#12107 = ORIENTED_EDGE('',*,*,#6229,.F.);
#12108 = ORIENTED_EDGE('',*,*,#12102,.F.);
#12109 = CYLINDRICAL_SURFACE('',#12110,0.875);
#12110 = AXIS2_PLACEMENT_3D('',#12111,#12112,#12113);
#12111 = CARTESIAN_POINT('',(228.95125,-197.875,-4.6E-02));
#12112 = DIRECTION('',(-0.,-0.,-1.));
#12113 = DIRECTION('',(-0.,-1.,0.));
#12114 = ADVANCED_FACE('',(#12115),#12126,.F.);
#12115 = FACE_BOUND('',#12116,.T.);
#12116 = EDGE_LOOP('',(#12117,#12118,#12124,#12125));
#12117 = ORIENTED_EDGE('',*,*,#759,.T.);
#12118 = ORIENTED_EDGE('',*,*,#12119,.T.);
#12119 = EDGE_CURVE('',#760,#6241,#12120,.T.);
#12120 = LINE('',#12121,#12122);
#12121 = CARTESIAN_POINT('',(235.78,-199.015,-4.6E-02));
#12122 = VECTOR('',#12123,1.);
#12123 = DIRECTION('',(0.,0.,1.));
#12124 = ORIENTED_EDGE('',*,*,#6240,.F.);
#12125 = ORIENTED_EDGE('',*,*,#12119,.F.);
#12126 = CYLINDRICAL_SURFACE('',#12127,0.4);
#12127 = AXIS2_PLACEMENT_3D('',#12128,#12129,#12130);
#12128 = CARTESIAN_POINT('',(235.78,-198.615,-4.6E-02));
#12129 = DIRECTION('',(-0.,-0.,-1.));
#12130 = DIRECTION('',(-0.,-1.,0.));
#12131 = ADVANCED_FACE('',(#12132),#12143,.F.);
#12132 = FACE_BOUND('',#12133,.T.);
#12133 = EDGE_LOOP('',(#12134,#12135,#12141,#12142));
#12134 = ORIENTED_EDGE('',*,*,#770,.T.);
#12135 = ORIENTED_EDGE('',*,*,#12136,.T.);
#12136 = EDGE_CURVE('',#771,#6252,#12137,.T.);
#12137 = LINE('',#12138,#12139);
#12138 = CARTESIAN_POINT('',(173.865,-192.414,-4.6E-02));
#12139 = VECTOR('',#12140,1.);
#12140 = DIRECTION('',(0.,0.,1.));
#12141 = ORIENTED_EDGE('',*,*,#6251,.F.);
#12142 = ORIENTED_EDGE('',*,*,#12136,.F.);
#12143 = CYLINDRICAL_SURFACE('',#12144,1.524);
#12144 = AXIS2_PLACEMENT_3D('',#12145,#12146,#12147);
#12145 = CARTESIAN_POINT('',(173.865,-190.89,-4.6E-02));
#12146 = DIRECTION('',(-0.,-0.,-1.));
#12147 = DIRECTION('',(-0.,-1.,0.));
#12148 = ADVANCED_FACE('',(#12149),#12160,.F.);
#12149 = FACE_BOUND('',#12150,.T.);
#12150 = EDGE_LOOP('',(#12151,#12152,#12158,#12159));
#12151 = ORIENTED_EDGE('',*,*,#781,.T.);
#12152 = ORIENTED_EDGE('',*,*,#12153,.T.);
#12153 = EDGE_CURVE('',#782,#6263,#12154,.T.);
#12154 = LINE('',#12155,#12156);
#12155 = CARTESIAN_POINT('',(173.8575,-187.645,-4.6E-02));
#12156 = VECTOR('',#12157,1.);
#12157 = DIRECTION('',(0.,0.,1.));
#12158 = ORIENTED_EDGE('',*,*,#6262,.F.);
#12159 = ORIENTED_EDGE('',*,*,#12153,.F.);
#12160 = CYLINDRICAL_SURFACE('',#12161,0.4);
#12161 = AXIS2_PLACEMENT_3D('',#12162,#12163,#12164);
#12162 = CARTESIAN_POINT('',(173.8575,-187.245,-4.6E-02));
#12163 = DIRECTION('',(-0.,-0.,-1.));
#12164 = DIRECTION('',(-7.105427357601E-14,-1.,0.));
#12165 = ADVANCED_FACE('',(#12166),#12177,.F.);
#12166 = FACE_BOUND('',#12167,.T.);
#12167 = EDGE_LOOP('',(#12168,#12169,#12175,#12176));
#12168 = ORIENTED_EDGE('',*,*,#792,.T.);
#12169 = ORIENTED_EDGE('',*,*,#12170,.T.);
#12170 = EDGE_CURVE('',#793,#6274,#12171,.T.);
#12171 = LINE('',#12172,#12173);
#12172 = CARTESIAN_POINT('',(191.6075,-190.665,-4.6E-02));
#12173 = VECTOR('',#12174,1.);
#12174 = DIRECTION('',(0.,0.,1.));
#12175 = ORIENTED_EDGE('',*,*,#6273,.F.);
#12176 = ORIENTED_EDGE('',*,*,#12170,.F.);
#12177 = CYLINDRICAL_SURFACE('',#12178,0.5);
#12178 = AXIS2_PLACEMENT_3D('',#12179,#12180,#12181);
#12179 = CARTESIAN_POINT('',(191.6075,-190.165,-4.6E-02));
#12180 = DIRECTION('',(-0.,-0.,-1.));
#12181 = DIRECTION('',(-0.,-1.,0.));
#12182 = ADVANCED_FACE('',(#12183),#12194,.F.);
#12183 = FACE_BOUND('',#12184,.T.);
#12184 = EDGE_LOOP('',(#12185,#12186,#12192,#12193));
#12185 = ORIENTED_EDGE('',*,*,#803,.T.);
#12186 = ORIENTED_EDGE('',*,*,#12187,.T.);
#12187 = EDGE_CURVE('',#804,#6285,#12188,.T.);
#12188 = LINE('',#12189,#12190);
#12189 = CARTESIAN_POINT('',(194.1475,-190.665,-4.6E-02));
#12190 = VECTOR('',#12191,1.);
#12191 = DIRECTION('',(0.,0.,1.));
#12192 = ORIENTED_EDGE('',*,*,#6284,.F.);
#12193 = ORIENTED_EDGE('',*,*,#12187,.F.);
#12194 = CYLINDRICAL_SURFACE('',#12195,0.5);
#12195 = AXIS2_PLACEMENT_3D('',#12196,#12197,#12198);
#12196 = CARTESIAN_POINT('',(194.1475,-190.165,-4.6E-02));
#12197 = DIRECTION('',(-0.,-0.,-1.));
#12198 = DIRECTION('',(-0.,-1.,0.));
#12199 = ADVANCED_FACE('',(#12200),#12211,.F.);
#12200 = FACE_BOUND('',#12201,.T.);
#12201 = EDGE_LOOP('',(#12202,#12203,#12209,#12210));
#12202 = ORIENTED_EDGE('',*,*,#814,.T.);
#12203 = ORIENTED_EDGE('',*,*,#12204,.T.);
#12204 = EDGE_CURVE('',#815,#6296,#12205,.T.);
#12205 = LINE('',#12206,#12207);
#12206 = CARTESIAN_POINT('',(196.6875,-190.665,-4.6E-02));
#12207 = VECTOR('',#12208,1.);
#12208 = DIRECTION('',(0.,0.,1.));
#12209 = ORIENTED_EDGE('',*,*,#6295,.F.);
#12210 = ORIENTED_EDGE('',*,*,#12204,.F.);
#12211 = CYLINDRICAL_SURFACE('',#12212,0.5);
#12212 = AXIS2_PLACEMENT_3D('',#12213,#12214,#12215);
#12213 = CARTESIAN_POINT('',(196.6875,-190.165,-4.6E-02));
#12214 = DIRECTION('',(-0.,-0.,-1.));
#12215 = DIRECTION('',(-0.,-1.,0.));
#12216 = ADVANCED_FACE('',(#12217),#12228,.F.);
#12217 = FACE_BOUND('',#12218,.T.);
#12218 = EDGE_LOOP('',(#12219,#12220,#12226,#12227));
#12219 = ORIENTED_EDGE('',*,*,#825,.T.);
#12220 = ORIENTED_EDGE('',*,*,#12221,.T.);
#12221 = EDGE_CURVE('',#826,#6307,#12222,.T.);
#12222 = LINE('',#12223,#12224);
#12223 = CARTESIAN_POINT('',(199.2275,-190.665,-4.6E-02));
#12224 = VECTOR('',#12225,1.);
#12225 = DIRECTION('',(0.,0.,1.));
#12226 = ORIENTED_EDGE('',*,*,#6306,.F.);
#12227 = ORIENTED_EDGE('',*,*,#12221,.F.);
#12228 = CYLINDRICAL_SURFACE('',#12229,0.5);
#12229 = AXIS2_PLACEMENT_3D('',#12230,#12231,#12232);
#12230 = CARTESIAN_POINT('',(199.2275,-190.165,-4.6E-02));
#12231 = DIRECTION('',(-0.,-0.,-1.));
#12232 = DIRECTION('',(-0.,-1.,0.));
#12233 = ADVANCED_FACE('',(#12234),#12245,.F.);
#12234 = FACE_BOUND('',#12235,.T.);
#12235 = EDGE_LOOP('',(#12236,#12237,#12243,#12244));
#12236 = ORIENTED_EDGE('',*,*,#836,.T.);
#12237 = ORIENTED_EDGE('',*,*,#12238,.T.);
#12238 = EDGE_CURVE('',#837,#6318,#12239,.T.);
#12239 = LINE('',#12240,#12241);
#12240 = CARTESIAN_POINT('',(192.9075,-187.645,-4.6E-02));
#12241 = VECTOR('',#12242,1.);
#12242 = DIRECTION('',(0.,0.,1.));
#12243 = ORIENTED_EDGE('',*,*,#6317,.F.);
#12244 = ORIENTED_EDGE('',*,*,#12238,.F.);
#12245 = CYLINDRICAL_SURFACE('',#12246,0.4);
#12246 = AXIS2_PLACEMENT_3D('',#12247,#12248,#12249);
#12247 = CARTESIAN_POINT('',(192.9075,-187.245,-4.6E-02));
#12248 = DIRECTION('',(-0.,-0.,-1.));
#12249 = DIRECTION('',(-0.,-1.,0.));
#12250 = ADVANCED_FACE('',(#12251),#12267,.T.);
#12251 = FACE_BOUND('',#12252,.T.);
#12252 = EDGE_LOOP('',(#12253,#12259,#12260,#12266));
#12253 = ORIENTED_EDGE('',*,*,#12254,.T.);
#12254 = EDGE_CURVE('',#848,#6329,#12255,.T.);
#12255 = LINE('',#12256,#12257);
#12256 = CARTESIAN_POINT('',(194.1765,-193.451,0.));
#12257 = VECTOR('',#12258,1.);
#12258 = DIRECTION('',(0.,0.,1.));
#12259 = ORIENTED_EDGE('',*,*,#6328,.T.);
#12260 = ORIENTED_EDGE('',*,*,#12261,.F.);
#12261 = EDGE_CURVE('',#850,#6331,#12262,.T.);
#12262 = LINE('',#12263,#12264);
#12263 = CARTESIAN_POINT('',(205.2315,-193.454,0.));
#12264 = VECTOR('',#12265,1.);
#12265 = DIRECTION('',(0.,0.,1.));
#12266 = ORIENTED_EDGE('',*,*,#847,.F.);
#12267 = PLANE('',#12268);
#12268 = AXIS2_PLACEMENT_3D('',#12269,#12270,#12271);
#12269 = CARTESIAN_POINT('',(194.1765,-193.451,0.));
#12270 = DIRECTION('',(2.713704106333E-04,0.999999963179,-0.));
#12271 = DIRECTION('',(0.999999963179,-2.713704106333E-04,0.));
#12272 = ADVANCED_FACE('',(#12273),#12284,.T.);
#12273 = FACE_BOUND('',#12274,.T.);
#12274 = EDGE_LOOP('',(#12275,#12281,#12282,#12283));
#12275 = ORIENTED_EDGE('',*,*,#12276,.T.);
#12276 = EDGE_CURVE('',#858,#6339,#12277,.T.);
#12277 = LINE('',#12278,#12279);
#12278 = CARTESIAN_POINT('',(194.1765,-191.883,0.));
#12279 = VECTOR('',#12280,1.);
#12280 = DIRECTION('',(0.,0.,1.));
#12281 = ORIENTED_EDGE('',*,*,#6338,.T.);
#12282 = ORIENTED_EDGE('',*,*,#12254,.F.);
#12283 = ORIENTED_EDGE('',*,*,#857,.F.);
#12284 = PLANE('',#12285);
#12285 = AXIS2_PLACEMENT_3D('',#12286,#12287,#12288);
#12286 = CARTESIAN_POINT('',(194.1765,-191.883,0.));
#12287 = DIRECTION('',(1.,0.,-0.));
#12288 = DIRECTION('',(0.,-1.,0.));
#12289 = ADVANCED_FACE('',(#12290),#12301,.T.);
#12290 = FACE_BOUND('',#12291,.T.);
#12291 = EDGE_LOOP('',(#12292,#12293,#12294,#12300));
#12292 = ORIENTED_EDGE('',*,*,#12261,.T.);
#12293 = ORIENTED_EDGE('',*,*,#6370,.T.);
#12294 = ORIENTED_EDGE('',*,*,#12295,.F.);
#12295 = EDGE_CURVE('',#882,#6363,#12296,.T.);
#12296 = LINE('',#12297,#12298);
#12297 = CARTESIAN_POINT('',(205.2315,-197.271,0.));
#12298 = VECTOR('',#12299,1.);
#12299 = DIRECTION('',(0.,0.,1.));
#12300 = ORIENTED_EDGE('',*,*,#889,.F.);
#12301 = PLANE('',#12302);
#12302 = AXIS2_PLACEMENT_3D('',#12303,#12304,#12305);
#12303 = CARTESIAN_POINT('',(205.2315,-193.454,0.));
#12304 = DIRECTION('',(1.,0.,-0.));
#12305 = DIRECTION('',(0.,-1.,0.));
#12306 = ADVANCED_FACE('',(#12307),#12318,.T.);
#12307 = FACE_BOUND('',#12308,.T.);
#12308 = EDGE_LOOP('',(#12309,#12315,#12316,#12317));
#12309 = ORIENTED_EDGE('',*,*,#12310,.T.);
#12310 = EDGE_CURVE('',#866,#6347,#12311,.T.);
#12311 = LINE('',#12312,#12313);
#12312 = CARTESIAN_POINT('',(210.1085,-191.883,0.));
#12313 = VECTOR('',#12314,1.);
#12314 = DIRECTION('',(0.,0.,1.));
#12315 = ORIENTED_EDGE('',*,*,#6346,.T.);
#12316 = ORIENTED_EDGE('',*,*,#12276,.F.);
#12317 = ORIENTED_EDGE('',*,*,#865,.F.);
#12318 = PLANE('',#12319);
#12319 = AXIS2_PLACEMENT_3D('',#12320,#12321,#12322);
#12320 = CARTESIAN_POINT('',(210.1085,-191.883,0.));
#12321 = DIRECTION('',(0.,-1.,0.));
#12322 = DIRECTION('',(-1.,0.,0.));
#12323 = ADVANCED_FACE('',(#12324),#12335,.T.);
#12324 = FACE_BOUND('',#12325,.T.);
#12325 = EDGE_LOOP('',(#12326,#12327,#12328,#12334));
#12326 = ORIENTED_EDGE('',*,*,#12295,.T.);
#12327 = ORIENTED_EDGE('',*,*,#6362,.T.);
#12328 = ORIENTED_EDGE('',*,*,#12329,.F.);
#12329 = EDGE_CURVE('',#874,#6355,#12330,.T.);
#12330 = LINE('',#12331,#12332);
#12331 = CARTESIAN_POINT('',(210.1085,-197.271,0.));
#12332 = VECTOR('',#12333,1.);
#12333 = DIRECTION('',(0.,0.,1.));
#12334 = ORIENTED_EDGE('',*,*,#881,.F.);
#12335 = PLANE('',#12336);
#12336 = AXIS2_PLACEMENT_3D('',#12337,#12338,#12339);
#12337 = CARTESIAN_POINT('',(205.2315,-197.271,0.));
#12338 = DIRECTION('',(0.,1.,0.));
#12339 = DIRECTION('',(1.,0.,0.));
#12340 = ADVANCED_FACE('',(#12341),#12347,.T.);
#12341 = FACE_BOUND('',#12342,.T.);
#12342 = EDGE_LOOP('',(#12343,#12344,#12345,#12346));
#12343 = ORIENTED_EDGE('',*,*,#12329,.T.);
#12344 = ORIENTED_EDGE('',*,*,#6354,.T.);
#12345 = ORIENTED_EDGE('',*,*,#12310,.F.);
#12346 = ORIENTED_EDGE('',*,*,#873,.F.);
#12347 = PLANE('',#12348);
#12348 = AXIS2_PLACEMENT_3D('',#12349,#12350,#12351);
#12349 = CARTESIAN_POINT('',(210.1085,-197.271,0.));
#12350 = DIRECTION('',(-1.,0.,0.));
#12351 = DIRECTION('',(0.,1.,0.));
#12352 = ADVANCED_FACE('',(#12353),#12364,.F.);
#12353 = FACE_BOUND('',#12354,.T.);
#12354 = EDGE_LOOP('',(#12355,#12356,#12362,#12363));
#12355 = ORIENTED_EDGE('',*,*,#897,.T.);
#12356 = ORIENTED_EDGE('',*,*,#12357,.T.);
#12357 = EDGE_CURVE('',#898,#6379,#12358,.T.);
#12358 = LINE('',#12359,#12360);
#12359 = CARTESIAN_POINT('',(211.9275,-195.745,-4.6E-02));
#12360 = VECTOR('',#12361,1.);
#12361 = DIRECTION('',(0.,0.,1.));
#12362 = ORIENTED_EDGE('',*,*,#6378,.F.);
#12363 = ORIENTED_EDGE('',*,*,#12357,.F.);
#12364 = CYLINDRICAL_SURFACE('',#12365,0.5);
#12365 = AXIS2_PLACEMENT_3D('',#12366,#12367,#12368);
#12366 = CARTESIAN_POINT('',(211.9275,-195.245,-4.6E-02));
#12367 = DIRECTION('',(-0.,-0.,-1.));
#12368 = DIRECTION('',(-0.,-1.,0.));
#12369 = ADVANCED_FACE('',(#12370),#12381,.F.);
#12370 = FACE_BOUND('',#12371,.T.);
#12371 = EDGE_LOOP('',(#12372,#12373,#12379,#12380));
#12372 = ORIENTED_EDGE('',*,*,#908,.T.);
#12373 = ORIENTED_EDGE('',*,*,#12374,.T.);
#12374 = EDGE_CURVE('',#909,#6390,#12375,.T.);
#12375 = LINE('',#12376,#12377);
#12376 = CARTESIAN_POINT('',(211.9275,-193.205,-4.6E-02));
#12377 = VECTOR('',#12378,1.);
#12378 = DIRECTION('',(0.,0.,1.));
#12379 = ORIENTED_EDGE('',*,*,#6389,.F.);
#12380 = ORIENTED_EDGE('',*,*,#12374,.F.);
#12381 = CYLINDRICAL_SURFACE('',#12382,0.5);
#12382 = AXIS2_PLACEMENT_3D('',#12383,#12384,#12385);
#12383 = CARTESIAN_POINT('',(211.9275,-192.705,-4.6E-02));
#12384 = DIRECTION('',(-0.,-0.,-1.));
#12385 = DIRECTION('',(-0.,-1.,0.));
#12386 = ADVANCED_FACE('',(#12387),#12398,.F.);
#12387 = FACE_BOUND('',#12388,.T.);
#12388 = EDGE_LOOP('',(#12389,#12390,#12396,#12397));
#12389 = ORIENTED_EDGE('',*,*,#919,.T.);
#12390 = ORIENTED_EDGE('',*,*,#12391,.T.);
#12391 = EDGE_CURVE('',#920,#6401,#12392,.T.);
#12392 = LINE('',#12393,#12394);
#12393 = CARTESIAN_POINT('',(220.06125,-196.835,-4.6E-02));
#12394 = VECTOR('',#12395,1.);
#12395 = DIRECTION('',(0.,0.,1.));
#12396 = ORIENTED_EDGE('',*,*,#6400,.F.);
#12397 = ORIENTED_EDGE('',*,*,#12391,.F.);
#12398 = CYLINDRICAL_SURFACE('',#12399,1.5);
#12399 = AXIS2_PLACEMENT_3D('',#12400,#12401,#12402);
#12400 = CARTESIAN_POINT('',(220.06125,-195.335,-4.6E-02));
#12401 = DIRECTION('',(-0.,-0.,-1.));
#12402 = DIRECTION('',(-0.,-1.,0.));
#12403 = ADVANCED_FACE('',(#12404),#12415,.F.);
#12404 = FACE_BOUND('',#12405,.T.);
#12405 = EDGE_LOOP('',(#12406,#12407,#12413,#12414));
#12406 = ORIENTED_EDGE('',*,*,#930,.T.);
#12407 = ORIENTED_EDGE('',*,*,#12408,.T.);
#12408 = EDGE_CURVE('',#931,#6412,#12409,.T.);
#12409 = LINE('',#12410,#12411);
#12410 = CARTESIAN_POINT('',(226.41125,-194.295,-4.6E-02));
#12411 = VECTOR('',#12412,1.);
#12412 = DIRECTION('',(0.,0.,1.));
#12413 = ORIENTED_EDGE('',*,*,#6411,.F.);
#12414 = ORIENTED_EDGE('',*,*,#12408,.F.);
#12415 = CYLINDRICAL_SURFACE('',#12416,1.5);
#12416 = AXIS2_PLACEMENT_3D('',#12417,#12418,#12419);
#12417 = CARTESIAN_POINT('',(226.41125,-192.795,-4.6E-02));
#12418 = DIRECTION('',(-0.,-0.,-1.));
#12419 = DIRECTION('',(-0.,-1.,0.));
#12420 = ADVANCED_FACE('',(#12421),#12432,.F.);
#12421 = FACE_BOUND('',#12422,.T.);
#12422 = EDGE_LOOP('',(#12423,#12424,#12430,#12431));
#12423 = ORIENTED_EDGE('',*,*,#941,.T.);
#12424 = ORIENTED_EDGE('',*,*,#12425,.T.);
#12425 = EDGE_CURVE('',#942,#6423,#12426,.T.);
#12426 = LINE('',#12427,#12428);
#12427 = CARTESIAN_POINT('',(201.7675,-190.665,-4.6E-02));
#12428 = VECTOR('',#12429,1.);
#12429 = DIRECTION('',(0.,0.,1.));
#12430 = ORIENTED_EDGE('',*,*,#6422,.F.);
#12431 = ORIENTED_EDGE('',*,*,#12425,.F.);
#12432 = CYLINDRICAL_SURFACE('',#12433,0.5);
#12433 = AXIS2_PLACEMENT_3D('',#12434,#12435,#12436);
#12434 = CARTESIAN_POINT('',(201.7675,-190.165,-4.6E-02));
#12435 = DIRECTION('',(-0.,-0.,-1.));
#12436 = DIRECTION('',(-0.,-1.,0.));
#12437 = ADVANCED_FACE('',(#12438),#12449,.F.);
#12438 = FACE_BOUND('',#12439,.T.);
#12439 = EDGE_LOOP('',(#12440,#12441,#12447,#12448));
#12440 = ORIENTED_EDGE('',*,*,#952,.T.);
#12441 = ORIENTED_EDGE('',*,*,#12442,.T.);
#12442 = EDGE_CURVE('',#953,#6434,#12443,.T.);
#12443 = LINE('',#12444,#12445);
#12444 = CARTESIAN_POINT('',(204.3075,-190.665,-4.6E-02));
#12445 = VECTOR('',#12446,1.);
#12446 = DIRECTION('',(0.,0.,1.));
#12447 = ORIENTED_EDGE('',*,*,#6433,.F.);
#12448 = ORIENTED_EDGE('',*,*,#12442,.F.);
#12449 = CYLINDRICAL_SURFACE('',#12450,0.5);
#12450 = AXIS2_PLACEMENT_3D('',#12451,#12452,#12453);
#12451 = CARTESIAN_POINT('',(204.3075,-190.165,-4.6E-02));
#12452 = DIRECTION('',(-0.,-0.,-1.));
#12453 = DIRECTION('',(-0.,-1.,0.));
#12454 = ADVANCED_FACE('',(#12455),#12466,.F.);
#12455 = FACE_BOUND('',#12456,.T.);
#12456 = EDGE_LOOP('',(#12457,#12458,#12464,#12465));
#12457 = ORIENTED_EDGE('',*,*,#963,.T.);
#12458 = ORIENTED_EDGE('',*,*,#12459,.T.);
#12459 = EDGE_CURVE('',#964,#6445,#12460,.T.);
#12460 = LINE('',#12461,#12462);
#12461 = CARTESIAN_POINT('',(206.8475,-190.665,-4.6E-02));
#12462 = VECTOR('',#12463,1.);
#12463 = DIRECTION('',(0.,0.,1.));
#12464 = ORIENTED_EDGE('',*,*,#6444,.F.);
#12465 = ORIENTED_EDGE('',*,*,#12459,.F.);
#12466 = CYLINDRICAL_SURFACE('',#12467,0.5);
#12467 = AXIS2_PLACEMENT_3D('',#12468,#12469,#12470);
#12468 = CARTESIAN_POINT('',(206.8475,-190.165,-4.6E-02));
#12469 = DIRECTION('',(-0.,-0.,-1.));
#12470 = DIRECTION('',(-0.,-1.,0.));
#12471 = ADVANCED_FACE('',(#12472),#12483,.F.);
#12472 = FACE_BOUND('',#12473,.T.);
#12473 = EDGE_LOOP('',(#12474,#12475,#12481,#12482));
#12474 = ORIENTED_EDGE('',*,*,#974,.T.);
#12475 = ORIENTED_EDGE('',*,*,#12476,.T.);
#12476 = EDGE_CURVE('',#975,#6456,#12477,.T.);
#12477 = LINE('',#12478,#12479);
#12478 = CARTESIAN_POINT('',(209.3875,-190.665,-4.6E-02));
#12479 = VECTOR('',#12480,1.);
#12480 = DIRECTION('',(0.,0.,1.));
#12481 = ORIENTED_EDGE('',*,*,#6455,.F.);
#12482 = ORIENTED_EDGE('',*,*,#12476,.F.);
#12483 = CYLINDRICAL_SURFACE('',#12484,0.5);
#12484 = AXIS2_PLACEMENT_3D('',#12485,#12486,#12487);
#12485 = CARTESIAN_POINT('',(209.3875,-190.165,-4.6E-02));
#12486 = DIRECTION('',(-0.,-0.,-1.));
#12487 = DIRECTION('',(-0.,-1.,0.));
#12488 = ADVANCED_FACE('',(#12489),#12500,.F.);
#12489 = FACE_BOUND('',#12490,.T.);
#12490 = EDGE_LOOP('',(#12491,#12492,#12498,#12499));
#12491 = ORIENTED_EDGE('',*,*,#985,.T.);
#12492 = ORIENTED_EDGE('',*,*,#12493,.T.);
#12493 = EDGE_CURVE('',#986,#6467,#12494,.T.);
#12494 = LINE('',#12495,#12496);
#12495 = CARTESIAN_POINT('',(211.9275,-190.665,-4.6E-02));
#12496 = VECTOR('',#12497,1.);
#12497 = DIRECTION('',(0.,0.,1.));
#12498 = ORIENTED_EDGE('',*,*,#6466,.F.);
#12499 = ORIENTED_EDGE('',*,*,#12493,.F.);
#12500 = CYLINDRICAL_SURFACE('',#12501,0.5);
#12501 = AXIS2_PLACEMENT_3D('',#12502,#12503,#12504);
#12502 = CARTESIAN_POINT('',(211.9275,-190.165,-4.6E-02));
#12503 = DIRECTION('',(-0.,-0.,-1.));
#12504 = DIRECTION('',(-0.,-1.,0.));
#12505 = ADVANCED_FACE('',(#12506),#12517,.F.);
#12506 = FACE_BOUND('',#12507,.T.);
#12507 = EDGE_LOOP('',(#12508,#12509,#12515,#12516));
#12508 = ORIENTED_EDGE('',*,*,#996,.T.);
#12509 = ORIENTED_EDGE('',*,*,#12510,.T.);
#12510 = EDGE_CURVE('',#997,#6478,#12511,.T.);
#12511 = LINE('',#12512,#12513);
#12512 = CARTESIAN_POINT('',(211.9575,-187.645,-4.6E-02));
#12513 = VECTOR('',#12514,1.);
#12514 = DIRECTION('',(0.,0.,1.));
#12515 = ORIENTED_EDGE('',*,*,#6477,.F.);
#12516 = ORIENTED_EDGE('',*,*,#12510,.F.);
#12517 = CYLINDRICAL_SURFACE('',#12518,0.4);
#12518 = AXIS2_PLACEMENT_3D('',#12519,#12520,#12521);
#12519 = CARTESIAN_POINT('',(211.9575,-187.245,-4.6E-02));
#12520 = DIRECTION('',(-0.,0.,-1.));
#12521 = DIRECTION('',(7.1054273576E-14,-1.,-0.));
#12522 = ADVANCED_FACE('',(#12523),#12534,.F.);
#12523 = FACE_BOUND('',#12524,.T.);
#12524 = EDGE_LOOP('',(#12525,#12526,#12532,#12533));
#12525 = ORIENTED_EDGE('',*,*,#1007,.T.);
#12526 = ORIENTED_EDGE('',*,*,#12527,.T.);
#12527 = EDGE_CURVE('',#1008,#6489,#12528,.T.);
#12528 = LINE('',#12529,#12530);
#12529 = CARTESIAN_POINT('',(231.0075,-187.615,-4.6E-02));
#12530 = VECTOR('',#12531,1.);
#12531 = DIRECTION('',(0.,0.,1.));
#12532 = ORIENTED_EDGE('',*,*,#6488,.F.);
#12533 = ORIENTED_EDGE('',*,*,#12527,.F.);
#12534 = CYLINDRICAL_SURFACE('',#12535,0.4);
#12535 = AXIS2_PLACEMENT_3D('',#12536,#12537,#12538);
#12536 = CARTESIAN_POINT('',(231.0075,-187.215,-4.6E-02));
#12537 = DIRECTION('',(-0.,-0.,-1.));
#12538 = DIRECTION('',(-0.,-1.,0.));
#12539 = ADVANCED_FACE('',(#12540),#12551,.F.);
#12540 = FACE_BOUND('',#12541,.T.);
#12541 = EDGE_LOOP('',(#12542,#12543,#12549,#12550));
#12542 = ORIENTED_EDGE('',*,*,#1018,.T.);
#12543 = ORIENTED_EDGE('',*,*,#12544,.T.);
#12544 = EDGE_CURVE('',#1019,#6500,#12545,.T.);
#12545 = LINE('',#12546,#12547);
#12546 = CARTESIAN_POINT('',(109.25375,-179.7,-4.6E-02));
#12547 = VECTOR('',#12548,1.);
#12548 = DIRECTION('',(0.,0.,1.));
#12549 = ORIENTED_EDGE('',*,*,#6499,.F.);
#12550 = ORIENTED_EDGE('',*,*,#12544,.F.);
#12551 = CYLINDRICAL_SURFACE('',#12552,0.875);
#12552 = AXIS2_PLACEMENT_3D('',#12553,#12554,#12555);
#12553 = CARTESIAN_POINT('',(109.25375,-178.825,-4.6E-02));
#12554 = DIRECTION('',(-0.,-0.,-1.));
#12555 = DIRECTION('',(-0.,-1.,0.));
#12556 = ADVANCED_FACE('',(#12557),#12568,.F.);
#12557 = FACE_BOUND('',#12558,.T.);
#12558 = EDGE_LOOP('',(#12559,#12560,#12566,#12567));
#12559 = ORIENTED_EDGE('',*,*,#1029,.T.);
#12560 = ORIENTED_EDGE('',*,*,#12561,.T.);
#12561 = EDGE_CURVE('',#1030,#6511,#12562,.T.);
#12562 = LINE('',#12563,#12564);
#12563 = CARTESIAN_POINT('',(114.33375,-180.8189,-4.6E-02));
#12564 = VECTOR('',#12565,1.);
#12565 = DIRECTION('',(0.,0.,1.));
#12566 = ORIENTED_EDGE('',*,*,#6510,.F.);
#12567 = ORIENTED_EDGE('',*,*,#12561,.F.);
#12568 = CYLINDRICAL_SURFACE('',#12569,1.9939);
#12569 = AXIS2_PLACEMENT_3D('',#12570,#12571,#12572);
#12570 = CARTESIAN_POINT('',(114.33375,-178.825,-4.6E-02));
#12571 = DIRECTION('',(-0.,-0.,-1.));
#12572 = DIRECTION('',(-7.127165211496E-15,-1.,0.));
#12573 = ADVANCED_FACE('',(#12574),#12585,.F.);
#12574 = FACE_BOUND('',#12575,.T.);
#12575 = EDGE_LOOP('',(#12576,#12577,#12583,#12584));
#12576 = ORIENTED_EDGE('',*,*,#1040,.T.);
#12577 = ORIENTED_EDGE('',*,*,#12578,.T.);
#12578 = EDGE_CURVE('',#1041,#6522,#12579,.T.);
#12579 = LINE('',#12580,#12581);
#12580 = CARTESIAN_POINT('',(119.41375,-179.7,-4.6E-02));
#12581 = VECTOR('',#12582,1.);
#12582 = DIRECTION('',(0.,0.,1.));
#12583 = ORIENTED_EDGE('',*,*,#6521,.F.);
#12584 = ORIENTED_EDGE('',*,*,#12578,.F.);
#12585 = CYLINDRICAL_SURFACE('',#12586,0.875);
#12586 = AXIS2_PLACEMENT_3D('',#12587,#12588,#12589);
#12587 = CARTESIAN_POINT('',(119.41375,-178.825,-4.6E-02));
#12588 = DIRECTION('',(-0.,-0.,-1.));
#12589 = DIRECTION('',(-0.,-1.,0.));
#12590 = ADVANCED_FACE('',(#12591),#12602,.F.);
#12591 = FACE_BOUND('',#12592,.T.);
#12592 = EDGE_LOOP('',(#12593,#12594,#12600,#12601));
#12593 = ORIENTED_EDGE('',*,*,#1051,.T.);
#12594 = ORIENTED_EDGE('',*,*,#12595,.T.);
#12595 = EDGE_CURVE('',#1052,#6533,#12596,.T.);
#12596 = LINE('',#12597,#12598);
#12597 = CARTESIAN_POINT('',(130.85125,-180.08,-4.6E-02));
#12598 = VECTOR('',#12599,1.);
#12599 = DIRECTION('',(0.,0.,1.));
#12600 = ORIENTED_EDGE('',*,*,#6532,.F.);
#12601 = ORIENTED_EDGE('',*,*,#12595,.F.);
#12602 = CYLINDRICAL_SURFACE('',#12603,0.4);
#12603 = AXIS2_PLACEMENT_3D('',#12604,#12605,#12606);
#12604 = CARTESIAN_POINT('',(130.85125,-179.68,-4.6E-02));
#12605 = DIRECTION('',(-0.,-0.,-1.));
#12606 = DIRECTION('',(-0.,-1.,0.));
#12607 = ADVANCED_FACE('',(#12608),#12619,.F.);
#12608 = FACE_BOUND('',#12609,.T.);
#12609 = EDGE_LOOP('',(#12610,#12611,#12617,#12618));
#12610 = ORIENTED_EDGE('',*,*,#1062,.T.);
#12611 = ORIENTED_EDGE('',*,*,#12612,.T.);
#12612 = EDGE_CURVE('',#1063,#6544,#12613,.T.);
#12613 = LINE('',#12614,#12615);
#12614 = CARTESIAN_POINT('',(110.52375,-177.785,-4.6E-02));
#12615 = VECTOR('',#12616,1.);
#12616 = DIRECTION('',(0.,0.,1.));
#12617 = ORIENTED_EDGE('',*,*,#6543,.F.);
#12618 = ORIENTED_EDGE('',*,*,#12612,.F.);
#12619 = CYLINDRICAL_SURFACE('',#12620,1.5);
#12620 = AXIS2_PLACEMENT_3D('',#12621,#12622,#12623);
#12621 = CARTESIAN_POINT('',(110.52375,-176.285,-4.6E-02));
#12622 = DIRECTION('',(-0.,-0.,-1.));
#12623 = DIRECTION('',(-0.,-1.,0.));
#12624 = ADVANCED_FACE('',(#12625),#12636,.F.);
#12625 = FACE_BOUND('',#12626,.T.);
#12626 = EDGE_LOOP('',(#12627,#12628,#12634,#12635));
#12627 = ORIENTED_EDGE('',*,*,#1073,.T.);
#12628 = ORIENTED_EDGE('',*,*,#12629,.T.);
#12629 = EDGE_CURVE('',#1074,#6555,#12630,.T.);
#12630 = LINE('',#12631,#12632);
#12631 = CARTESIAN_POINT('',(116.87375,-175.245,-4.6E-02));
#12632 = VECTOR('',#12633,1.);
#12633 = DIRECTION('',(0.,0.,1.));
#12634 = ORIENTED_EDGE('',*,*,#6554,.F.);
#12635 = ORIENTED_EDGE('',*,*,#12629,.F.);
#12636 = CYLINDRICAL_SURFACE('',#12637,1.5);
#12637 = AXIS2_PLACEMENT_3D('',#12638,#12639,#12640);
#12638 = CARTESIAN_POINT('',(116.87375,-173.745,-4.6E-02));
#12639 = DIRECTION('',(-0.,-0.,-1.));
#12640 = DIRECTION('',(-0.,-1.,0.));
#12641 = ADVANCED_FACE('',(#12642),#12653,.F.);
#12642 = FACE_BOUND('',#12643,.T.);
#12643 = EDGE_LOOP('',(#12644,#12645,#12651,#12652));
#12644 = ORIENTED_EDGE('',*,*,#1084,.T.);
#12645 = ORIENTED_EDGE('',*,*,#12646,.T.);
#12646 = EDGE_CURVE('',#1085,#6566,#12647,.T.);
#12647 = LINE('',#12648,#12649);
#12648 = CARTESIAN_POINT('',(140.21,-179.7,-4.6E-02));
#12649 = VECTOR('',#12650,1.);
#12650 = DIRECTION('',(0.,0.,1.));
#12651 = ORIENTED_EDGE('',*,*,#6565,.F.);
#12652 = ORIENTED_EDGE('',*,*,#12646,.F.);
#12653 = CYLINDRICAL_SURFACE('',#12654,0.875);
#12654 = AXIS2_PLACEMENT_3D('',#12655,#12656,#12657);
#12655 = CARTESIAN_POINT('',(140.21,-178.825,-4.6E-02));
#12656 = DIRECTION('',(-0.,-0.,-1.));
#12657 = DIRECTION('',(-0.,-1.,0.));
#12658 = ADVANCED_FACE('',(#12659),#12670,.F.);
#12659 = FACE_BOUND('',#12660,.T.);
#12660 = EDGE_LOOP('',(#12661,#12662,#12668,#12669));
#12661 = ORIENTED_EDGE('',*,*,#1095,.T.);
#12662 = ORIENTED_EDGE('',*,*,#12663,.T.);
#12663 = EDGE_CURVE('',#1096,#6577,#12664,.T.);
#12664 = LINE('',#12665,#12666);
#12665 = CARTESIAN_POINT('',(145.29,-180.8189,-4.6E-02));
#12666 = VECTOR('',#12667,1.);
#12667 = DIRECTION('',(0.,0.,1.));
#12668 = ORIENTED_EDGE('',*,*,#6576,.F.);
#12669 = ORIENTED_EDGE('',*,*,#12663,.F.);
#12670 = CYLINDRICAL_SURFACE('',#12671,1.9939);
#12671 = AXIS2_PLACEMENT_3D('',#12672,#12673,#12674);
#12672 = CARTESIAN_POINT('',(145.29,-178.825,-4.6E-02));
#12673 = DIRECTION('',(-0.,-0.,-1.));
#12674 = DIRECTION('',(-0.,-1.,0.));
#12675 = ADVANCED_FACE('',(#12676),#12687,.F.);
#12676 = FACE_BOUND('',#12677,.T.);
#12677 = EDGE_LOOP('',(#12678,#12679,#12685,#12686));
#12678 = ORIENTED_EDGE('',*,*,#1106,.T.);
#12679 = ORIENTED_EDGE('',*,*,#12680,.T.);
#12680 = EDGE_CURVE('',#1107,#6588,#12681,.T.);
#12681 = LINE('',#12682,#12683);
#12682 = CARTESIAN_POINT('',(150.37,-179.7,-4.6E-02));
#12683 = VECTOR('',#12684,1.);
#12684 = DIRECTION('',(0.,0.,1.));
#12685 = ORIENTED_EDGE('',*,*,#6587,.F.);
#12686 = ORIENTED_EDGE('',*,*,#12680,.F.);
#12687 = CYLINDRICAL_SURFACE('',#12688,0.875);
#12688 = AXIS2_PLACEMENT_3D('',#12689,#12690,#12691);
#12689 = CARTESIAN_POINT('',(150.37,-178.825,-4.6E-02));
#12690 = DIRECTION('',(-0.,-0.,-1.));
#12691 = DIRECTION('',(-0.,-1.,0.));
#12692 = ADVANCED_FACE('',(#12693),#12704,.F.);
#12693 = FACE_BOUND('',#12694,.T.);
#12694 = EDGE_LOOP('',(#12695,#12696,#12702,#12703));
#12695 = ORIENTED_EDGE('',*,*,#1117,.T.);
#12696 = ORIENTED_EDGE('',*,*,#12697,.T.);
#12697 = EDGE_CURVE('',#1118,#6599,#12698,.T.);
#12698 = LINE('',#12699,#12700);
#12699 = CARTESIAN_POINT('',(154.8075,-180.025,-4.6E-02));
#12700 = VECTOR('',#12701,1.);
#12701 = DIRECTION('',(0.,0.,1.));
#12702 = ORIENTED_EDGE('',*,*,#6598,.F.);
#12703 = ORIENTED_EDGE('',*,*,#12697,.F.);
#12704 = CYLINDRICAL_SURFACE('',#12705,0.4);
#12705 = AXIS2_PLACEMENT_3D('',#12706,#12707,#12708);
#12706 = CARTESIAN_POINT('',(154.8075,-179.625,-4.6E-02));
#12707 = DIRECTION('',(-0.,-0.,-1.));
#12708 = DIRECTION('',(-0.,-1.,0.));
#12709 = ADVANCED_FACE('',(#12710),#12721,.F.);
#12710 = FACE_BOUND('',#12711,.T.);
#12711 = EDGE_LOOP('',(#12712,#12713,#12719,#12720));
#12712 = ORIENTED_EDGE('',*,*,#1128,.T.);
#12713 = ORIENTED_EDGE('',*,*,#12714,.T.);
#12714 = EDGE_CURVE('',#1129,#6610,#12715,.T.);
#12715 = LINE('',#12716,#12717);
#12716 = CARTESIAN_POINT('',(159.26,-179.7,-4.6E-02));
#12717 = VECTOR('',#12718,1.);
#12718 = DIRECTION('',(0.,0.,1.));
#12719 = ORIENTED_EDGE('',*,*,#6609,.F.);
#12720 = ORIENTED_EDGE('',*,*,#12714,.F.);
#12721 = CYLINDRICAL_SURFACE('',#12722,0.875);
#12722 = AXIS2_PLACEMENT_3D('',#12723,#12724,#12725);
#12723 = CARTESIAN_POINT('',(159.26,-178.825,-4.6E-02));
#12724 = DIRECTION('',(-0.,-0.,-1.));
#12725 = DIRECTION('',(-0.,-1.,0.));
#12726 = ADVANCED_FACE('',(#12727),#12738,.F.);
#12727 = FACE_BOUND('',#12728,.T.);
#12728 = EDGE_LOOP('',(#12729,#12730,#12736,#12737));
#12729 = ORIENTED_EDGE('',*,*,#1139,.T.);
#12730 = ORIENTED_EDGE('',*,*,#12731,.T.);
#12731 = EDGE_CURVE('',#1140,#6621,#12732,.T.);
#12732 = LINE('',#12733,#12734);
#12733 = CARTESIAN_POINT('',(164.34,-180.8189,-4.6E-02));
#12734 = VECTOR('',#12735,1.);
#12735 = DIRECTION('',(0.,0.,1.));
#12736 = ORIENTED_EDGE('',*,*,#6620,.F.);
#12737 = ORIENTED_EDGE('',*,*,#12731,.F.);
#12738 = CYLINDRICAL_SURFACE('',#12739,1.9939);
#12739 = AXIS2_PLACEMENT_3D('',#12740,#12741,#12742);
#12740 = CARTESIAN_POINT('',(164.34,-178.825,-4.6E-02));
#12741 = DIRECTION('',(-0.,-0.,-1.));
#12742 = DIRECTION('',(-0.,-1.,0.));
#12743 = ADVANCED_FACE('',(#12744),#12755,.F.);
#12744 = FACE_BOUND('',#12745,.T.);
#12745 = EDGE_LOOP('',(#12746,#12747,#12753,#12754));
#12746 = ORIENTED_EDGE('',*,*,#1150,.T.);
#12747 = ORIENTED_EDGE('',*,*,#12748,.T.);
#12748 = EDGE_CURVE('',#1151,#6632,#12749,.T.);
#12749 = LINE('',#12750,#12751);
#12750 = CARTESIAN_POINT('',(141.48,-177.785,-4.6E-02));
#12751 = VECTOR('',#12752,1.);
#12752 = DIRECTION('',(0.,0.,1.));
#12753 = ORIENTED_EDGE('',*,*,#6631,.F.);
#12754 = ORIENTED_EDGE('',*,*,#12748,.F.);
#12755 = CYLINDRICAL_SURFACE('',#12756,1.5);
#12756 = AXIS2_PLACEMENT_3D('',#12757,#12758,#12759);
#12757 = CARTESIAN_POINT('',(141.48,-176.285,-4.6E-02));
#12758 = DIRECTION('',(-0.,-0.,-1.));
#12759 = DIRECTION('',(-0.,-1.,0.));
#12760 = ADVANCED_FACE('',(#12761),#12772,.F.);
#12761 = FACE_BOUND('',#12762,.T.);
#12762 = EDGE_LOOP('',(#12763,#12764,#12770,#12771));
#12763 = ORIENTED_EDGE('',*,*,#1161,.T.);
#12764 = ORIENTED_EDGE('',*,*,#12765,.T.);
#12765 = EDGE_CURVE('',#1162,#6643,#12766,.T.);
#12766 = LINE('',#12767,#12768);
#12767 = CARTESIAN_POINT('',(147.83,-175.245,-4.6E-02));
#12768 = VECTOR('',#12769,1.);
#12769 = DIRECTION('',(0.,0.,1.));
#12770 = ORIENTED_EDGE('',*,*,#6642,.F.);
#12771 = ORIENTED_EDGE('',*,*,#12765,.F.);
#12772 = CYLINDRICAL_SURFACE('',#12773,1.5);
#12773 = AXIS2_PLACEMENT_3D('',#12774,#12775,#12776);
#12774 = CARTESIAN_POINT('',(147.83,-173.745,-4.6E-02));
#12775 = DIRECTION('',(-0.,-0.,-1.));
#12776 = DIRECTION('',(-0.,-1.,0.));
#12777 = ADVANCED_FACE('',(#12778),#12789,.F.);
#12778 = FACE_BOUND('',#12779,.T.);
#12779 = EDGE_LOOP('',(#12780,#12781,#12787,#12788));
#12780 = ORIENTED_EDGE('',*,*,#1172,.T.);
#12781 = ORIENTED_EDGE('',*,*,#12782,.T.);
#12782 = EDGE_CURVE('',#1173,#6654,#12783,.T.);
#12783 = LINE('',#12784,#12785);
#12784 = CARTESIAN_POINT('',(160.53,-177.785,-4.6E-02));
#12785 = VECTOR('',#12786,1.);
#12786 = DIRECTION('',(0.,0.,1.));
#12787 = ORIENTED_EDGE('',*,*,#6653,.F.);
#12788 = ORIENTED_EDGE('',*,*,#12782,.F.);
#12789 = CYLINDRICAL_SURFACE('',#12790,1.5);
#12790 = AXIS2_PLACEMENT_3D('',#12791,#12792,#12793);
#12791 = CARTESIAN_POINT('',(160.53,-176.285,-4.6E-02));
#12792 = DIRECTION('',(-0.,-0.,-1.));
#12793 = DIRECTION('',(-0.,-1.,0.));
#12794 = ADVANCED_FACE('',(#12795),#12806,.F.);
#12795 = FACE_BOUND('',#12796,.T.);
#12796 = EDGE_LOOP('',(#12797,#12798,#12804,#12805));
#12797 = ORIENTED_EDGE('',*,*,#1183,.T.);
#12798 = ORIENTED_EDGE('',*,*,#12799,.T.);
#12799 = EDGE_CURVE('',#1184,#6665,#12800,.T.);
#12800 = LINE('',#12801,#12802);
#12801 = CARTESIAN_POINT('',(102.4275,-173.364,-4.6E-02));
#12802 = VECTOR('',#12803,1.);
#12803 = DIRECTION('',(0.,0.,1.));
#12804 = ORIENTED_EDGE('',*,*,#6664,.F.);
#12805 = ORIENTED_EDGE('',*,*,#12799,.F.);
#12806 = CYLINDRICAL_SURFACE('',#12807,1.524);
#12807 = AXIS2_PLACEMENT_3D('',#12808,#12809,#12810);
#12808 = CARTESIAN_POINT('',(102.4275,-171.84,-4.6E-02));
#12809 = DIRECTION('',(-0.,-0.,-1.));
#12810 = DIRECTION('',(-0.,-1.,0.));
#12811 = ADVANCED_FACE('',(#12812),#12823,.F.);
#12812 = FACE_BOUND('',#12813,.T.);
#12813 = EDGE_LOOP('',(#12814,#12815,#12821,#12822));
#12814 = ORIENTED_EDGE('',*,*,#1194,.T.);
#12815 = ORIENTED_EDGE('',*,*,#12816,.T.);
#12816 = EDGE_CURVE('',#1195,#6676,#12817,.T.);
#12817 = LINE('',#12818,#12819);
#12818 = CARTESIAN_POINT('',(126.24,-173.364,-4.6E-02));
#12819 = VECTOR('',#12820,1.);
#12820 = DIRECTION('',(0.,0.,1.));
#12821 = ORIENTED_EDGE('',*,*,#6675,.F.);
#12822 = ORIENTED_EDGE('',*,*,#12816,.F.);
#12823 = CYLINDRICAL_SURFACE('',#12824,1.524);
#12824 = AXIS2_PLACEMENT_3D('',#12825,#12826,#12827);
#12825 = CARTESIAN_POINT('',(126.24,-171.84,-4.6E-02));
#12826 = DIRECTION('',(-0.,-0.,-1.));
#12827 = DIRECTION('',(-0.,-1.,0.));
#12828 = ADVANCED_FACE('',(#12829),#12840,.F.);
#12829 = FACE_BOUND('',#12830,.T.);
#12830 = EDGE_LOOP('',(#12831,#12832,#12838,#12839));
#12831 = ORIENTED_EDGE('',*,*,#1205,.T.);
#12832 = ORIENTED_EDGE('',*,*,#12833,.T.);
#12833 = EDGE_CURVE('',#1206,#6687,#12834,.T.);
#12834 = LINE('',#12835,#12836);
#12835 = CARTESIAN_POINT('',(119.09375,-168.595,-4.6E-02));
#12836 = VECTOR('',#12837,1.);
#12837 = DIRECTION('',(0.,0.,1.));
#12838 = ORIENTED_EDGE('',*,*,#6686,.F.);
#12839 = ORIENTED_EDGE('',*,*,#12833,.F.);
#12840 = CYLINDRICAL_SURFACE('',#12841,0.4);
#12841 = AXIS2_PLACEMENT_3D('',#12842,#12843,#12844);
#12842 = CARTESIAN_POINT('',(119.09375,-168.195,-4.6E-02));
#12843 = DIRECTION('',(-0.,-0.,-1.));
#12844 = DIRECTION('',(-0.,-1.,0.));
#12845 = ADVANCED_FACE('',(#12846),#12857,.F.);
#12846 = FACE_BOUND('',#12847,.T.);
#12847 = EDGE_LOOP('',(#12848,#12849,#12855,#12856));
#12848 = ORIENTED_EDGE('',*,*,#1216,.T.);
#12849 = ORIENTED_EDGE('',*,*,#12850,.T.);
#12850 = EDGE_CURVE('',#1217,#6698,#12851,.T.);
#12851 = LINE('',#12852,#12853);
#12852 = CARTESIAN_POINT('',(145.2875,-168.595,-4.6E-02));
#12853 = VECTOR('',#12854,1.);
#12854 = DIRECTION('',(0.,0.,1.));
#12855 = ORIENTED_EDGE('',*,*,#6697,.F.);
#12856 = ORIENTED_EDGE('',*,*,#12850,.F.);
#12857 = CYLINDRICAL_SURFACE('',#12858,0.4);
#12858 = AXIS2_PLACEMENT_3D('',#12859,#12860,#12861);
#12859 = CARTESIAN_POINT('',(145.2875,-168.195,-4.6E-02));
#12860 = DIRECTION('',(-0.,-0.,-1.));
#12861 = DIRECTION('',(-0.,-1.,0.));
#12862 = ADVANCED_FACE('',(#12863),#12874,.F.);
#12863 = FACE_BOUND('',#12864,.T.);
#12864 = EDGE_LOOP('',(#12865,#12866,#12872,#12873));
#12865 = ORIENTED_EDGE('',*,*,#1227,.T.);
#12866 = ORIENTED_EDGE('',*,*,#12867,.T.);
#12867 = EDGE_CURVE('',#1228,#6709,#12868,.T.);
#12868 = LINE('',#12869,#12870);
#12869 = CARTESIAN_POINT('',(164.3375,-168.595,-4.6E-02));
#12870 = VECTOR('',#12871,1.);
#12871 = DIRECTION('',(0.,0.,1.));
#12872 = ORIENTED_EDGE('',*,*,#6708,.F.);
#12873 = ORIENTED_EDGE('',*,*,#12867,.F.);
#12874 = CYLINDRICAL_SURFACE('',#12875,0.4);
#12875 = AXIS2_PLACEMENT_3D('',#12876,#12877,#12878);
#12876 = CARTESIAN_POINT('',(164.3375,-168.195,-4.6E-02));
#12877 = DIRECTION('',(-0.,-0.,-1.));
#12878 = DIRECTION('',(-0.,-1.,0.));
#12879 = ADVANCED_FACE('',(#12880),#12891,.F.);
#12880 = FACE_BOUND('',#12881,.T.);
#12881 = EDGE_LOOP('',(#12882,#12883,#12889,#12890));
#12882 = ORIENTED_EDGE('',*,*,#1238,.T.);
#12883 = ORIENTED_EDGE('',*,*,#12884,.T.);
#12884 = EDGE_CURVE('',#1239,#6720,#12885,.T.);
#12885 = LINE('',#12886,#12887);
#12886 = CARTESIAN_POINT('',(169.42,-179.7,-4.6E-02));
#12887 = VECTOR('',#12888,1.);
#12888 = DIRECTION('',(0.,0.,1.));
#12889 = ORIENTED_EDGE('',*,*,#6719,.F.);
#12890 = ORIENTED_EDGE('',*,*,#12884,.F.);
#12891 = CYLINDRICAL_SURFACE('',#12892,0.875);
#12892 = AXIS2_PLACEMENT_3D('',#12893,#12894,#12895);
#12893 = CARTESIAN_POINT('',(169.42,-178.825,-4.6E-02));
#12894 = DIRECTION('',(-0.,-0.,-1.));
#12895 = DIRECTION('',(-0.,-1.,0.));
#12896 = ADVANCED_FACE('',(#12897),#12908,.F.);
#12897 = FACE_BOUND('',#12898,.T.);
#12898 = EDGE_LOOP('',(#12899,#12900,#12906,#12907));
#12899 = ORIENTED_EDGE('',*,*,#1249,.T.);
#12900 = ORIENTED_EDGE('',*,*,#12901,.T.);
#12901 = EDGE_CURVE('',#1250,#6731,#12902,.T.);
#12902 = LINE('',#12903,#12904);
#12903 = CARTESIAN_POINT('',(173.8575,-180.025,-4.6E-02));
#12904 = VECTOR('',#12905,1.);
#12905 = DIRECTION('',(0.,0.,1.));
#12906 = ORIENTED_EDGE('',*,*,#6730,.F.);
#12907 = ORIENTED_EDGE('',*,*,#12901,.F.);
#12908 = CYLINDRICAL_SURFACE('',#12909,0.4);
#12909 = AXIS2_PLACEMENT_3D('',#12910,#12911,#12912);
#12910 = CARTESIAN_POINT('',(173.8575,-179.625,-4.6E-02));
#12911 = DIRECTION('',(-0.,-0.,-1.));
#12912 = DIRECTION('',(-7.105427357601E-14,-1.,0.));
#12913 = ADVANCED_FACE('',(#12914),#12925,.F.);
#12914 = FACE_BOUND('',#12915,.T.);
#12915 = EDGE_LOOP('',(#12916,#12917,#12923,#12924));
#12916 = ORIENTED_EDGE('',*,*,#1260,.T.);
#12917 = ORIENTED_EDGE('',*,*,#12918,.T.);
#12918 = EDGE_CURVE('',#1261,#6742,#12919,.T.);
#12919 = LINE('',#12920,#12921);
#12920 = CARTESIAN_POINT('',(178.31,-179.7,-4.6E-02));
#12921 = VECTOR('',#12922,1.);
#12922 = DIRECTION('',(0.,0.,1.));
#12923 = ORIENTED_EDGE('',*,*,#6741,.F.);
#12924 = ORIENTED_EDGE('',*,*,#12918,.F.);
#12925 = CYLINDRICAL_SURFACE('',#12926,0.875);
#12926 = AXIS2_PLACEMENT_3D('',#12927,#12928,#12929);
#12927 = CARTESIAN_POINT('',(178.31,-178.825,-4.6E-02));
#12928 = DIRECTION('',(-0.,-0.,-1.));
#12929 = DIRECTION('',(-0.,-1.,0.));
#12930 = ADVANCED_FACE('',(#12931),#12942,.F.);
#12931 = FACE_BOUND('',#12932,.T.);
#12932 = EDGE_LOOP('',(#12933,#12934,#12940,#12941));
#12933 = ORIENTED_EDGE('',*,*,#1271,.T.);
#12934 = ORIENTED_EDGE('',*,*,#12935,.T.);
#12935 = EDGE_CURVE('',#1272,#6753,#12936,.T.);
#12936 = LINE('',#12937,#12938);
#12937 = CARTESIAN_POINT('',(183.39,-180.8189,-4.6E-02));
#12938 = VECTOR('',#12939,1.);
#12939 = DIRECTION('',(0.,0.,1.));
#12940 = ORIENTED_EDGE('',*,*,#6752,.F.);
#12941 = ORIENTED_EDGE('',*,*,#12935,.F.);
#12942 = CYLINDRICAL_SURFACE('',#12943,1.9939);
#12943 = AXIS2_PLACEMENT_3D('',#12944,#12945,#12946);
#12944 = CARTESIAN_POINT('',(183.39,-178.825,-4.6E-02));
#12945 = DIRECTION('',(-0.,-0.,-1.));
#12946 = DIRECTION('',(-0.,-1.,0.));
#12947 = ADVANCED_FACE('',(#12948),#12959,.F.);
#12948 = FACE_BOUND('',#12949,.T.);
#12949 = EDGE_LOOP('',(#12950,#12951,#12957,#12958));
#12950 = ORIENTED_EDGE('',*,*,#1282,.T.);
#12951 = ORIENTED_EDGE('',*,*,#12952,.T.);
#12952 = EDGE_CURVE('',#1283,#6764,#12953,.T.);
#12953 = LINE('',#12954,#12955);
#12954 = CARTESIAN_POINT('',(188.47,-179.7,-4.6E-02));
#12955 = VECTOR('',#12956,1.);
#12956 = DIRECTION('',(0.,0.,1.));
#12957 = ORIENTED_EDGE('',*,*,#6763,.F.);
#12958 = ORIENTED_EDGE('',*,*,#12952,.F.);
#12959 = CYLINDRICAL_SURFACE('',#12960,0.875);
#12960 = AXIS2_PLACEMENT_3D('',#12961,#12962,#12963);
#12961 = CARTESIAN_POINT('',(188.47,-178.825,-4.6E-02));
#12962 = DIRECTION('',(-0.,-0.,-1.));
#12963 = DIRECTION('',(-0.,-1.,0.));
#12964 = ADVANCED_FACE('',(#12965),#12976,.F.);
#12965 = FACE_BOUND('',#12966,.T.);
#12966 = EDGE_LOOP('',(#12967,#12968,#12974,#12975));
#12967 = ORIENTED_EDGE('',*,*,#1293,.T.);
#12968 = ORIENTED_EDGE('',*,*,#12969,.T.);
#12969 = EDGE_CURVE('',#1294,#6775,#12970,.T.);
#12970 = LINE('',#12971,#12972);
#12971 = CARTESIAN_POINT('',(192.9075,-180.025,-4.6E-02));
#12972 = VECTOR('',#12973,1.);
#12973 = DIRECTION('',(0.,0.,1.));
#12974 = ORIENTED_EDGE('',*,*,#6774,.F.);
#12975 = ORIENTED_EDGE('',*,*,#12969,.F.);
#12976 = CYLINDRICAL_SURFACE('',#12977,0.4);
#12977 = AXIS2_PLACEMENT_3D('',#12978,#12979,#12980);
#12978 = CARTESIAN_POINT('',(192.9075,-179.625,-4.6E-02));
#12979 = DIRECTION('',(-0.,-0.,-1.));
#12980 = DIRECTION('',(-0.,-1.,0.));
#12981 = ADVANCED_FACE('',(#12982),#12993,.F.);
#12982 = FACE_BOUND('',#12983,.T.);
#12983 = EDGE_LOOP('',(#12984,#12985,#12991,#12992));
#12984 = ORIENTED_EDGE('',*,*,#1304,.T.);
#12985 = ORIENTED_EDGE('',*,*,#12986,.T.);
#12986 = EDGE_CURVE('',#1305,#6786,#12987,.T.);
#12987 = LINE('',#12988,#12989);
#12988 = CARTESIAN_POINT('',(197.36,-179.7,-4.6E-02));
#12989 = VECTOR('',#12990,1.);
#12990 = DIRECTION('',(0.,0.,1.));
#12991 = ORIENTED_EDGE('',*,*,#6785,.F.);
#12992 = ORIENTED_EDGE('',*,*,#12986,.F.);
#12993 = CYLINDRICAL_SURFACE('',#12994,0.875);
#12994 = AXIS2_PLACEMENT_3D('',#12995,#12996,#12997);
#12995 = CARTESIAN_POINT('',(197.36,-178.825,-4.6E-02));
#12996 = DIRECTION('',(-0.,-0.,-1.));
#12997 = DIRECTION('',(-0.,-1.,0.));
#12998 = ADVANCED_FACE('',(#12999),#13010,.F.);
#12999 = FACE_BOUND('',#13000,.T.);
#13000 = EDGE_LOOP('',(#13001,#13002,#13008,#13009));
#13001 = ORIENTED_EDGE('',*,*,#1315,.T.);
#13002 = ORIENTED_EDGE('',*,*,#13003,.T.);
#13003 = EDGE_CURVE('',#1316,#6797,#13004,.T.);
#13004 = LINE('',#13005,#13006);
#13005 = CARTESIAN_POINT('',(179.58,-177.785,-4.6E-02));
#13006 = VECTOR('',#13007,1.);
#13007 = DIRECTION('',(0.,0.,1.));
#13008 = ORIENTED_EDGE('',*,*,#6796,.F.);
#13009 = ORIENTED_EDGE('',*,*,#13003,.F.);
#13010 = CYLINDRICAL_SURFACE('',#13011,1.5);
#13011 = AXIS2_PLACEMENT_3D('',#13012,#13013,#13014);
#13012 = CARTESIAN_POINT('',(179.58,-176.285,-4.6E-02));
#13013 = DIRECTION('',(-0.,-0.,-1.));
#13014 = DIRECTION('',(-0.,-1.,0.));
#13015 = ADVANCED_FACE('',(#13016),#13027,.F.);
#13016 = FACE_BOUND('',#13017,.T.);
#13017 = EDGE_LOOP('',(#13018,#13019,#13025,#13026));
#13018 = ORIENTED_EDGE('',*,*,#1326,.T.);
#13019 = ORIENTED_EDGE('',*,*,#13020,.T.);
#13020 = EDGE_CURVE('',#1327,#6808,#13021,.T.);
#13021 = LINE('',#13022,#13023);
#13022 = CARTESIAN_POINT('',(166.88,-175.245,-4.6E-02));
#13023 = VECTOR('',#13024,1.);
#13024 = DIRECTION('',(0.,0.,1.));
#13025 = ORIENTED_EDGE('',*,*,#6807,.F.);
#13026 = ORIENTED_EDGE('',*,*,#13020,.F.);
#13027 = CYLINDRICAL_SURFACE('',#13028,1.5);
#13028 = AXIS2_PLACEMENT_3D('',#13029,#13030,#13031);
#13029 = CARTESIAN_POINT('',(166.88,-173.745,-4.6E-02));
#13030 = DIRECTION('',(-0.,-0.,-1.));
#13031 = DIRECTION('',(-0.,-1.,0.));
#13032 = ADVANCED_FACE('',(#13033),#13044,.F.);
#13033 = FACE_BOUND('',#13034,.T.);
#13034 = EDGE_LOOP('',(#13035,#13036,#13042,#13043));
#13035 = ORIENTED_EDGE('',*,*,#1337,.T.);
#13036 = ORIENTED_EDGE('',*,*,#13037,.T.);
#13037 = EDGE_CURVE('',#1338,#6819,#13038,.T.);
#13038 = LINE('',#13039,#13040);
#13039 = CARTESIAN_POINT('',(198.63,-177.785,-4.6E-02));
#13040 = VECTOR('',#13041,1.);
#13041 = DIRECTION('',(0.,0.,1.));
#13042 = ORIENTED_EDGE('',*,*,#6818,.F.);
#13043 = ORIENTED_EDGE('',*,*,#13037,.F.);
#13044 = CYLINDRICAL_SURFACE('',#13045,1.5);
#13045 = AXIS2_PLACEMENT_3D('',#13046,#13047,#13048);
#13046 = CARTESIAN_POINT('',(198.63,-176.285,-4.6E-02));
#13047 = DIRECTION('',(-0.,-0.,-1.));
#13048 = DIRECTION('',(-0.,-1.,0.));
#13049 = ADVANCED_FACE('',(#13050),#13061,.F.);
#13050 = FACE_BOUND('',#13051,.T.);
#13051 = EDGE_LOOP('',(#13052,#13053,#13059,#13060));
#13052 = ORIENTED_EDGE('',*,*,#1348,.T.);
#13053 = ORIENTED_EDGE('',*,*,#13054,.T.);
#13054 = EDGE_CURVE('',#1349,#6830,#13055,.T.);
#13055 = LINE('',#13056,#13057);
#13056 = CARTESIAN_POINT('',(185.93,-175.245,-4.6E-02));
#13057 = VECTOR('',#13058,1.);
#13058 = DIRECTION('',(0.,0.,1.));
#13059 = ORIENTED_EDGE('',*,*,#6829,.F.);
#13060 = ORIENTED_EDGE('',*,*,#13054,.F.);
#13061 = CYLINDRICAL_SURFACE('',#13062,1.5);
#13062 = AXIS2_PLACEMENT_3D('',#13063,#13064,#13065);
#13063 = CARTESIAN_POINT('',(185.93,-173.745,-4.6E-02));
#13064 = DIRECTION('',(-0.,-0.,-1.));
#13065 = DIRECTION('',(-0.,-1.,0.));
#13066 = ADVANCED_FACE('',(#13067),#13078,.F.);
#13067 = FACE_BOUND('',#13068,.T.);
#13068 = EDGE_LOOP('',(#13069,#13070,#13076,#13077));
#13069 = ORIENTED_EDGE('',*,*,#1359,.T.);
#13070 = ORIENTED_EDGE('',*,*,#13071,.T.);
#13071 = EDGE_CURVE('',#1360,#6841,#13072,.T.);
#13072 = LINE('',#13073,#13074);
#13073 = CARTESIAN_POINT('',(202.44,-180.8189,-4.6E-02));
#13074 = VECTOR('',#13075,1.);
#13075 = DIRECTION('',(0.,0.,1.));
#13076 = ORIENTED_EDGE('',*,*,#6840,.F.);
#13077 = ORIENTED_EDGE('',*,*,#13071,.F.);
#13078 = CYLINDRICAL_SURFACE('',#13079,1.9939);
#13079 = AXIS2_PLACEMENT_3D('',#13080,#13081,#13082);
#13080 = CARTESIAN_POINT('',(202.44,-178.825,-4.6E-02));
#13081 = DIRECTION('',(-0.,-0.,-1.));
#13082 = DIRECTION('',(-0.,-1.,0.));
#13083 = ADVANCED_FACE('',(#13084),#13095,.F.);
#13084 = FACE_BOUND('',#13085,.T.);
#13085 = EDGE_LOOP('',(#13086,#13087,#13093,#13094));
#13086 = ORIENTED_EDGE('',*,*,#1370,.T.);
#13087 = ORIENTED_EDGE('',*,*,#13088,.T.);
#13088 = EDGE_CURVE('',#1371,#6852,#13089,.T.);
#13089 = LINE('',#13090,#13091);
#13090 = CARTESIAN_POINT('',(207.52,-179.7,-4.6E-02));
#13091 = VECTOR('',#13092,1.);
#13092 = DIRECTION('',(0.,0.,1.));
#13093 = ORIENTED_EDGE('',*,*,#6851,.F.);
#13094 = ORIENTED_EDGE('',*,*,#13088,.F.);
#13095 = CYLINDRICAL_SURFACE('',#13096,0.875);
#13096 = AXIS2_PLACEMENT_3D('',#13097,#13098,#13099);
#13097 = CARTESIAN_POINT('',(207.52,-178.825,-4.6E-02));
#13098 = DIRECTION('',(-0.,-0.,-1.));
#13099 = DIRECTION('',(-0.,-1.,0.));
#13100 = ADVANCED_FACE('',(#13101),#13112,.F.);
#13101 = FACE_BOUND('',#13102,.T.);
#13102 = EDGE_LOOP('',(#13103,#13104,#13110,#13111));
#13103 = ORIENTED_EDGE('',*,*,#1381,.T.);
#13104 = ORIENTED_EDGE('',*,*,#13105,.T.);
#13105 = EDGE_CURVE('',#1382,#6863,#13106,.T.);
#13106 = LINE('',#13107,#13108);
#13107 = CARTESIAN_POINT('',(211.9575,-180.025,-4.6E-02));
#13108 = VECTOR('',#13109,1.);
#13109 = DIRECTION('',(0.,0.,1.));
#13110 = ORIENTED_EDGE('',*,*,#6862,.F.);
#13111 = ORIENTED_EDGE('',*,*,#13105,.F.);
#13112 = CYLINDRICAL_SURFACE('',#13113,0.4);
#13113 = AXIS2_PLACEMENT_3D('',#13114,#13115,#13116);
#13114 = CARTESIAN_POINT('',(211.9575,-179.625,-4.6E-02));
#13115 = DIRECTION('',(-0.,0.,-1.));
#13116 = DIRECTION('',(7.1054273576E-14,-1.,-0.));
#13117 = ADVANCED_FACE('',(#13118),#13129,.F.);
#13118 = FACE_BOUND('',#13119,.T.);
#13119 = EDGE_LOOP('',(#13120,#13121,#13127,#13128));
#13120 = ORIENTED_EDGE('',*,*,#1392,.T.);
#13121 = ORIENTED_EDGE('',*,*,#13122,.T.);
#13122 = EDGE_CURVE('',#1393,#6874,#13123,.T.);
#13123 = LINE('',#13124,#13125);
#13124 = CARTESIAN_POINT('',(216.41,-179.7,-4.6E-02));
#13125 = VECTOR('',#13126,1.);
#13126 = DIRECTION('',(0.,0.,1.));
#13127 = ORIENTED_EDGE('',*,*,#6873,.F.);
#13128 = ORIENTED_EDGE('',*,*,#13122,.F.);
#13129 = CYLINDRICAL_SURFACE('',#13130,0.875);
#13130 = AXIS2_PLACEMENT_3D('',#13131,#13132,#13133);
#13131 = CARTESIAN_POINT('',(216.41,-178.825,-4.6E-02));
#13132 = DIRECTION('',(-0.,-0.,-1.));
#13133 = DIRECTION('',(-0.,-1.,0.));
#13134 = ADVANCED_FACE('',(#13135),#13146,.F.);
#13135 = FACE_BOUND('',#13136,.T.);
#13136 = EDGE_LOOP('',(#13137,#13138,#13144,#13145));
#13137 = ORIENTED_EDGE('',*,*,#1403,.T.);
#13138 = ORIENTED_EDGE('',*,*,#13139,.T.);
#13139 = EDGE_CURVE('',#1404,#6885,#13140,.T.);
#13140 = LINE('',#13141,#13142);
#13141 = CARTESIAN_POINT('',(221.49,-180.8189,-4.6E-02));
#13142 = VECTOR('',#13143,1.);
#13143 = DIRECTION('',(0.,0.,1.));
#13144 = ORIENTED_EDGE('',*,*,#6884,.F.);
#13145 = ORIENTED_EDGE('',*,*,#13139,.F.);
#13146 = CYLINDRICAL_SURFACE('',#13147,1.9939);
#13147 = AXIS2_PLACEMENT_3D('',#13148,#13149,#13150);
#13148 = CARTESIAN_POINT('',(221.49,-178.825,-4.6E-02));
#13149 = DIRECTION('',(-0.,-0.,-1.));
#13150 = DIRECTION('',(-0.,-1.,0.));
#13151 = ADVANCED_FACE('',(#13152),#13163,.F.);
#13152 = FACE_BOUND('',#13153,.T.);
#13153 = EDGE_LOOP('',(#13154,#13155,#13161,#13162));
#13154 = ORIENTED_EDGE('',*,*,#1414,.T.);
#13155 = ORIENTED_EDGE('',*,*,#13156,.T.);
#13156 = EDGE_CURVE('',#1415,#6896,#13157,.T.);
#13157 = LINE('',#13158,#13159);
#13158 = CARTESIAN_POINT('',(226.57,-179.7,-4.6E-02));
#13159 = VECTOR('',#13160,1.);
#13160 = DIRECTION('',(0.,0.,1.));
#13161 = ORIENTED_EDGE('',*,*,#6895,.F.);
#13162 = ORIENTED_EDGE('',*,*,#13156,.F.);
#13163 = CYLINDRICAL_SURFACE('',#13164,0.875);
#13164 = AXIS2_PLACEMENT_3D('',#13165,#13166,#13167);
#13165 = CARTESIAN_POINT('',(226.57,-178.825,-4.6E-02));
#13166 = DIRECTION('',(-0.,-0.,-1.));
#13167 = DIRECTION('',(-0.,-1.,0.));
#13168 = ADVANCED_FACE('',(#13169),#13180,.F.);
#13169 = FACE_BOUND('',#13170,.T.);
#13170 = EDGE_LOOP('',(#13171,#13172,#13178,#13179));
#13171 = ORIENTED_EDGE('',*,*,#1425,.T.);
#13172 = ORIENTED_EDGE('',*,*,#13173,.T.);
#13173 = EDGE_CURVE('',#1426,#6907,#13174,.T.);
#13174 = LINE('',#13175,#13176);
#13175 = CARTESIAN_POINT('',(231.0075,-179.995,-4.6E-02));
#13176 = VECTOR('',#13177,1.);
#13177 = DIRECTION('',(0.,0.,1.));
#13178 = ORIENTED_EDGE('',*,*,#6906,.F.);
#13179 = ORIENTED_EDGE('',*,*,#13173,.F.);
#13180 = CYLINDRICAL_SURFACE('',#13181,0.4);
#13181 = AXIS2_PLACEMENT_3D('',#13182,#13183,#13184);
#13182 = CARTESIAN_POINT('',(231.0075,-179.595,-4.6E-02));
#13183 = DIRECTION('',(-0.,-0.,-1.));
#13184 = DIRECTION('',(-0.,-1.,0.));
#13185 = ADVANCED_FACE('',(#13186),#13197,.F.);
#13186 = FACE_BOUND('',#13187,.T.);
#13187 = EDGE_LOOP('',(#13188,#13189,#13195,#13196));
#13188 = ORIENTED_EDGE('',*,*,#1436,.T.);
#13189 = ORIENTED_EDGE('',*,*,#13190,.T.);
#13190 = EDGE_CURVE('',#1437,#6918,#13191,.T.);
#13191 = LINE('',#13192,#13193);
#13192 = CARTESIAN_POINT('',(235.46,-179.7,-4.6E-02));
#13193 = VECTOR('',#13194,1.);
#13194 = DIRECTION('',(0.,0.,1.));
#13195 = ORIENTED_EDGE('',*,*,#6917,.F.);
#13196 = ORIENTED_EDGE('',*,*,#13190,.F.);
#13197 = CYLINDRICAL_SURFACE('',#13198,0.875);
#13198 = AXIS2_PLACEMENT_3D('',#13199,#13200,#13201);
#13199 = CARTESIAN_POINT('',(235.46,-178.825,-4.6E-02));
#13200 = DIRECTION('',(-0.,-0.,-1.));
#13201 = DIRECTION('',(-0.,-1.,0.));
#13202 = ADVANCED_FACE('',(#13203),#13214,.F.);
#13203 = FACE_BOUND('',#13204,.T.);
#13204 = EDGE_LOOP('',(#13205,#13206,#13212,#13213));
#13205 = ORIENTED_EDGE('',*,*,#1447,.T.);
#13206 = ORIENTED_EDGE('',*,*,#13207,.T.);
#13207 = EDGE_CURVE('',#1448,#6929,#13208,.T.);
#13208 = LINE('',#13209,#13210);
#13209 = CARTESIAN_POINT('',(217.68,-177.785,-4.6E-02));
#13210 = VECTOR('',#13211,1.);
#13211 = DIRECTION('',(0.,0.,1.));
#13212 = ORIENTED_EDGE('',*,*,#6928,.F.);
#13213 = ORIENTED_EDGE('',*,*,#13207,.F.);
#13214 = CYLINDRICAL_SURFACE('',#13215,1.5);
#13215 = AXIS2_PLACEMENT_3D('',#13216,#13217,#13218);
#13216 = CARTESIAN_POINT('',(217.68,-176.285,-4.6E-02));
#13217 = DIRECTION('',(-0.,-0.,-1.));
#13218 = DIRECTION('',(-0.,-1.,0.));
#13219 = ADVANCED_FACE('',(#13220),#13231,.F.);
#13220 = FACE_BOUND('',#13221,.T.);
#13221 = EDGE_LOOP('',(#13222,#13223,#13229,#13230));
#13222 = ORIENTED_EDGE('',*,*,#1458,.T.);
#13223 = ORIENTED_EDGE('',*,*,#13224,.T.);
#13224 = EDGE_CURVE('',#1459,#6940,#13225,.T.);
#13225 = LINE('',#13226,#13227);
#13226 = CARTESIAN_POINT('',(204.98,-175.245,-4.6E-02));
#13227 = VECTOR('',#13228,1.);
#13228 = DIRECTION('',(0.,0.,1.));
#13229 = ORIENTED_EDGE('',*,*,#6939,.F.);
#13230 = ORIENTED_EDGE('',*,*,#13224,.F.);
#13231 = CYLINDRICAL_SURFACE('',#13232,1.5);
#13232 = AXIS2_PLACEMENT_3D('',#13233,#13234,#13235);
#13233 = CARTESIAN_POINT('',(204.98,-173.745,-4.6E-02));
#13234 = DIRECTION('',(-0.,-0.,-1.));
#13235 = DIRECTION('',(-0.,-1.,0.));
#13236 = ADVANCED_FACE('',(#13237),#13248,.F.);
#13237 = FACE_BOUND('',#13238,.T.);
#13238 = EDGE_LOOP('',(#13239,#13240,#13246,#13247));
#13239 = ORIENTED_EDGE('',*,*,#1469,.T.);
#13240 = ORIENTED_EDGE('',*,*,#13241,.T.);
#13241 = EDGE_CURVE('',#1470,#6951,#13242,.T.);
#13242 = LINE('',#13243,#13244);
#13243 = CARTESIAN_POINT('',(236.73,-177.785,-4.6E-02));
#13244 = VECTOR('',#13245,1.);
#13245 = DIRECTION('',(0.,0.,1.));
#13246 = ORIENTED_EDGE('',*,*,#6950,.F.);
#13247 = ORIENTED_EDGE('',*,*,#13241,.F.);
#13248 = CYLINDRICAL_SURFACE('',#13249,1.5);
#13249 = AXIS2_PLACEMENT_3D('',#13250,#13251,#13252);
#13250 = CARTESIAN_POINT('',(236.73,-176.285,-4.6E-02));
#13251 = DIRECTION('',(-0.,-0.,-1.));
#13252 = DIRECTION('',(-0.,-1.,0.));
#13253 = ADVANCED_FACE('',(#13254),#13265,.F.);
#13254 = FACE_BOUND('',#13255,.T.);
#13255 = EDGE_LOOP('',(#13256,#13257,#13263,#13264));
#13256 = ORIENTED_EDGE('',*,*,#1480,.T.);
#13257 = ORIENTED_EDGE('',*,*,#13258,.T.);
#13258 = EDGE_CURVE('',#1481,#6962,#13259,.T.);
#13259 = LINE('',#13260,#13261);
#13260 = CARTESIAN_POINT('',(224.03,-175.245,-4.6E-02));
#13261 = VECTOR('',#13262,1.);
#13262 = DIRECTION('',(0.,0.,1.));
#13263 = ORIENTED_EDGE('',*,*,#6961,.F.);
#13264 = ORIENTED_EDGE('',*,*,#13258,.F.);
#13265 = CYLINDRICAL_SURFACE('',#13266,1.5);
#13266 = AXIS2_PLACEMENT_3D('',#13267,#13268,#13269);
#13267 = CARTESIAN_POINT('',(224.03,-173.745,-4.6E-02));
#13268 = DIRECTION('',(-0.,-0.,-1.));
#13269 = DIRECTION('',(-0.,-1.,0.));
#13270 = ADVANCED_FACE('',(#13271),#13282,.F.);
#13271 = FACE_BOUND('',#13272,.T.);
#13272 = EDGE_LOOP('',(#13273,#13274,#13280,#13281));
#13273 = ORIENTED_EDGE('',*,*,#1491,.T.);
#13274 = ORIENTED_EDGE('',*,*,#13275,.T.);
#13275 = EDGE_CURVE('',#1492,#6973,#13276,.T.);
#13276 = LINE('',#13277,#13278);
#13277 = CARTESIAN_POINT('',(183.3875,-168.595,-4.6E-02));
#13278 = VECTOR('',#13279,1.);
#13279 = DIRECTION('',(0.,0.,1.));
#13280 = ORIENTED_EDGE('',*,*,#6972,.F.);
#13281 = ORIENTED_EDGE('',*,*,#13275,.F.);
#13282 = CYLINDRICAL_SURFACE('',#13283,0.4);
#13283 = AXIS2_PLACEMENT_3D('',#13284,#13285,#13286);
#13284 = CARTESIAN_POINT('',(183.3875,-168.195,-4.6E-02));
#13285 = DIRECTION('',(-0.,-0.,-1.));
#13286 = DIRECTION('',(-0.,-1.,0.));
#13287 = ADVANCED_FACE('',(#13288),#13299,.F.);
#13288 = FACE_BOUND('',#13289,.T.);
#13289 = EDGE_LOOP('',(#13290,#13291,#13297,#13298));
#13290 = ORIENTED_EDGE('',*,*,#1502,.T.);
#13291 = ORIENTED_EDGE('',*,*,#13292,.T.);
#13292 = EDGE_CURVE('',#1503,#6984,#13293,.T.);
#13293 = LINE('',#13294,#13295);
#13294 = CARTESIAN_POINT('',(202.4375,-168.595,-4.6E-02));
#13295 = VECTOR('',#13296,1.);
#13296 = DIRECTION('',(0.,0.,1.));
#13297 = ORIENTED_EDGE('',*,*,#6983,.F.);
#13298 = ORIENTED_EDGE('',*,*,#13292,.F.);
#13299 = CYLINDRICAL_SURFACE('',#13300,0.4);
#13300 = AXIS2_PLACEMENT_3D('',#13301,#13302,#13303);
#13301 = CARTESIAN_POINT('',(202.4375,-168.195,-4.6E-02));
#13302 = DIRECTION('',(-0.,-0.,-1.));
#13303 = DIRECTION('',(-0.,-1.,0.));
#13304 = ADVANCED_FACE('',(#13305),#13316,.F.);
#13305 = FACE_BOUND('',#13306,.T.);
#13306 = EDGE_LOOP('',(#13307,#13308,#13314,#13315));
#13307 = ORIENTED_EDGE('',*,*,#1513,.T.);
#13308 = ORIENTED_EDGE('',*,*,#13309,.T.);
#13309 = EDGE_CURVE('',#1514,#6995,#13310,.T.);
#13310 = LINE('',#13311,#13312);
#13311 = CARTESIAN_POINT('',(221.4875,-168.595,-4.6E-02));
#13312 = VECTOR('',#13313,1.);
#13313 = DIRECTION('',(0.,0.,1.));
#13314 = ORIENTED_EDGE('',*,*,#6994,.F.);
#13315 = ORIENTED_EDGE('',*,*,#13309,.F.);
#13316 = CYLINDRICAL_SURFACE('',#13317,0.4);
#13317 = AXIS2_PLACEMENT_3D('',#13318,#13319,#13320);
#13318 = CARTESIAN_POINT('',(221.4875,-168.195,-4.6E-02));
#13319 = DIRECTION('',(-0.,-0.,-1.));
#13320 = DIRECTION('',(-0.,-1.,0.));
#13321 = ADVANCED_FACE('',(#13322),#13333,.F.);
#13322 = FACE_BOUND('',#13323,.T.);
#13323 = EDGE_LOOP('',(#13324,#13325,#13331,#13332));
#13324 = ORIENTED_EDGE('',*,*,#1524,.T.);
#13325 = ORIENTED_EDGE('',*,*,#13326,.T.);
#13326 = EDGE_CURVE('',#1525,#7006,#13327,.T.);
#13327 = LINE('',#13328,#13329);
#13328 = CARTESIAN_POINT('',(273.8775,-208.1239,-4.6E-02));
#13329 = VECTOR('',#13330,1.);
#13330 = DIRECTION('',(0.,0.,1.));
#13331 = ORIENTED_EDGE('',*,*,#7005,.F.);
#13332 = ORIENTED_EDGE('',*,*,#13326,.F.);
#13333 = CYLINDRICAL_SURFACE('',#13334,1.9939);
#13334 = AXIS2_PLACEMENT_3D('',#13335,#13336,#13337);
#13335 = CARTESIAN_POINT('',(273.8775,-206.13,-4.6E-02));
#13336 = DIRECTION('',(-0.,-0.,-1.));
#13337 = DIRECTION('',(-0.,-1.,0.));
#13338 = ADVANCED_FACE('',(#13339),#13350,.F.);
#13339 = FACE_BOUND('',#13340,.T.);
#13340 = EDGE_LOOP('',(#13341,#13342,#13348,#13349));
#13341 = ORIENTED_EDGE('',*,*,#1535,.T.);
#13342 = ORIENTED_EDGE('',*,*,#13343,.T.);
#13343 = EDGE_CURVE('',#1536,#7017,#13344,.T.);
#13344 = LINE('',#13345,#13346);
#13345 = CARTESIAN_POINT('',(290.22875,-198.75,-4.6E-02));
#13346 = VECTOR('',#13347,1.);
#13347 = DIRECTION('',(0.,0.,1.));
#13348 = ORIENTED_EDGE('',*,*,#7016,.F.);
#13349 = ORIENTED_EDGE('',*,*,#13343,.F.);
#13350 = CYLINDRICAL_SURFACE('',#13351,0.875);
#13351 = AXIS2_PLACEMENT_3D('',#13352,#13353,#13354);
#13352 = CARTESIAN_POINT('',(290.22875,-197.875,-4.6E-02));
#13353 = DIRECTION('',(-0.,-0.,-1.));
#13354 = DIRECTION('',(-0.,-1.,0.));
#13355 = ADVANCED_FACE('',(#13356),#13367,.F.);
#13356 = FACE_BOUND('',#13357,.T.);
#13357 = EDGE_LOOP('',(#13358,#13359,#13365,#13366));
#13358 = ORIENTED_EDGE('',*,*,#1546,.T.);
#13359 = ORIENTED_EDGE('',*,*,#13360,.T.);
#13360 = EDGE_CURVE('',#1547,#7028,#13361,.T.);
#13361 = LINE('',#13362,#13363);
#13362 = CARTESIAN_POINT('',(295.30875,-199.8689,-4.6E-02));
#13363 = VECTOR('',#13364,1.);
#13364 = DIRECTION('',(0.,0.,1.));
#13365 = ORIENTED_EDGE('',*,*,#7027,.F.);
#13366 = ORIENTED_EDGE('',*,*,#13360,.F.);
#13367 = CYLINDRICAL_SURFACE('',#13368,1.9939);
#13368 = AXIS2_PLACEMENT_3D('',#13369,#13370,#13371);
#13369 = CARTESIAN_POINT('',(295.30875,-197.875,-4.6E-02));
#13370 = DIRECTION('',(-0.,-0.,-1.));
#13371 = DIRECTION('',(-2.850866084598E-14,-1.,0.));
#13372 = ADVANCED_FACE('',(#13373),#13384,.F.);
#13373 = FACE_BOUND('',#13374,.T.);
#13374 = EDGE_LOOP('',(#13375,#13376,#13382,#13383));
#13375 = ORIENTED_EDGE('',*,*,#1557,.T.);
#13376 = ORIENTED_EDGE('',*,*,#13377,.T.);
#13377 = EDGE_CURVE('',#1558,#7039,#13378,.T.);
#13378 = LINE('',#13379,#13380);
#13379 = CARTESIAN_POINT('',(300.38875,-198.75,-4.6E-02));
#13380 = VECTOR('',#13381,1.);
#13381 = DIRECTION('',(0.,0.,1.));
#13382 = ORIENTED_EDGE('',*,*,#7038,.F.);
#13383 = ORIENTED_EDGE('',*,*,#13377,.F.);
#13384 = CYLINDRICAL_SURFACE('',#13385,0.875);
#13385 = AXIS2_PLACEMENT_3D('',#13386,#13387,#13388);
#13386 = CARTESIAN_POINT('',(300.38875,-197.875,-4.6E-02));
#13387 = DIRECTION('',(-0.,-0.,-1.));
#13388 = DIRECTION('',(-0.,-1.,0.));
#13389 = ADVANCED_FACE('',(#13390),#13401,.F.);
#13390 = FACE_BOUND('',#13391,.T.);
#13391 = EDGE_LOOP('',(#13392,#13393,#13399,#13400));
#13392 = ORIENTED_EDGE('',*,*,#1568,.T.);
#13393 = ORIENTED_EDGE('',*,*,#13394,.T.);
#13394 = EDGE_CURVE('',#1569,#7050,#13395,.T.);
#13395 = LINE('',#13396,#13397);
#13396 = CARTESIAN_POINT('',(250.0575,-187.615,-4.6E-02));
#13397 = VECTOR('',#13398,1.);
#13398 = DIRECTION('',(0.,0.,1.));
#13399 = ORIENTED_EDGE('',*,*,#7049,.F.);
#13400 = ORIENTED_EDGE('',*,*,#13394,.F.);
#13401 = CYLINDRICAL_SURFACE('',#13402,0.4);
#13402 = AXIS2_PLACEMENT_3D('',#13403,#13404,#13405);
#13403 = CARTESIAN_POINT('',(250.0575,-187.215,-4.6E-02));
#13404 = DIRECTION('',(-0.,-0.,-1.));
#13405 = DIRECTION('',(-0.,-1.,0.));
#13406 = ADVANCED_FACE('',(#13407),#13418,.F.);
#13407 = FACE_BOUND('',#13408,.T.);
#13408 = EDGE_LOOP('',(#13409,#13410,#13416,#13417));
#13409 = ORIENTED_EDGE('',*,*,#1579,.T.);
#13410 = ORIENTED_EDGE('',*,*,#13411,.T.);
#13411 = EDGE_CURVE('',#1580,#7061,#13412,.T.);
#13412 = LINE('',#13413,#13414);
#13413 = CARTESIAN_POINT('',(269.1075,-187.615,-4.6E-02));
#13414 = VECTOR('',#13415,1.);
#13415 = DIRECTION('',(0.,0.,1.));
#13416 = ORIENTED_EDGE('',*,*,#7060,.F.);
#13417 = ORIENTED_EDGE('',*,*,#13411,.F.);
#13418 = CYLINDRICAL_SURFACE('',#13419,0.4);
#13419 = AXIS2_PLACEMENT_3D('',#13420,#13421,#13422);
#13420 = CARTESIAN_POINT('',(269.1075,-187.215,-4.6E-02));
#13421 = DIRECTION('',(-0.,0.,-1.));
#13422 = DIRECTION('',(1.42108547152E-13,-1.,-0.));
#13423 = ADVANCED_FACE('',(#13424),#13435,.F.);
#13424 = FACE_BOUND('',#13425,.T.);
#13425 = EDGE_LOOP('',(#13426,#13427,#13433,#13434));
#13426 = ORIENTED_EDGE('',*,*,#1590,.T.);
#13427 = ORIENTED_EDGE('',*,*,#13428,.T.);
#13428 = EDGE_CURVE('',#1591,#7072,#13429,.T.);
#13429 = LINE('',#13430,#13431);
#13430 = CARTESIAN_POINT('',(273.8775,-192.414,-4.6E-02));
#13431 = VECTOR('',#13432,1.);
#13432 = DIRECTION('',(0.,0.,1.));
#13433 = ORIENTED_EDGE('',*,*,#7071,.F.);
#13434 = ORIENTED_EDGE('',*,*,#13428,.F.);
#13435 = CYLINDRICAL_SURFACE('',#13436,1.524);
#13436 = AXIS2_PLACEMENT_3D('',#13437,#13438,#13439);
#13437 = CARTESIAN_POINT('',(273.8775,-190.89,-4.6E-02));
#13438 = DIRECTION('',(-0.,-0.,-1.));
#13439 = DIRECTION('',(-0.,-1.,0.));
#13440 = ADVANCED_FACE('',(#13441),#13452,.F.);
#13441 = FACE_BOUND('',#13442,.T.);
#13442 = EDGE_LOOP('',(#13443,#13444,#13450,#13451));
#13443 = ORIENTED_EDGE('',*,*,#1601,.T.);
#13444 = ORIENTED_EDGE('',*,*,#13445,.T.);
#13445 = EDGE_CURVE('',#1602,#7083,#13446,.T.);
#13446 = LINE('',#13447,#13448);
#13447 = CARTESIAN_POINT('',(291.49875,-196.835,-4.6E-02));
#13448 = VECTOR('',#13449,1.);
#13449 = DIRECTION('',(0.,0.,1.));
#13450 = ORIENTED_EDGE('',*,*,#7082,.F.);
#13451 = ORIENTED_EDGE('',*,*,#13445,.F.);
#13452 = CYLINDRICAL_SURFACE('',#13453,1.5);
#13453 = AXIS2_PLACEMENT_3D('',#13454,#13455,#13456);
#13454 = CARTESIAN_POINT('',(291.49875,-195.335,-4.6E-02));
#13455 = DIRECTION('',(-0.,-0.,-1.));
#13456 = DIRECTION('',(-0.,-1.,0.));
#13457 = ADVANCED_FACE('',(#13458),#13469,.F.);
#13458 = FACE_BOUND('',#13459,.T.);
#13459 = EDGE_LOOP('',(#13460,#13461,#13467,#13468));
#13460 = ORIENTED_EDGE('',*,*,#1612,.T.);
#13461 = ORIENTED_EDGE('',*,*,#13462,.T.);
#13462 = EDGE_CURVE('',#1613,#7094,#13463,.T.);
#13463 = LINE('',#13464,#13465);
#13464 = CARTESIAN_POINT('',(297.84875,-194.295,-4.6E-02));
#13465 = VECTOR('',#13466,1.);
#13466 = DIRECTION('',(0.,0.,1.));
#13467 = ORIENTED_EDGE('',*,*,#7093,.F.);
#13468 = ORIENTED_EDGE('',*,*,#13462,.F.);
#13469 = CYLINDRICAL_SURFACE('',#13470,1.5);
#13470 = AXIS2_PLACEMENT_3D('',#13471,#13472,#13473);
#13471 = CARTESIAN_POINT('',(297.84875,-192.795,-4.6E-02));
#13472 = DIRECTION('',(-0.,-0.,-1.));
#13473 = DIRECTION('',(-0.,-1.,0.));
#13474 = ADVANCED_FACE('',(#13475),#13486,.F.);
#13475 = FACE_BOUND('',#13476,.T.);
#13476 = EDGE_LOOP('',(#13477,#13478,#13484,#13485));
#13477 = ORIENTED_EDGE('',*,*,#1623,.T.);
#13478 = ORIENTED_EDGE('',*,*,#13479,.T.);
#13479 = EDGE_CURVE('',#1624,#7105,#13480,.T.);
#13480 = LINE('',#13481,#13482);
#13481 = CARTESIAN_POINT('',(288.1575,-187.615,-4.6E-02));
#13482 = VECTOR('',#13483,1.);
#13483 = DIRECTION('',(0.,0.,1.));
#13484 = ORIENTED_EDGE('',*,*,#7104,.F.);
#13485 = ORIENTED_EDGE('',*,*,#13479,.F.);
#13486 = CYLINDRICAL_SURFACE('',#13487,0.4);
#13487 = AXIS2_PLACEMENT_3D('',#13488,#13489,#13490);
#13488 = CARTESIAN_POINT('',(288.1575,-187.215,-4.6E-02));
#13489 = DIRECTION('',(-0.,-0.,-1.));
#13490 = DIRECTION('',(-0.,-1.,0.));
#13491 = ADVANCED_FACE('',(#13492),#13503,.F.);
#13492 = FACE_BOUND('',#13493,.T.);
#13493 = EDGE_LOOP('',(#13494,#13495,#13501,#13502));
#13494 = ORIENTED_EDGE('',*,*,#1634,.T.);
#13495 = ORIENTED_EDGE('',*,*,#13496,.T.);
#13496 = EDGE_CURVE('',#1635,#7116,#13497,.T.);
#13497 = LINE('',#13498,#13499);
#13498 = CARTESIAN_POINT('',(307.2175,-206.635,-4.6E-02));
#13499 = VECTOR('',#13500,1.);
#13500 = DIRECTION('',(0.,0.,1.));
#13501 = ORIENTED_EDGE('',*,*,#7115,.F.);
#13502 = ORIENTED_EDGE('',*,*,#13496,.F.);
#13503 = CYLINDRICAL_SURFACE('',#13504,0.4);
#13504 = AXIS2_PLACEMENT_3D('',#13505,#13506,#13507);
#13505 = CARTESIAN_POINT('',(307.2175,-206.235,-4.6E-02));
#13506 = DIRECTION('',(-0.,-0.,-1.));
#13507 = DIRECTION('',(-0.,-1.,0.));
#13508 = ADVANCED_FACE('',(#13509),#13520,.F.);
#13509 = FACE_BOUND('',#13510,.T.);
#13510 = EDGE_LOOP('',(#13511,#13512,#13518,#13519));
#13511 = ORIENTED_EDGE('',*,*,#1645,.T.);
#13512 = ORIENTED_EDGE('',*,*,#13513,.T.);
#13513 = EDGE_CURVE('',#1646,#7127,#13514,.T.);
#13514 = LINE('',#13515,#13516);
#13515 = CARTESIAN_POINT('',(331.03,-206.635,-4.6E-02));
#13516 = VECTOR('',#13517,1.);
#13517 = DIRECTION('',(0.,0.,1.));
#13518 = ORIENTED_EDGE('',*,*,#7126,.F.);
#13519 = ORIENTED_EDGE('',*,*,#13513,.F.);
#13520 = CYLINDRICAL_SURFACE('',#13521,0.4);
#13521 = AXIS2_PLACEMENT_3D('',#13522,#13523,#13524);
#13522 = CARTESIAN_POINT('',(331.03,-206.235,-4.6E-02));
#13523 = DIRECTION('',(-0.,-0.,-1.));
#13524 = DIRECTION('',(-0.,-1.,0.));
#13525 = ADVANCED_FACE('',(#13526),#13537,.F.);
#13526 = FACE_BOUND('',#13527,.T.);
#13527 = EDGE_LOOP('',(#13528,#13529,#13535,#13536));
#13528 = ORIENTED_EDGE('',*,*,#1656,.T.);
#13529 = ORIENTED_EDGE('',*,*,#13530,.T.);
#13530 = EDGE_CURVE('',#1657,#7138,#13531,.T.);
#13531 = LINE('',#13532,#13533);
#13532 = CARTESIAN_POINT('',(307.2175,-199.015,-4.6E-02));
#13533 = VECTOR('',#13534,1.);
#13534 = DIRECTION('',(0.,0.,1.));
#13535 = ORIENTED_EDGE('',*,*,#7137,.F.);
#13536 = ORIENTED_EDGE('',*,*,#13530,.F.);
#13537 = CYLINDRICAL_SURFACE('',#13538,0.4);
#13538 = AXIS2_PLACEMENT_3D('',#13539,#13540,#13541);
#13539 = CARTESIAN_POINT('',(307.2175,-198.615,-4.6E-02));
#13540 = DIRECTION('',(-0.,-0.,-1.));
#13541 = DIRECTION('',(-0.,-1.,0.));
#13542 = ADVANCED_FACE('',(#13543),#13554,.F.);
#13543 = FACE_BOUND('',#13544,.T.);
#13544 = EDGE_LOOP('',(#13545,#13546,#13552,#13553));
#13545 = ORIENTED_EDGE('',*,*,#1667,.T.);
#13546 = ORIENTED_EDGE('',*,*,#13547,.T.);
#13547 = EDGE_CURVE('',#1668,#7149,#13548,.T.);
#13548 = LINE('',#13549,#13550);
#13549 = CARTESIAN_POINT('',(314.04125,-198.75,-4.6E-02));
#13550 = VECTOR('',#13551,1.);
#13551 = DIRECTION('',(0.,0.,1.));
#13552 = ORIENTED_EDGE('',*,*,#7148,.F.);
#13553 = ORIENTED_EDGE('',*,*,#13547,.F.);
#13554 = CYLINDRICAL_SURFACE('',#13555,0.875);
#13555 = AXIS2_PLACEMENT_3D('',#13556,#13557,#13558);
#13556 = CARTESIAN_POINT('',(314.04125,-197.875,-4.6E-02));
#13557 = DIRECTION('',(-0.,-0.,-1.));
#13558 = DIRECTION('',(-0.,-1.,0.));
#13559 = ADVANCED_FACE('',(#13560),#13571,.F.);
#13560 = FACE_BOUND('',#13561,.T.);
#13561 = EDGE_LOOP('',(#13562,#13563,#13569,#13570));
#13562 = ORIENTED_EDGE('',*,*,#1678,.T.);
#13563 = ORIENTED_EDGE('',*,*,#13564,.T.);
#13564 = EDGE_CURVE('',#1679,#7160,#13565,.T.);
#13565 = LINE('',#13566,#13567);
#13566 = CARTESIAN_POINT('',(319.12125,-199.8689,-4.6E-02));
#13567 = VECTOR('',#13568,1.);
#13568 = DIRECTION('',(0.,0.,1.));
#13569 = ORIENTED_EDGE('',*,*,#7159,.F.);
#13570 = ORIENTED_EDGE('',*,*,#13564,.F.);
#13571 = CYLINDRICAL_SURFACE('',#13572,1.9939);
#13572 = AXIS2_PLACEMENT_3D('',#13573,#13574,#13575);
#13573 = CARTESIAN_POINT('',(319.12125,-197.875,-4.6E-02));
#13574 = DIRECTION('',(-0.,-0.,-1.));
#13575 = DIRECTION('',(-2.850866084598E-14,-1.,0.));
#13576 = ADVANCED_FACE('',(#13577),#13588,.F.);
#13577 = FACE_BOUND('',#13578,.T.);
#13578 = EDGE_LOOP('',(#13579,#13580,#13586,#13587));
#13579 = ORIENTED_EDGE('',*,*,#1689,.T.);
#13580 = ORIENTED_EDGE('',*,*,#13581,.T.);
#13581 = EDGE_CURVE('',#1690,#7171,#13582,.T.);
#13582 = LINE('',#13583,#13584);
#13583 = CARTESIAN_POINT('',(324.20125,-198.75,-4.6E-02));
#13584 = VECTOR('',#13585,1.);
#13585 = DIRECTION('',(0.,0.,1.));
#13586 = ORIENTED_EDGE('',*,*,#7170,.F.);
#13587 = ORIENTED_EDGE('',*,*,#13581,.F.);
#13588 = CYLINDRICAL_SURFACE('',#13589,0.875);
#13589 = AXIS2_PLACEMENT_3D('',#13590,#13591,#13592);
#13590 = CARTESIAN_POINT('',(324.20125,-197.875,-4.6E-02));
#13591 = DIRECTION('',(-0.,-0.,-1.));
#13592 = DIRECTION('',(-0.,-1.,0.));
#13593 = ADVANCED_FACE('',(#13594),#13605,.F.);
#13594 = FACE_BOUND('',#13595,.T.);
#13595 = EDGE_LOOP('',(#13596,#13597,#13603,#13604));
#13596 = ORIENTED_EDGE('',*,*,#1700,.T.);
#13597 = ORIENTED_EDGE('',*,*,#13598,.T.);
#13598 = EDGE_CURVE('',#1701,#7182,#13599,.T.);
#13599 = LINE('',#13600,#13601);
#13600 = CARTESIAN_POINT('',(331.03,-199.015,-4.6E-02));
#13601 = VECTOR('',#13602,1.);
#13602 = DIRECTION('',(0.,0.,1.));
#13603 = ORIENTED_EDGE('',*,*,#7181,.F.);
#13604 = ORIENTED_EDGE('',*,*,#13598,.F.);
#13605 = CYLINDRICAL_SURFACE('',#13606,0.4);
#13606 = AXIS2_PLACEMENT_3D('',#13607,#13608,#13609);
#13607 = CARTESIAN_POINT('',(331.03,-198.615,-4.6E-02));
#13608 = DIRECTION('',(-0.,-0.,-1.));
#13609 = DIRECTION('',(-0.,-1.,0.));
#13610 = ADVANCED_FACE('',(#13611),#13622,.F.);
#13611 = FACE_BOUND('',#13612,.T.);
#13612 = EDGE_LOOP('',(#13613,#13614,#13620,#13621));
#13613 = ORIENTED_EDGE('',*,*,#1711,.T.);
#13614 = ORIENTED_EDGE('',*,*,#13615,.T.);
#13615 = EDGE_CURVE('',#1712,#7193,#13616,.T.);
#13616 = LINE('',#13617,#13618);
#13617 = CARTESIAN_POINT('',(337.85375,-198.75,-4.6E-02));
#13618 = VECTOR('',#13619,1.);
#13619 = DIRECTION('',(0.,0.,1.));
#13620 = ORIENTED_EDGE('',*,*,#7192,.F.);
#13621 = ORIENTED_EDGE('',*,*,#13615,.F.);
#13622 = CYLINDRICAL_SURFACE('',#13623,0.875);
#13623 = AXIS2_PLACEMENT_3D('',#13624,#13625,#13626);
#13624 = CARTESIAN_POINT('',(337.85375,-197.875,-4.6E-02));
#13625 = DIRECTION('',(-0.,-0.,-1.));
#13626 = DIRECTION('',(-0.,-1.,0.));
#13627 = ADVANCED_FACE('',(#13628),#13639,.F.);
#13628 = FACE_BOUND('',#13629,.T.);
#13629 = EDGE_LOOP('',(#13630,#13631,#13637,#13638));
#13630 = ORIENTED_EDGE('',*,*,#1722,.T.);
#13631 = ORIENTED_EDGE('',*,*,#13632,.T.);
#13632 = EDGE_CURVE('',#1723,#7204,#13633,.T.);
#13633 = LINE('',#13634,#13635);
#13634 = CARTESIAN_POINT('',(354.8425,-206.635,-4.6E-02));
#13635 = VECTOR('',#13636,1.);
#13636 = DIRECTION('',(0.,0.,1.));
#13637 = ORIENTED_EDGE('',*,*,#7203,.F.);
#13638 = ORIENTED_EDGE('',*,*,#13632,.F.);
#13639 = CYLINDRICAL_SURFACE('',#13640,0.4);
#13640 = AXIS2_PLACEMENT_3D('',#13641,#13642,#13643);
#13641 = CARTESIAN_POINT('',(354.8425,-206.235,-4.6E-02));
#13642 = DIRECTION('',(-0.,-0.,-1.));
#13643 = DIRECTION('',(-0.,-1.,0.));
#13644 = ADVANCED_FACE('',(#13645),#13656,.F.);
#13645 = FACE_BOUND('',#13646,.T.);
#13646 = EDGE_LOOP('',(#13647,#13648,#13654,#13655));
#13647 = ORIENTED_EDGE('',*,*,#1733,.T.);
#13648 = ORIENTED_EDGE('',*,*,#13649,.T.);
#13649 = EDGE_CURVE('',#1734,#7215,#13650,.T.);
#13650 = LINE('',#13651,#13652);
#13651 = CARTESIAN_POINT('',(376.655,-206.635,-4.6E-02));
#13652 = VECTOR('',#13653,1.);
#13653 = DIRECTION('',(0.,0.,1.));
#13654 = ORIENTED_EDGE('',*,*,#7214,.F.);
#13655 = ORIENTED_EDGE('',*,*,#13649,.F.);
#13656 = CYLINDRICAL_SURFACE('',#13657,0.4);
#13657 = AXIS2_PLACEMENT_3D('',#13658,#13659,#13660);
#13658 = CARTESIAN_POINT('',(376.655,-206.235,-4.6E-02));
#13659 = DIRECTION('',(-0.,-0.,-1.));
#13660 = DIRECTION('',(-0.,-1.,0.));
#13661 = ADVANCED_FACE('',(#13662),#13673,.F.);
#13662 = FACE_BOUND('',#13663,.T.);
#13663 = EDGE_LOOP('',(#13664,#13665,#13671,#13672));
#13664 = ORIENTED_EDGE('',*,*,#1744,.T.);
#13665 = ORIENTED_EDGE('',*,*,#13666,.T.);
#13666 = EDGE_CURVE('',#1745,#7226,#13667,.T.);
#13667 = LINE('',#13668,#13669);
#13668 = CARTESIAN_POINT('',(342.93375,-199.8689,-4.6E-02));
#13669 = VECTOR('',#13670,1.);
#13670 = DIRECTION('',(0.,0.,1.));
#13671 = ORIENTED_EDGE('',*,*,#7225,.F.);
#13672 = ORIENTED_EDGE('',*,*,#13666,.F.);
#13673 = CYLINDRICAL_SURFACE('',#13674,1.9939);
#13674 = AXIS2_PLACEMENT_3D('',#13675,#13676,#13677);
#13675 = CARTESIAN_POINT('',(342.93375,-197.875,-4.6E-02));
#13676 = DIRECTION('',(-0.,-0.,-1.));
#13677 = DIRECTION('',(-2.850866084598E-14,-1.,0.));
#13678 = ADVANCED_FACE('',(#13679),#13690,.F.);
#13679 = FACE_BOUND('',#13680,.T.);
#13680 = EDGE_LOOP('',(#13681,#13682,#13688,#13689));
#13681 = ORIENTED_EDGE('',*,*,#1755,.T.);
#13682 = ORIENTED_EDGE('',*,*,#13683,.T.);
#13683 = EDGE_CURVE('',#1756,#7237,#13684,.T.);
#13684 = LINE('',#13685,#13686);
#13685 = CARTESIAN_POINT('',(348.01375,-198.75,-4.6E-02));
#13686 = VECTOR('',#13687,1.);
#13687 = DIRECTION('',(0.,0.,1.));
#13688 = ORIENTED_EDGE('',*,*,#7236,.F.);
#13689 = ORIENTED_EDGE('',*,*,#13683,.F.);
#13690 = CYLINDRICAL_SURFACE('',#13691,0.875);
#13691 = AXIS2_PLACEMENT_3D('',#13692,#13693,#13694);
#13692 = CARTESIAN_POINT('',(348.01375,-197.875,-4.6E-02));
#13693 = DIRECTION('',(-0.,-0.,-1.));
#13694 = DIRECTION('',(-0.,-1.,0.));
#13695 = ADVANCED_FACE('',(#13696),#13707,.F.);
#13696 = FACE_BOUND('',#13697,.T.);
#13697 = EDGE_LOOP('',(#13698,#13699,#13705,#13706));
#13698 = ORIENTED_EDGE('',*,*,#1766,.T.);
#13699 = ORIENTED_EDGE('',*,*,#13700,.T.);
#13700 = EDGE_CURVE('',#1767,#7248,#13701,.T.);
#13701 = LINE('',#13702,#13703);
#13702 = CARTESIAN_POINT('',(354.8425,-199.015,-4.6E-02));
#13703 = VECTOR('',#13704,1.);
#13704 = DIRECTION('',(0.,0.,1.));
#13705 = ORIENTED_EDGE('',*,*,#7247,.F.);
#13706 = ORIENTED_EDGE('',*,*,#13700,.F.);
#13707 = CYLINDRICAL_SURFACE('',#13708,0.4);
#13708 = AXIS2_PLACEMENT_3D('',#13709,#13710,#13711);
#13709 = CARTESIAN_POINT('',(354.8425,-198.615,-4.6E-02));
#13710 = DIRECTION('',(-0.,-0.,-1.));
#13711 = DIRECTION('',(-0.,-1.,0.));
#13712 = ADVANCED_FACE('',(#13713),#13724,.F.);
#13713 = FACE_BOUND('',#13714,.T.);
#13714 = EDGE_LOOP('',(#13715,#13716,#13722,#13723));
#13715 = ORIENTED_EDGE('',*,*,#1777,.T.);
#13716 = ORIENTED_EDGE('',*,*,#13717,.T.);
#13717 = EDGE_CURVE('',#1778,#7259,#13718,.T.);
#13718 = LINE('',#13719,#13720);
#13719 = CARTESIAN_POINT('',(361.66625,-198.75,-4.6E-02));
#13720 = VECTOR('',#13721,1.);
#13721 = DIRECTION('',(0.,0.,1.));
#13722 = ORIENTED_EDGE('',*,*,#7258,.F.);
#13723 = ORIENTED_EDGE('',*,*,#13717,.F.);
#13724 = CYLINDRICAL_SURFACE('',#13725,0.875);
#13725 = AXIS2_PLACEMENT_3D('',#13726,#13727,#13728);
#13726 = CARTESIAN_POINT('',(361.66625,-197.875,-4.6E-02));
#13727 = DIRECTION('',(-0.,-0.,-1.));
#13728 = DIRECTION('',(-0.,-1.,0.));
#13729 = ADVANCED_FACE('',(#13730),#13741,.F.);
#13730 = FACE_BOUND('',#13731,.T.);
#13731 = EDGE_LOOP('',(#13732,#13733,#13739,#13740));
#13732 = ORIENTED_EDGE('',*,*,#1788,.T.);
#13733 = ORIENTED_EDGE('',*,*,#13734,.T.);
#13734 = EDGE_CURVE('',#1789,#7270,#13735,.T.);
#13735 = LINE('',#13736,#13737);
#13736 = CARTESIAN_POINT('',(366.74625,-199.8689,-4.6E-02));
#13737 = VECTOR('',#13738,1.);
#13738 = DIRECTION('',(0.,0.,1.));
#13739 = ORIENTED_EDGE('',*,*,#7269,.F.);
#13740 = ORIENTED_EDGE('',*,*,#13734,.F.);
#13741 = CYLINDRICAL_SURFACE('',#13742,1.9939);
#13742 = AXIS2_PLACEMENT_3D('',#13743,#13744,#13745);
#13743 = CARTESIAN_POINT('',(366.74625,-197.875,-4.6E-02));
#13744 = DIRECTION('',(-0.,-0.,-1.));
#13745 = DIRECTION('',(-2.850866084598E-14,-1.,0.));
#13746 = ADVANCED_FACE('',(#13747),#13758,.F.);
#13747 = FACE_BOUND('',#13748,.T.);
#13748 = EDGE_LOOP('',(#13749,#13750,#13756,#13757));
#13749 = ORIENTED_EDGE('',*,*,#1799,.T.);
#13750 = ORIENTED_EDGE('',*,*,#13751,.T.);
#13751 = EDGE_CURVE('',#1800,#7281,#13752,.T.);
#13752 = LINE('',#13753,#13754);
#13753 = CARTESIAN_POINT('',(371.82625,-198.75,-4.6E-02));
#13754 = VECTOR('',#13755,1.);
#13755 = DIRECTION('',(0.,0.,1.));
#13756 = ORIENTED_EDGE('',*,*,#7280,.F.);
#13757 = ORIENTED_EDGE('',*,*,#13751,.F.);
#13758 = CYLINDRICAL_SURFACE('',#13759,0.875);
#13759 = AXIS2_PLACEMENT_3D('',#13760,#13761,#13762);
#13760 = CARTESIAN_POINT('',(371.82625,-197.875,-4.6E-02));
#13761 = DIRECTION('',(-0.,-0.,-1.));
#13762 = DIRECTION('',(-0.,-1.,0.));
#13763 = ADVANCED_FACE('',(#13764),#13775,.F.);
#13764 = FACE_BOUND('',#13765,.T.);
#13765 = EDGE_LOOP('',(#13766,#13767,#13773,#13774));
#13766 = ORIENTED_EDGE('',*,*,#1810,.T.);
#13767 = ORIENTED_EDGE('',*,*,#13768,.T.);
#13768 = EDGE_CURVE('',#1811,#7292,#13769,.T.);
#13769 = LINE('',#13770,#13771);
#13770 = CARTESIAN_POINT('',(376.655,-199.015,-4.6E-02));
#13771 = VECTOR('',#13772,1.);
#13772 = DIRECTION('',(0.,0.,1.));
#13773 = ORIENTED_EDGE('',*,*,#7291,.F.);
#13774 = ORIENTED_EDGE('',*,*,#13768,.F.);
#13775 = CYLINDRICAL_SURFACE('',#13776,0.4);
#13776 = AXIS2_PLACEMENT_3D('',#13777,#13778,#13779);
#13777 = CARTESIAN_POINT('',(376.655,-198.615,-4.6E-02));
#13778 = DIRECTION('',(-0.,-0.,-1.));
#13779 = DIRECTION('',(-0.,-1.,0.));
#13780 = ADVANCED_FACE('',(#13781),#13792,.F.);
#13781 = FACE_BOUND('',#13782,.T.);
#13782 = EDGE_LOOP('',(#13783,#13784,#13790,#13791));
#13783 = ORIENTED_EDGE('',*,*,#1821,.T.);
#13784 = ORIENTED_EDGE('',*,*,#13785,.T.);
#13785 = EDGE_CURVE('',#1822,#7303,#13786,.T.);
#13786 = LINE('',#13787,#13788);
#13787 = CARTESIAN_POINT('',(315.31125,-196.835,-4.6E-02));
#13788 = VECTOR('',#13789,1.);
#13789 = DIRECTION('',(0.,0.,1.));
#13790 = ORIENTED_EDGE('',*,*,#7302,.F.);
#13791 = ORIENTED_EDGE('',*,*,#13785,.F.);
#13792 = CYLINDRICAL_SURFACE('',#13793,1.5);
#13793 = AXIS2_PLACEMENT_3D('',#13794,#13795,#13796);
#13794 = CARTESIAN_POINT('',(315.31125,-195.335,-4.6E-02));
#13795 = DIRECTION('',(-0.,-0.,-1.));
#13796 = DIRECTION('',(-0.,-1.,0.));
#13797 = ADVANCED_FACE('',(#13798),#13809,.F.);
#13798 = FACE_BOUND('',#13799,.T.);
#13799 = EDGE_LOOP('',(#13800,#13801,#13807,#13808));
#13800 = ORIENTED_EDGE('',*,*,#1832,.T.);
#13801 = ORIENTED_EDGE('',*,*,#13802,.T.);
#13802 = EDGE_CURVE('',#1833,#7314,#13803,.T.);
#13803 = LINE('',#13804,#13805);
#13804 = CARTESIAN_POINT('',(321.66125,-194.295,-4.6E-02));
#13805 = VECTOR('',#13806,1.);
#13806 = DIRECTION('',(0.,0.,1.));
#13807 = ORIENTED_EDGE('',*,*,#7313,.F.);
#13808 = ORIENTED_EDGE('',*,*,#13802,.F.);
#13809 = CYLINDRICAL_SURFACE('',#13810,1.5);
#13810 = AXIS2_PLACEMENT_3D('',#13811,#13812,#13813);
#13811 = CARTESIAN_POINT('',(321.66125,-192.795,-4.6E-02));
#13812 = DIRECTION('',(-0.,-0.,-1.));
#13813 = DIRECTION('',(-0.,-1.,0.));
#13814 = ADVANCED_FACE('',(#13815),#13826,.F.);
#13815 = FACE_BOUND('',#13816,.T.);
#13816 = EDGE_LOOP('',(#13817,#13818,#13824,#13825));
#13817 = ORIENTED_EDGE('',*,*,#1843,.T.);
#13818 = ORIENTED_EDGE('',*,*,#13819,.T.);
#13819 = EDGE_CURVE('',#1844,#7325,#13820,.T.);
#13820 = LINE('',#13821,#13822);
#13821 = CARTESIAN_POINT('',(339.12375,-196.835,-4.6E-02));
#13822 = VECTOR('',#13823,1.);
#13823 = DIRECTION('',(0.,0.,1.));
#13824 = ORIENTED_EDGE('',*,*,#7324,.F.);
#13825 = ORIENTED_EDGE('',*,*,#13819,.F.);
#13826 = CYLINDRICAL_SURFACE('',#13827,1.5);
#13827 = AXIS2_PLACEMENT_3D('',#13828,#13829,#13830);
#13828 = CARTESIAN_POINT('',(339.12375,-195.335,-4.6E-02));
#13829 = DIRECTION('',(-0.,-0.,-1.));
#13830 = DIRECTION('',(-0.,-1.,0.));
#13831 = ADVANCED_FACE('',(#13832),#13843,.F.);
#13832 = FACE_BOUND('',#13833,.T.);
#13833 = EDGE_LOOP('',(#13834,#13835,#13841,#13842));
#13834 = ORIENTED_EDGE('',*,*,#1854,.T.);
#13835 = ORIENTED_EDGE('',*,*,#13836,.T.);
#13836 = EDGE_CURVE('',#1855,#7336,#13837,.T.);
#13837 = LINE('',#13838,#13839);
#13838 = CARTESIAN_POINT('',(307.2075,-187.615,-4.6E-02));
#13839 = VECTOR('',#13840,1.);
#13840 = DIRECTION('',(0.,0.,1.));
#13841 = ORIENTED_EDGE('',*,*,#7335,.F.);
#13842 = ORIENTED_EDGE('',*,*,#13836,.F.);
#13843 = CYLINDRICAL_SURFACE('',#13844,0.4);
#13844 = AXIS2_PLACEMENT_3D('',#13845,#13846,#13847);
#13845 = CARTESIAN_POINT('',(307.2075,-187.215,-4.6E-02));
#13846 = DIRECTION('',(-0.,-0.,-1.));
#13847 = DIRECTION('',(-0.,-1.,0.));
#13848 = ADVANCED_FACE('',(#13849),#13860,.F.);
#13849 = FACE_BOUND('',#13850,.T.);
#13850 = EDGE_LOOP('',(#13851,#13852,#13858,#13859));
#13851 = ORIENTED_EDGE('',*,*,#1865,.T.);
#13852 = ORIENTED_EDGE('',*,*,#13853,.T.);
#13853 = EDGE_CURVE('',#1866,#7347,#13854,.T.);
#13854 = LINE('',#13855,#13856);
#13855 = CARTESIAN_POINT('',(326.2575,-187.615,-4.6E-02));
#13856 = VECTOR('',#13857,1.);
#13857 = DIRECTION('',(0.,0.,1.));
#13858 = ORIENTED_EDGE('',*,*,#7346,.F.);
#13859 = ORIENTED_EDGE('',*,*,#13853,.F.);
#13860 = CYLINDRICAL_SURFACE('',#13861,0.4);
#13861 = AXIS2_PLACEMENT_3D('',#13862,#13863,#13864);
#13862 = CARTESIAN_POINT('',(326.2575,-187.215,-4.6E-02));
#13863 = DIRECTION('',(-0.,-0.,-1.));
#13864 = DIRECTION('',(-1.42108547152E-13,-1.,0.));
#13865 = ADVANCED_FACE('',(#13866),#13877,.F.);
#13866 = FACE_BOUND('',#13867,.T.);
#13867 = EDGE_LOOP('',(#13868,#13869,#13875,#13876));
#13868 = ORIENTED_EDGE('',*,*,#1876,.T.);
#13869 = ORIENTED_EDGE('',*,*,#13870,.T.);
#13870 = EDGE_CURVE('',#1877,#7358,#13871,.T.);
#13871 = LINE('',#13872,#13873);
#13872 = CARTESIAN_POINT('',(331.978,-188.04,-4.6E-02));
#13873 = VECTOR('',#13874,1.);
#13874 = DIRECTION('',(0.,0.,1.));
#13875 = ORIENTED_EDGE('',*,*,#7357,.F.);
#13876 = ORIENTED_EDGE('',*,*,#13870,.F.);
#13877 = CYLINDRICAL_SURFACE('',#13878,1.35);
#13878 = AXIS2_PLACEMENT_3D('',#13879,#13880,#13881);
#13879 = CARTESIAN_POINT('',(331.978,-186.69,-4.6E-02));
#13880 = DIRECTION('',(-0.,0.,-1.));
#13881 = DIRECTION('',(4.210623619319E-14,-1.,-0.));
#13882 = ADVANCED_FACE('',(#13883),#13894,.F.);
#13883 = FACE_BOUND('',#13884,.T.);
#13884 = EDGE_LOOP('',(#13885,#13886,#13892,#13893));
#13885 = ORIENTED_EDGE('',*,*,#1887,.T.);
#13886 = ORIENTED_EDGE('',*,*,#13887,.T.);
#13887 = EDGE_CURVE('',#1888,#7369,#13888,.T.);
#13888 = LINE('',#13889,#13890);
#13889 = CARTESIAN_POINT('',(340.5525,-189.0739,-4.6E-02));
#13890 = VECTOR('',#13891,1.);
#13891 = DIRECTION('',(0.,0.,1.));
#13892 = ORIENTED_EDGE('',*,*,#7368,.F.);
#13893 = ORIENTED_EDGE('',*,*,#13887,.F.);
#13894 = CYLINDRICAL_SURFACE('',#13895,1.9939);
#13895 = AXIS2_PLACEMENT_3D('',#13896,#13897,#13898);
#13896 = CARTESIAN_POINT('',(340.5525,-187.08,-4.6E-02));
#13897 = DIRECTION('',(-0.,-0.,-1.));
#13898 = DIRECTION('',(-0.,-1.,0.));
#13899 = ADVANCED_FACE('',(#13900),#13911,.F.);
#13900 = FACE_BOUND('',#13901,.T.);
#13901 = EDGE_LOOP('',(#13902,#13903,#13909,#13910));
#13902 = ORIENTED_EDGE('',*,*,#1898,.T.);
#13903 = ORIENTED_EDGE('',*,*,#13904,.T.);
#13904 = EDGE_CURVE('',#1899,#7380,#13905,.T.);
#13905 = LINE('',#13906,#13907);
#13906 = CARTESIAN_POINT('',(345.47375,-194.295,-4.6E-02));
#13907 = VECTOR('',#13908,1.);
#13908 = DIRECTION('',(0.,0.,1.));
#13909 = ORIENTED_EDGE('',*,*,#7379,.F.);
#13910 = ORIENTED_EDGE('',*,*,#13904,.F.);
#13911 = CYLINDRICAL_SURFACE('',#13912,1.5);
#13912 = AXIS2_PLACEMENT_3D('',#13913,#13914,#13915);
#13913 = CARTESIAN_POINT('',(345.47375,-192.795,-4.6E-02));
#13914 = DIRECTION('',(-0.,-0.,-1.));
#13915 = DIRECTION('',(-0.,-1.,0.));
#13916 = ADVANCED_FACE('',(#13917),#13928,.F.);
#13917 = FACE_BOUND('',#13918,.T.);
#13918 = EDGE_LOOP('',(#13919,#13920,#13926,#13927));
#13919 = ORIENTED_EDGE('',*,*,#1909,.T.);
#13920 = ORIENTED_EDGE('',*,*,#13921,.T.);
#13921 = EDGE_CURVE('',#1910,#7391,#13922,.T.);
#13922 = LINE('',#13923,#13924);
#13923 = CARTESIAN_POINT('',(362.93625,-196.835,-4.6E-02));
#13924 = VECTOR('',#13925,1.);
#13925 = DIRECTION('',(0.,0.,1.));
#13926 = ORIENTED_EDGE('',*,*,#7390,.F.);
#13927 = ORIENTED_EDGE('',*,*,#13921,.F.);
#13928 = CYLINDRICAL_SURFACE('',#13929,1.5);
#13929 = AXIS2_PLACEMENT_3D('',#13930,#13931,#13932);
#13930 = CARTESIAN_POINT('',(362.93625,-195.335,-4.6E-02));
#13931 = DIRECTION('',(-0.,-0.,-1.));
#13932 = DIRECTION('',(-0.,-1.,0.));
#13933 = ADVANCED_FACE('',(#13934),#13945,.F.);
#13934 = FACE_BOUND('',#13935,.T.);
#13935 = EDGE_LOOP('',(#13936,#13937,#13943,#13944));
#13936 = ORIENTED_EDGE('',*,*,#1920,.T.);
#13937 = ORIENTED_EDGE('',*,*,#13938,.T.);
#13938 = EDGE_CURVE('',#1921,#7402,#13939,.T.);
#13939 = LINE('',#13940,#13941);
#13940 = CARTESIAN_POINT('',(369.28625,-194.295,-4.6E-02));
#13941 = VECTOR('',#13942,1.);
#13942 = DIRECTION('',(0.,0.,1.));
#13943 = ORIENTED_EDGE('',*,*,#7401,.F.);
#13944 = ORIENTED_EDGE('',*,*,#13938,.F.);
#13945 = CYLINDRICAL_SURFACE('',#13946,1.5);
#13946 = AXIS2_PLACEMENT_3D('',#13947,#13948,#13949);
#13947 = CARTESIAN_POINT('',(369.28625,-192.795,-4.6E-02));
#13948 = DIRECTION('',(-0.,-0.,-1.));
#13949 = DIRECTION('',(-0.,-1.,0.));
#13950 = ADVANCED_FACE('',(#13951),#13962,.F.);
#13951 = FACE_BOUND('',#13952,.T.);
#13952 = EDGE_LOOP('',(#13953,#13954,#13960,#13961));
#13953 = ORIENTED_EDGE('',*,*,#1931,.T.);
#13954 = ORIENTED_EDGE('',*,*,#13955,.T.);
#13955 = EDGE_CURVE('',#1932,#7413,#13956,.T.);
#13956 = LINE('',#13957,#13958);
#13957 = CARTESIAN_POINT('',(364.365,-189.0739,-4.6E-02));
#13958 = VECTOR('',#13959,1.);
#13959 = DIRECTION('',(0.,0.,1.));
#13960 = ORIENTED_EDGE('',*,*,#7412,.F.);
#13961 = ORIENTED_EDGE('',*,*,#13955,.F.);
#13962 = CYLINDRICAL_SURFACE('',#13963,1.9939);
#13963 = AXIS2_PLACEMENT_3D('',#13964,#13965,#13966);
#13964 = CARTESIAN_POINT('',(364.365,-187.08,-4.6E-02));
#13965 = DIRECTION('',(-0.,-0.,-1.));
#13966 = DIRECTION('',(-0.,-1.,0.));
#13967 = ADVANCED_FACE('',(#13968),#13979,.F.);
#13968 = FACE_BOUND('',#13969,.T.);
#13969 = EDGE_LOOP('',(#13970,#13971,#13977,#13978));
#13970 = ORIENTED_EDGE('',*,*,#1942,.T.);
#13971 = ORIENTED_EDGE('',*,*,#13972,.T.);
#13972 = EDGE_CURVE('',#1943,#7424,#13973,.T.);
#13973 = LINE('',#13974,#13975);
#13974 = CARTESIAN_POINT('',(369.7645,-187.526,-4.6E-02));
#13975 = VECTOR('',#13976,1.);
#13976 = DIRECTION('',(0.,0.,1.));
#13977 = ORIENTED_EDGE('',*,*,#7423,.F.);
#13978 = ORIENTED_EDGE('',*,*,#13972,.F.);
#13979 = CYLINDRICAL_SURFACE('',#13980,0.4);
#13980 = AXIS2_PLACEMENT_3D('',#13981,#13982,#13983);
#13981 = CARTESIAN_POINT('',(369.7645,-187.126,-4.6E-02));
#13982 = DIRECTION('',(-0.,-0.,-1.));
#13983 = DIRECTION('',(-0.,-1.,0.));
#13984 = ADVANCED_FACE('',(#13985),#13996,.F.);
#13985 = FACE_BOUND('',#13986,.T.);
#13986 = EDGE_LOOP('',(#13987,#13988,#13994,#13995));
#13987 = ORIENTED_EDGE('',*,*,#1953,.T.);
#13988 = ORIENTED_EDGE('',*,*,#13989,.T.);
#13989 = EDGE_CURVE('',#1954,#7435,#13990,.T.);
#13990 = LINE('',#13991,#13992);
#13991 = CARTESIAN_POINT('',(240.54,-180.8189,-4.6E-02));
#13992 = VECTOR('',#13993,1.);
#13993 = DIRECTION('',(0.,0.,1.));
#13994 = ORIENTED_EDGE('',*,*,#7434,.F.);
#13995 = ORIENTED_EDGE('',*,*,#13989,.F.);
#13996 = CYLINDRICAL_SURFACE('',#13997,1.9939);
#13997 = AXIS2_PLACEMENT_3D('',#13998,#13999,#14000);
#13998 = CARTESIAN_POINT('',(240.54,-178.825,-4.6E-02));
#13999 = DIRECTION('',(-0.,-0.,-1.));
#14000 = DIRECTION('',(-0.,-1.,0.));
#14001 = ADVANCED_FACE('',(#14002),#14013,.F.);
#14002 = FACE_BOUND('',#14003,.T.);
#14003 = EDGE_LOOP('',(#14004,#14005,#14011,#14012));
#14004 = ORIENTED_EDGE('',*,*,#1964,.T.);
#14005 = ORIENTED_EDGE('',*,*,#14006,.T.);
#14006 = EDGE_CURVE('',#1965,#7446,#14007,.T.);
#14007 = LINE('',#14008,#14009);
#14008 = CARTESIAN_POINT('',(245.62,-179.7,-4.6E-02));
#14009 = VECTOR('',#14010,1.);
#14010 = DIRECTION('',(0.,0.,1.));
#14011 = ORIENTED_EDGE('',*,*,#7445,.F.);
#14012 = ORIENTED_EDGE('',*,*,#14006,.F.);
#14013 = CYLINDRICAL_SURFACE('',#14014,0.875);
#14014 = AXIS2_PLACEMENT_3D('',#14015,#14016,#14017);
#14015 = CARTESIAN_POINT('',(245.62,-178.825,-4.6E-02));
#14016 = DIRECTION('',(-0.,-0.,-1.));
#14017 = DIRECTION('',(-0.,-1.,0.));
#14018 = ADVANCED_FACE('',(#14019),#14030,.F.);
#14019 = FACE_BOUND('',#14020,.T.);
#14020 = EDGE_LOOP('',(#14021,#14022,#14028,#14029));
#14021 = ORIENTED_EDGE('',*,*,#1975,.T.);
#14022 = ORIENTED_EDGE('',*,*,#14023,.T.);
#14023 = EDGE_CURVE('',#1976,#7457,#14024,.T.);
#14024 = LINE('',#14025,#14026);
#14025 = CARTESIAN_POINT('',(250.0575,-179.995,-4.6E-02));
#14026 = VECTOR('',#14027,1.);
#14027 = DIRECTION('',(0.,0.,1.));
#14028 = ORIENTED_EDGE('',*,*,#7456,.F.);
#14029 = ORIENTED_EDGE('',*,*,#14023,.F.);
#14030 = CYLINDRICAL_SURFACE('',#14031,0.4);
#14031 = AXIS2_PLACEMENT_3D('',#14032,#14033,#14034);
#14032 = CARTESIAN_POINT('',(250.0575,-179.595,-4.6E-02));
#14033 = DIRECTION('',(-0.,-0.,-1.));
#14034 = DIRECTION('',(-0.,-1.,0.));
#14035 = ADVANCED_FACE('',(#14036),#14047,.F.);
#14036 = FACE_BOUND('',#14037,.T.);
#14037 = EDGE_LOOP('',(#14038,#14039,#14045,#14046));
#14038 = ORIENTED_EDGE('',*,*,#1986,.T.);
#14039 = ORIENTED_EDGE('',*,*,#14040,.T.);
#14040 = EDGE_CURVE('',#1987,#7468,#14041,.T.);
#14041 = LINE('',#14042,#14043);
#14042 = CARTESIAN_POINT('',(254.51,-179.7,-4.6E-02));
#14043 = VECTOR('',#14044,1.);
#14044 = DIRECTION('',(0.,0.,1.));
#14045 = ORIENTED_EDGE('',*,*,#7467,.F.);
#14046 = ORIENTED_EDGE('',*,*,#14040,.F.);
#14047 = CYLINDRICAL_SURFACE('',#14048,0.875);
#14048 = AXIS2_PLACEMENT_3D('',#14049,#14050,#14051);
#14049 = CARTESIAN_POINT('',(254.51,-178.825,-4.6E-02));
#14050 = DIRECTION('',(-0.,-0.,-1.));
#14051 = DIRECTION('',(-0.,-1.,0.));
#14052 = ADVANCED_FACE('',(#14053),#14064,.F.);
#14053 = FACE_BOUND('',#14054,.T.);
#14054 = EDGE_LOOP('',(#14055,#14056,#14062,#14063));
#14055 = ORIENTED_EDGE('',*,*,#1997,.T.);
#14056 = ORIENTED_EDGE('',*,*,#14057,.T.);
#14057 = EDGE_CURVE('',#1998,#7479,#14058,.T.);
#14058 = LINE('',#14059,#14060);
#14059 = CARTESIAN_POINT('',(259.59,-180.8189,-4.6E-02));
#14060 = VECTOR('',#14061,1.);
#14061 = DIRECTION('',(0.,0.,1.));
#14062 = ORIENTED_EDGE('',*,*,#7478,.F.);
#14063 = ORIENTED_EDGE('',*,*,#14057,.F.);
#14064 = CYLINDRICAL_SURFACE('',#14065,1.9939);
#14065 = AXIS2_PLACEMENT_3D('',#14066,#14067,#14068);
#14066 = CARTESIAN_POINT('',(259.59,-178.825,-4.6E-02));
#14067 = DIRECTION('',(-0.,-0.,-1.));
#14068 = DIRECTION('',(-2.850866084598E-14,-1.,0.));
#14069 = ADVANCED_FACE('',(#14070),#14081,.F.);
#14070 = FACE_BOUND('',#14071,.T.);
#14071 = EDGE_LOOP('',(#14072,#14073,#14079,#14080));
#14072 = ORIENTED_EDGE('',*,*,#2008,.T.);
#14073 = ORIENTED_EDGE('',*,*,#14074,.T.);
#14074 = EDGE_CURVE('',#2009,#7490,#14075,.T.);
#14075 = LINE('',#14076,#14077);
#14076 = CARTESIAN_POINT('',(264.67,-179.7,-4.6E-02));
#14077 = VECTOR('',#14078,1.);
#14078 = DIRECTION('',(0.,0.,1.));
#14079 = ORIENTED_EDGE('',*,*,#7489,.F.);
#14080 = ORIENTED_EDGE('',*,*,#14074,.F.);
#14081 = CYLINDRICAL_SURFACE('',#14082,0.875);
#14082 = AXIS2_PLACEMENT_3D('',#14083,#14084,#14085);
#14083 = CARTESIAN_POINT('',(264.67,-178.825,-4.6E-02));
#14084 = DIRECTION('',(-0.,-0.,-1.));
#14085 = DIRECTION('',(-0.,-1.,0.));
#14086 = ADVANCED_FACE('',(#14087),#14098,.F.);
#14087 = FACE_BOUND('',#14088,.T.);
#14088 = EDGE_LOOP('',(#14089,#14090,#14096,#14097));
#14089 = ORIENTED_EDGE('',*,*,#2019,.T.);
#14090 = ORIENTED_EDGE('',*,*,#14091,.T.);
#14091 = EDGE_CURVE('',#2020,#7501,#14092,.T.);
#14092 = LINE('',#14093,#14094);
#14093 = CARTESIAN_POINT('',(269.1075,-179.995,-4.6E-02));
#14094 = VECTOR('',#14095,1.);
#14095 = DIRECTION('',(0.,0.,1.));
#14096 = ORIENTED_EDGE('',*,*,#7500,.F.);
#14097 = ORIENTED_EDGE('',*,*,#14091,.F.);
#14098 = CYLINDRICAL_SURFACE('',#14099,0.4);
#14099 = AXIS2_PLACEMENT_3D('',#14100,#14101,#14102);
#14100 = CARTESIAN_POINT('',(269.1075,-179.595,-4.6E-02));
#14101 = DIRECTION('',(-0.,0.,-1.));
#14102 = DIRECTION('',(1.42108547152E-13,-1.,-0.));
#14103 = ADVANCED_FACE('',(#14104),#14115,.F.);
#14104 = FACE_BOUND('',#14105,.T.);
#14105 = EDGE_LOOP('',(#14106,#14107,#14113,#14114));
#14106 = ORIENTED_EDGE('',*,*,#2030,.T.);
#14107 = ORIENTED_EDGE('',*,*,#14108,.T.);
#14108 = EDGE_CURVE('',#2031,#7512,#14109,.T.);
#14109 = LINE('',#14110,#14111);
#14110 = CARTESIAN_POINT('',(243.08,-175.245,-4.6E-02));
#14111 = VECTOR('',#14112,1.);
#14112 = DIRECTION('',(0.,0.,1.));
#14113 = ORIENTED_EDGE('',*,*,#7511,.F.);
#14114 = ORIENTED_EDGE('',*,*,#14108,.F.);
#14115 = CYLINDRICAL_SURFACE('',#14116,1.5);
#14116 = AXIS2_PLACEMENT_3D('',#14117,#14118,#14119);
#14117 = CARTESIAN_POINT('',(243.08,-173.745,-4.6E-02));
#14118 = DIRECTION('',(-0.,-0.,-1.));
#14119 = DIRECTION('',(-0.,-1.,0.));
#14120 = ADVANCED_FACE('',(#14121),#14132,.F.);
#14121 = FACE_BOUND('',#14122,.T.);
#14122 = EDGE_LOOP('',(#14123,#14124,#14130,#14131));
#14123 = ORIENTED_EDGE('',*,*,#2041,.T.);
#14124 = ORIENTED_EDGE('',*,*,#14125,.T.);
#14125 = EDGE_CURVE('',#2042,#7523,#14126,.T.);
#14126 = LINE('',#14127,#14128);
#14127 = CARTESIAN_POINT('',(255.78,-177.785,-4.6E-02));
#14128 = VECTOR('',#14129,1.);
#14129 = DIRECTION('',(0.,0.,1.));
#14130 = ORIENTED_EDGE('',*,*,#7522,.F.);
#14131 = ORIENTED_EDGE('',*,*,#14125,.F.);
#14132 = CYLINDRICAL_SURFACE('',#14133,1.5);
#14133 = AXIS2_PLACEMENT_3D('',#14134,#14135,#14136);
#14134 = CARTESIAN_POINT('',(255.78,-176.285,-4.6E-02));
#14135 = DIRECTION('',(-0.,0.,-1.));
#14136 = DIRECTION('',(1.894780628694E-14,-1.,-0.));
#14137 = ADVANCED_FACE('',(#14138),#14149,.F.);
#14138 = FACE_BOUND('',#14139,.T.);
#14139 = EDGE_LOOP('',(#14140,#14141,#14147,#14148));
#14140 = ORIENTED_EDGE('',*,*,#2052,.T.);
#14141 = ORIENTED_EDGE('',*,*,#14142,.T.);
#14142 = EDGE_CURVE('',#2053,#7534,#14143,.T.);
#14143 = LINE('',#14144,#14145);
#14144 = CARTESIAN_POINT('',(262.13,-175.245,-4.6E-02));
#14145 = VECTOR('',#14146,1.);
#14146 = DIRECTION('',(0.,0.,1.));
#14147 = ORIENTED_EDGE('',*,*,#7533,.F.);
#14148 = ORIENTED_EDGE('',*,*,#14142,.F.);
#14149 = CYLINDRICAL_SURFACE('',#14150,1.5);
#14150 = AXIS2_PLACEMENT_3D('',#14151,#14152,#14153);
#14151 = CARTESIAN_POINT('',(262.13,-173.745,-4.6E-02));
#14152 = DIRECTION('',(-0.,-0.,-1.));
#14153 = DIRECTION('',(-0.,-1.,0.));
#14154 = ADVANCED_FACE('',(#14155),#14166,.F.);
#14155 = FACE_BOUND('',#14156,.T.);
#14156 = EDGE_LOOP('',(#14157,#14158,#14164,#14165));
#14157 = ORIENTED_EDGE('',*,*,#2063,.T.);
#14158 = ORIENTED_EDGE('',*,*,#14159,.T.);
#14159 = EDGE_CURVE('',#2064,#7545,#14160,.T.);
#14160 = LINE('',#14161,#14162);
#14161 = CARTESIAN_POINT('',(273.56,-179.7,-4.6E-02));
#14162 = VECTOR('',#14163,1.);
#14163 = DIRECTION('',(0.,0.,1.));
#14164 = ORIENTED_EDGE('',*,*,#7544,.F.);
#14165 = ORIENTED_EDGE('',*,*,#14159,.F.);
#14166 = CYLINDRICAL_SURFACE('',#14167,0.875);
#14167 = AXIS2_PLACEMENT_3D('',#14168,#14169,#14170);
#14168 = CARTESIAN_POINT('',(273.56,-178.825,-4.6E-02));
#14169 = DIRECTION('',(-0.,-0.,-1.));
#14170 = DIRECTION('',(-0.,-1.,0.));
#14171 = ADVANCED_FACE('',(#14172),#14183,.F.);
#14172 = FACE_BOUND('',#14173,.T.);
#14173 = EDGE_LOOP('',(#14174,#14175,#14181,#14182));
#14174 = ORIENTED_EDGE('',*,*,#2074,.T.);
#14175 = ORIENTED_EDGE('',*,*,#14176,.T.);
#14176 = EDGE_CURVE('',#2075,#7556,#14177,.T.);
#14177 = LINE('',#14178,#14179);
#14178 = CARTESIAN_POINT('',(278.64,-180.8189,-4.6E-02));
#14179 = VECTOR('',#14180,1.);
#14180 = DIRECTION('',(0.,0.,1.));
#14181 = ORIENTED_EDGE('',*,*,#7555,.F.);
#14182 = ORIENTED_EDGE('',*,*,#14176,.F.);
#14183 = CYLINDRICAL_SURFACE('',#14184,1.9939);
#14184 = AXIS2_PLACEMENT_3D('',#14185,#14186,#14187);
#14185 = CARTESIAN_POINT('',(278.64,-178.825,-4.6E-02));
#14186 = DIRECTION('',(-0.,-0.,-1.));
#14187 = DIRECTION('',(-0.,-1.,0.));
#14188 = ADVANCED_FACE('',(#14189),#14200,.F.);
#14189 = FACE_BOUND('',#14190,.T.);
#14190 = EDGE_LOOP('',(#14191,#14192,#14198,#14199));
#14191 = ORIENTED_EDGE('',*,*,#2085,.T.);
#14192 = ORIENTED_EDGE('',*,*,#14193,.T.);
#14193 = EDGE_CURVE('',#2086,#7567,#14194,.T.);
#14194 = LINE('',#14195,#14196);
#14195 = CARTESIAN_POINT('',(283.72,-179.7,-4.6E-02));
#14196 = VECTOR('',#14197,1.);
#14197 = DIRECTION('',(0.,0.,1.));
#14198 = ORIENTED_EDGE('',*,*,#7566,.F.);
#14199 = ORIENTED_EDGE('',*,*,#14193,.F.);
#14200 = CYLINDRICAL_SURFACE('',#14201,0.875);
#14201 = AXIS2_PLACEMENT_3D('',#14202,#14203,#14204);
#14202 = CARTESIAN_POINT('',(283.72,-178.825,-4.6E-02));
#14203 = DIRECTION('',(-0.,-0.,-1.));
#14204 = DIRECTION('',(-0.,-1.,0.));
#14205 = ADVANCED_FACE('',(#14206),#14217,.F.);
#14206 = FACE_BOUND('',#14207,.T.);
#14207 = EDGE_LOOP('',(#14208,#14209,#14215,#14216));
#14208 = ORIENTED_EDGE('',*,*,#2096,.T.);
#14209 = ORIENTED_EDGE('',*,*,#14210,.T.);
#14210 = EDGE_CURVE('',#2097,#7578,#14211,.T.);
#14211 = LINE('',#14212,#14213);
#14212 = CARTESIAN_POINT('',(288.1575,-179.995,-4.6E-02));
#14213 = VECTOR('',#14214,1.);
#14214 = DIRECTION('',(0.,0.,1.));
#14215 = ORIENTED_EDGE('',*,*,#7577,.F.);
#14216 = ORIENTED_EDGE('',*,*,#14210,.F.);
#14217 = CYLINDRICAL_SURFACE('',#14218,0.4);
#14218 = AXIS2_PLACEMENT_3D('',#14219,#14220,#14221);
#14219 = CARTESIAN_POINT('',(288.1575,-179.595,-4.6E-02));
#14220 = DIRECTION('',(-0.,-0.,-1.));
#14221 = DIRECTION('',(-0.,-1.,0.));
#14222 = ADVANCED_FACE('',(#14223),#14234,.F.);
#14223 = FACE_BOUND('',#14224,.T.);
#14224 = EDGE_LOOP('',(#14225,#14226,#14232,#14233));
#14225 = ORIENTED_EDGE('',*,*,#2107,.T.);
#14226 = ORIENTED_EDGE('',*,*,#14227,.T.);
#14227 = EDGE_CURVE('',#2108,#7589,#14228,.T.);
#14228 = LINE('',#14229,#14230);
#14229 = CARTESIAN_POINT('',(292.61,-179.7,-4.6E-02));
#14230 = VECTOR('',#14231,1.);
#14231 = DIRECTION('',(0.,0.,1.));
#14232 = ORIENTED_EDGE('',*,*,#7588,.F.);
#14233 = ORIENTED_EDGE('',*,*,#14227,.F.);
#14234 = CYLINDRICAL_SURFACE('',#14235,0.875);
#14235 = AXIS2_PLACEMENT_3D('',#14236,#14237,#14238);
#14236 = CARTESIAN_POINT('',(292.61,-178.825,-4.6E-02));
#14237 = DIRECTION('',(-0.,-0.,-1.));
#14238 = DIRECTION('',(-0.,-1.,0.));
#14239 = ADVANCED_FACE('',(#14240),#14251,.F.);
#14240 = FACE_BOUND('',#14241,.T.);
#14241 = EDGE_LOOP('',(#14242,#14243,#14249,#14250));
#14242 = ORIENTED_EDGE('',*,*,#2118,.T.);
#14243 = ORIENTED_EDGE('',*,*,#14244,.T.);
#14244 = EDGE_CURVE('',#2119,#7600,#14245,.T.);
#14245 = LINE('',#14246,#14247);
#14246 = CARTESIAN_POINT('',(297.69,-180.8189,-4.6E-02));
#14247 = VECTOR('',#14248,1.);
#14248 = DIRECTION('',(0.,0.,1.));
#14249 = ORIENTED_EDGE('',*,*,#7599,.F.);
#14250 = ORIENTED_EDGE('',*,*,#14244,.F.);
#14251 = CYLINDRICAL_SURFACE('',#14252,1.9939);
#14252 = AXIS2_PLACEMENT_3D('',#14253,#14254,#14255);
#14253 = CARTESIAN_POINT('',(297.69,-178.825,-4.6E-02));
#14254 = DIRECTION('',(-0.,-0.,-1.));
#14255 = DIRECTION('',(-0.,-1.,0.));
#14256 = ADVANCED_FACE('',(#14257),#14268,.F.);
#14257 = FACE_BOUND('',#14258,.T.);
#14258 = EDGE_LOOP('',(#14259,#14260,#14266,#14267));
#14259 = ORIENTED_EDGE('',*,*,#2129,.T.);
#14260 = ORIENTED_EDGE('',*,*,#14261,.T.);
#14261 = EDGE_CURVE('',#2130,#7611,#14262,.T.);
#14262 = LINE('',#14263,#14264);
#14263 = CARTESIAN_POINT('',(302.77,-179.7,-4.6E-02));
#14264 = VECTOR('',#14265,1.);
#14265 = DIRECTION('',(0.,0.,1.));
#14266 = ORIENTED_EDGE('',*,*,#7610,.F.);
#14267 = ORIENTED_EDGE('',*,*,#14261,.F.);
#14268 = CYLINDRICAL_SURFACE('',#14269,0.875);
#14269 = AXIS2_PLACEMENT_3D('',#14270,#14271,#14272);
#14270 = CARTESIAN_POINT('',(302.77,-178.825,-4.6E-02));
#14271 = DIRECTION('',(-0.,-0.,-1.));
#14272 = DIRECTION('',(-0.,-1.,0.));
#14273 = ADVANCED_FACE('',(#14274),#14285,.F.);
#14274 = FACE_BOUND('',#14275,.T.);
#14275 = EDGE_LOOP('',(#14276,#14277,#14283,#14284));
#14276 = ORIENTED_EDGE('',*,*,#2140,.T.);
#14277 = ORIENTED_EDGE('',*,*,#14278,.T.);
#14278 = EDGE_CURVE('',#2141,#7622,#14279,.T.);
#14279 = LINE('',#14280,#14281);
#14280 = CARTESIAN_POINT('',(274.83,-177.785,-4.6E-02));
#14281 = VECTOR('',#14282,1.);
#14282 = DIRECTION('',(0.,0.,1.));
#14283 = ORIENTED_EDGE('',*,*,#7621,.F.);
#14284 = ORIENTED_EDGE('',*,*,#14278,.F.);
#14285 = CYLINDRICAL_SURFACE('',#14286,1.5);
#14286 = AXIS2_PLACEMENT_3D('',#14287,#14288,#14289);
#14287 = CARTESIAN_POINT('',(274.83,-176.285,-4.6E-02));
#14288 = DIRECTION('',(-0.,-0.,-1.));
#14289 = DIRECTION('',(-0.,-1.,0.));
#14290 = ADVANCED_FACE('',(#14291),#14302,.F.);
#14291 = FACE_BOUND('',#14292,.T.);
#14292 = EDGE_LOOP('',(#14293,#14294,#14300,#14301));
#14293 = ORIENTED_EDGE('',*,*,#2151,.T.);
#14294 = ORIENTED_EDGE('',*,*,#14295,.T.);
#14295 = EDGE_CURVE('',#2152,#7633,#14296,.T.);
#14296 = LINE('',#14297,#14298);
#14297 = CARTESIAN_POINT('',(281.18,-175.245,-4.6E-02));
#14298 = VECTOR('',#14299,1.);
#14299 = DIRECTION('',(0.,0.,1.));
#14300 = ORIENTED_EDGE('',*,*,#7632,.F.);
#14301 = ORIENTED_EDGE('',*,*,#14295,.F.);
#14302 = CYLINDRICAL_SURFACE('',#14303,1.5);
#14303 = AXIS2_PLACEMENT_3D('',#14304,#14305,#14306);
#14304 = CARTESIAN_POINT('',(281.18,-173.745,-4.6E-02));
#14305 = DIRECTION('',(-0.,-0.,-1.));
#14306 = DIRECTION('',(-0.,-1.,0.));
#14307 = ADVANCED_FACE('',(#14308),#14319,.F.);
#14308 = FACE_BOUND('',#14309,.T.);
#14309 = EDGE_LOOP('',(#14310,#14311,#14317,#14318));
#14310 = ORIENTED_EDGE('',*,*,#2162,.T.);
#14311 = ORIENTED_EDGE('',*,*,#14312,.T.);
#14312 = EDGE_CURVE('',#2163,#7644,#14313,.T.);
#14313 = LINE('',#14314,#14315);
#14314 = CARTESIAN_POINT('',(293.88,-177.785,-4.6E-02));
#14315 = VECTOR('',#14316,1.);
#14316 = DIRECTION('',(0.,0.,1.));
#14317 = ORIENTED_EDGE('',*,*,#7643,.F.);
#14318 = ORIENTED_EDGE('',*,*,#14312,.F.);
#14319 = CYLINDRICAL_SURFACE('',#14320,1.5);
#14320 = AXIS2_PLACEMENT_3D('',#14321,#14322,#14323);
#14321 = CARTESIAN_POINT('',(293.88,-176.285,-4.6E-02));
#14322 = DIRECTION('',(-0.,-0.,-1.));
#14323 = DIRECTION('',(-0.,-1.,0.));
#14324 = ADVANCED_FACE('',(#14325),#14336,.F.);
#14325 = FACE_BOUND('',#14326,.T.);
#14326 = EDGE_LOOP('',(#14327,#14328,#14334,#14335));
#14327 = ORIENTED_EDGE('',*,*,#2173,.T.);
#14328 = ORIENTED_EDGE('',*,*,#14329,.T.);
#14329 = EDGE_CURVE('',#2174,#7655,#14330,.T.);
#14330 = LINE('',#14331,#14332);
#14331 = CARTESIAN_POINT('',(300.23,-175.245,-4.6E-02));
#14332 = VECTOR('',#14333,1.);
#14333 = DIRECTION('',(0.,0.,1.));
#14334 = ORIENTED_EDGE('',*,*,#7654,.F.);
#14335 = ORIENTED_EDGE('',*,*,#14329,.F.);
#14336 = CYLINDRICAL_SURFACE('',#14337,1.5);
#14337 = AXIS2_PLACEMENT_3D('',#14338,#14339,#14340);
#14338 = CARTESIAN_POINT('',(300.23,-173.745,-4.6E-02));
#14339 = DIRECTION('',(-0.,-0.,-1.));
#14340 = DIRECTION('',(-0.,-1.,0.));
#14341 = ADVANCED_FACE('',(#14342),#14353,.F.);
#14342 = FACE_BOUND('',#14343,.T.);
#14343 = EDGE_LOOP('',(#14344,#14345,#14351,#14352));
#14344 = ORIENTED_EDGE('',*,*,#2184,.T.);
#14345 = ORIENTED_EDGE('',*,*,#14346,.T.);
#14346 = EDGE_CURVE('',#2185,#7666,#14347,.T.);
#14347 = LINE('',#14348,#14349);
#14348 = CARTESIAN_POINT('',(240.5375,-168.595,-4.6E-02));
#14349 = VECTOR('',#14350,1.);
#14350 = DIRECTION('',(0.,0.,1.));
#14351 = ORIENTED_EDGE('',*,*,#7665,.F.);
#14352 = ORIENTED_EDGE('',*,*,#14346,.F.);
#14353 = CYLINDRICAL_SURFACE('',#14354,0.4);
#14354 = AXIS2_PLACEMENT_3D('',#14355,#14356,#14357);
#14355 = CARTESIAN_POINT('',(240.5375,-168.195,-4.6E-02));
#14356 = DIRECTION('',(-0.,-0.,-1.));
#14357 = DIRECTION('',(-0.,-1.,0.));
#14358 = ADVANCED_FACE('',(#14359),#14370,.F.);
#14359 = FACE_BOUND('',#14360,.T.);
#14360 = EDGE_LOOP('',(#14361,#14362,#14368,#14369));
#14361 = ORIENTED_EDGE('',*,*,#2195,.T.);
#14362 = ORIENTED_EDGE('',*,*,#14363,.T.);
#14363 = EDGE_CURVE('',#2196,#7677,#14364,.T.);
#14364 = LINE('',#14365,#14366);
#14365 = CARTESIAN_POINT('',(259.5875,-168.595,-4.6E-02));
#14366 = VECTOR('',#14367,1.);
#14367 = DIRECTION('',(0.,0.,1.));
#14368 = ORIENTED_EDGE('',*,*,#7676,.F.);
#14369 = ORIENTED_EDGE('',*,*,#14363,.F.);
#14370 = CYLINDRICAL_SURFACE('',#14371,0.4);
#14371 = AXIS2_PLACEMENT_3D('',#14372,#14373,#14374);
#14372 = CARTESIAN_POINT('',(259.5875,-168.195,-4.6E-02));
#14373 = DIRECTION('',(-0.,-0.,-1.));
#14374 = DIRECTION('',(-0.,-1.,0.));
#14375 = ADVANCED_FACE('',(#14376),#14387,.F.);
#14376 = FACE_BOUND('',#14377,.T.);
#14377 = EDGE_LOOP('',(#14378,#14379,#14385,#14386));
#14378 = ORIENTED_EDGE('',*,*,#2206,.T.);
#14379 = ORIENTED_EDGE('',*,*,#14380,.T.);
#14380 = EDGE_CURVE('',#2207,#7688,#14381,.T.);
#14381 = LINE('',#14382,#14383);
#14382 = CARTESIAN_POINT('',(278.6375,-168.595,-4.6E-02));
#14383 = VECTOR('',#14384,1.);
#14384 = DIRECTION('',(0.,0.,1.));
#14385 = ORIENTED_EDGE('',*,*,#7687,.F.);
#14386 = ORIENTED_EDGE('',*,*,#14380,.F.);
#14387 = CYLINDRICAL_SURFACE('',#14388,0.4);
#14388 = AXIS2_PLACEMENT_3D('',#14389,#14390,#14391);
#14389 = CARTESIAN_POINT('',(278.6375,-168.195,-4.6E-02));
#14390 = DIRECTION('',(-0.,-0.,-1.));
#14391 = DIRECTION('',(-1.42108547152E-13,-1.,0.));
#14392 = ADVANCED_FACE('',(#14393),#14404,.F.);
#14393 = FACE_BOUND('',#14394,.T.);
#14394 = EDGE_LOOP('',(#14395,#14396,#14402,#14403));
#14395 = ORIENTED_EDGE('',*,*,#2217,.T.);
#14396 = ORIENTED_EDGE('',*,*,#14397,.T.);
#14397 = EDGE_CURVE('',#2218,#7699,#14398,.T.);
#14398 = LINE('',#14399,#14400);
#14399 = CARTESIAN_POINT('',(297.6875,-168.595,-4.6E-02));
#14400 = VECTOR('',#14401,1.);
#14401 = DIRECTION('',(0.,0.,1.));
#14402 = ORIENTED_EDGE('',*,*,#7698,.F.);
#14403 = ORIENTED_EDGE('',*,*,#14397,.F.);
#14404 = CYLINDRICAL_SURFACE('',#14405,0.4);
#14405 = AXIS2_PLACEMENT_3D('',#14406,#14407,#14408);
#14406 = CARTESIAN_POINT('',(297.6875,-168.195,-4.6E-02));
#14407 = DIRECTION('',(-0.,-0.,-1.));
#14408 = DIRECTION('',(-0.,-1.,0.));
#14409 = ADVANCED_FACE('',(#14410),#14421,.F.);
#14410 = FACE_BOUND('',#14411,.T.);
#14411 = EDGE_LOOP('',(#14412,#14413,#14419,#14420));
#14412 = ORIENTED_EDGE('',*,*,#2228,.T.);
#14413 = ORIENTED_EDGE('',*,*,#14414,.T.);
#14414 = EDGE_CURVE('',#2229,#7710,#14415,.T.);
#14415 = LINE('',#14416,#14417);
#14416 = CARTESIAN_POINT('',(307.2075,-179.995,-4.6E-02));
#14417 = VECTOR('',#14418,1.);
#14418 = DIRECTION('',(0.,0.,1.));
#14419 = ORIENTED_EDGE('',*,*,#7709,.F.);
#14420 = ORIENTED_EDGE('',*,*,#14414,.F.);
#14421 = CYLINDRICAL_SURFACE('',#14422,0.4);
#14422 = AXIS2_PLACEMENT_3D('',#14423,#14424,#14425);
#14423 = CARTESIAN_POINT('',(307.2075,-179.595,-4.6E-02));
#14424 = DIRECTION('',(-0.,-0.,-1.));
#14425 = DIRECTION('',(-0.,-1.,0.));
#14426 = ADVANCED_FACE('',(#14427),#14438,.F.);
#14427 = FACE_BOUND('',#14428,.T.);
#14428 = EDGE_LOOP('',(#14429,#14430,#14436,#14437));
#14429 = ORIENTED_EDGE('',*,*,#2239,.T.);
#14430 = ORIENTED_EDGE('',*,*,#14431,.T.);
#14431 = EDGE_CURVE('',#2240,#7721,#14432,.T.);
#14432 = LINE('',#14433,#14434);
#14433 = CARTESIAN_POINT('',(311.66,-179.7,-4.6E-02));
#14434 = VECTOR('',#14435,1.);
#14435 = DIRECTION('',(0.,0.,1.));
#14436 = ORIENTED_EDGE('',*,*,#7720,.F.);
#14437 = ORIENTED_EDGE('',*,*,#14431,.F.);
#14438 = CYLINDRICAL_SURFACE('',#14439,0.875);
#14439 = AXIS2_PLACEMENT_3D('',#14440,#14441,#14442);
#14440 = CARTESIAN_POINT('',(311.66,-178.825,-4.6E-02));
#14441 = DIRECTION('',(-0.,-0.,-1.));
#14442 = DIRECTION('',(-0.,-1.,0.));
#14443 = ADVANCED_FACE('',(#14444),#14455,.F.);
#14444 = FACE_BOUND('',#14445,.T.);
#14445 = EDGE_LOOP('',(#14446,#14447,#14453,#14454));
#14446 = ORIENTED_EDGE('',*,*,#2250,.T.);
#14447 = ORIENTED_EDGE('',*,*,#14448,.T.);
#14448 = EDGE_CURVE('',#2251,#7732,#14449,.T.);
#14449 = LINE('',#14450,#14451);
#14450 = CARTESIAN_POINT('',(316.74,-180.8189,-4.6E-02));
#14451 = VECTOR('',#14452,1.);
#14452 = DIRECTION('',(0.,0.,1.));
#14453 = ORIENTED_EDGE('',*,*,#7731,.F.);
#14454 = ORIENTED_EDGE('',*,*,#14448,.F.);
#14455 = CYLINDRICAL_SURFACE('',#14456,1.9939);
#14456 = AXIS2_PLACEMENT_3D('',#14457,#14458,#14459);
#14457 = CARTESIAN_POINT('',(316.74,-178.825,-4.6E-02));
#14458 = DIRECTION('',(-0.,-0.,-1.));
#14459 = DIRECTION('',(-0.,-1.,0.));
#14460 = ADVANCED_FACE('',(#14461),#14472,.F.);
#14461 = FACE_BOUND('',#14462,.T.);
#14462 = EDGE_LOOP('',(#14463,#14464,#14470,#14471));
#14463 = ORIENTED_EDGE('',*,*,#2261,.T.);
#14464 = ORIENTED_EDGE('',*,*,#14465,.T.);
#14465 = EDGE_CURVE('',#2262,#7743,#14466,.T.);
#14466 = LINE('',#14467,#14468);
#14467 = CARTESIAN_POINT('',(321.82,-179.7,-4.6E-02));
#14468 = VECTOR('',#14469,1.);
#14469 = DIRECTION('',(0.,0.,1.));
#14470 = ORIENTED_EDGE('',*,*,#7742,.F.);
#14471 = ORIENTED_EDGE('',*,*,#14465,.F.);
#14472 = CYLINDRICAL_SURFACE('',#14473,0.875);
#14473 = AXIS2_PLACEMENT_3D('',#14474,#14475,#14476);
#14474 = CARTESIAN_POINT('',(321.82,-178.825,-4.6E-02));
#14475 = DIRECTION('',(-0.,-0.,-1.));
#14476 = DIRECTION('',(-0.,-1.,0.));
#14477 = ADVANCED_FACE('',(#14478),#14489,.F.);
#14478 = FACE_BOUND('',#14479,.T.);
#14479 = EDGE_LOOP('',(#14480,#14481,#14487,#14488));
#14480 = ORIENTED_EDGE('',*,*,#2272,.T.);
#14481 = ORIENTED_EDGE('',*,*,#14482,.T.);
#14482 = EDGE_CURVE('',#2273,#7754,#14483,.T.);
#14483 = LINE('',#14484,#14485);
#14484 = CARTESIAN_POINT('',(326.2575,-179.995,-4.6E-02));
#14485 = VECTOR('',#14486,1.);
#14486 = DIRECTION('',(0.,0.,1.));
#14487 = ORIENTED_EDGE('',*,*,#7753,.F.);
#14488 = ORIENTED_EDGE('',*,*,#14482,.F.);
#14489 = CYLINDRICAL_SURFACE('',#14490,0.4);
#14490 = AXIS2_PLACEMENT_3D('',#14491,#14492,#14493);
#14491 = CARTESIAN_POINT('',(326.2575,-179.595,-4.6E-02));
#14492 = DIRECTION('',(-0.,-0.,-1.));
#14493 = DIRECTION('',(-1.42108547152E-13,-1.,0.));
#14494 = ADVANCED_FACE('',(#14495),#14506,.F.);
#14495 = FACE_BOUND('',#14496,.T.);
#14496 = EDGE_LOOP('',(#14497,#14498,#14504,#14505));
#14497 = ORIENTED_EDGE('',*,*,#2283,.T.);
#14498 = ORIENTED_EDGE('',*,*,#14499,.T.);
#14499 = EDGE_CURVE('',#2284,#7765,#14500,.T.);
#14500 = LINE('',#14501,#14502);
#14501 = CARTESIAN_POINT('',(312.93,-177.785,-4.6E-02));
#14502 = VECTOR('',#14503,1.);
#14503 = DIRECTION('',(0.,0.,1.));
#14504 = ORIENTED_EDGE('',*,*,#7764,.F.);
#14505 = ORIENTED_EDGE('',*,*,#14499,.F.);
#14506 = CYLINDRICAL_SURFACE('',#14507,1.5);
#14507 = AXIS2_PLACEMENT_3D('',#14508,#14509,#14510);
#14508 = CARTESIAN_POINT('',(312.93,-176.285,-4.6E-02));
#14509 = DIRECTION('',(-0.,-0.,-1.));
#14510 = DIRECTION('',(-0.,-1.,0.));
#14511 = ADVANCED_FACE('',(#14512),#14523,.F.);
#14512 = FACE_BOUND('',#14513,.T.);
#14513 = EDGE_LOOP('',(#14514,#14515,#14521,#14522));
#14514 = ORIENTED_EDGE('',*,*,#2294,.T.);
#14515 = ORIENTED_EDGE('',*,*,#14516,.T.);
#14516 = EDGE_CURVE('',#2295,#7776,#14517,.T.);
#14517 = LINE('',#14518,#14519);
#14518 = CARTESIAN_POINT('',(319.28,-175.245,-4.6E-02));
#14519 = VECTOR('',#14520,1.);
#14520 = DIRECTION('',(0.,0.,1.));
#14521 = ORIENTED_EDGE('',*,*,#7775,.F.);
#14522 = ORIENTED_EDGE('',*,*,#14516,.F.);
#14523 = CYLINDRICAL_SURFACE('',#14524,1.5);
#14524 = AXIS2_PLACEMENT_3D('',#14525,#14526,#14527);
#14525 = CARTESIAN_POINT('',(319.28,-173.745,-4.6E-02));
#14526 = DIRECTION('',(-0.,-0.,-1.));
#14527 = DIRECTION('',(-0.,-1.,0.));
#14528 = ADVANCED_FACE('',(#14529),#14540,.F.);
#14529 = FACE_BOUND('',#14530,.T.);
#14530 = EDGE_LOOP('',(#14531,#14532,#14538,#14539));
#14531 = ORIENTED_EDGE('',*,*,#2305,.T.);
#14532 = ORIENTED_EDGE('',*,*,#14533,.T.);
#14533 = EDGE_CURVE('',#2306,#7787,#14534,.T.);
#14534 = LINE('',#14535,#14536);
#14535 = CARTESIAN_POINT('',(347.37875,-179.7,-4.6E-02));
#14536 = VECTOR('',#14537,1.);
#14537 = DIRECTION('',(0.,0.,1.));
#14538 = ORIENTED_EDGE('',*,*,#7786,.F.);
#14539 = ORIENTED_EDGE('',*,*,#14533,.F.);
#14540 = CYLINDRICAL_SURFACE('',#14541,0.875);
#14541 = AXIS2_PLACEMENT_3D('',#14542,#14543,#14544);
#14542 = CARTESIAN_POINT('',(347.37875,-178.825,-4.6E-02));
#14543 = DIRECTION('',(-0.,-0.,-1.));
#14544 = DIRECTION('',(-0.,-1.,0.));
#14545 = ADVANCED_FACE('',(#14546),#14557,.F.);
#14546 = FACE_BOUND('',#14547,.T.);
#14547 = EDGE_LOOP('',(#14548,#14549,#14555,#14556));
#14548 = ORIENTED_EDGE('',*,*,#2316,.T.);
#14549 = ORIENTED_EDGE('',*,*,#14550,.T.);
#14550 = EDGE_CURVE('',#2317,#7798,#14551,.T.);
#14551 = LINE('',#14552,#14553);
#14552 = CARTESIAN_POINT('',(352.45875,-180.8189,-4.6E-02));
#14553 = VECTOR('',#14554,1.);
#14554 = DIRECTION('',(0.,0.,1.));
#14555 = ORIENTED_EDGE('',*,*,#7797,.F.);
#14556 = ORIENTED_EDGE('',*,*,#14550,.F.);
#14557 = CYLINDRICAL_SURFACE('',#14558,1.9939);
#14558 = AXIS2_PLACEMENT_3D('',#14559,#14560,#14561);
#14559 = CARTESIAN_POINT('',(352.45875,-178.825,-4.6E-02));
#14560 = DIRECTION('',(-0.,-0.,-1.));
#14561 = DIRECTION('',(-0.,-1.,0.));
#14562 = ADVANCED_FACE('',(#14563),#14574,.F.);
#14563 = FACE_BOUND('',#14564,.T.);
#14564 = EDGE_LOOP('',(#14565,#14566,#14572,#14573));
#14565 = ORIENTED_EDGE('',*,*,#2327,.T.);
#14566 = ORIENTED_EDGE('',*,*,#14567,.T.);
#14567 = EDGE_CURVE('',#2328,#7809,#14568,.T.);
#14568 = LINE('',#14569,#14570);
#14569 = CARTESIAN_POINT('',(357.53875,-179.7,-4.6E-02));
#14570 = VECTOR('',#14571,1.);
#14571 = DIRECTION('',(0.,0.,1.));
#14572 = ORIENTED_EDGE('',*,*,#7808,.F.);
#14573 = ORIENTED_EDGE('',*,*,#14567,.F.);
#14574 = CYLINDRICAL_SURFACE('',#14575,0.875);
#14575 = AXIS2_PLACEMENT_3D('',#14576,#14577,#14578);
#14576 = CARTESIAN_POINT('',(357.53875,-178.825,-4.6E-02));
#14577 = DIRECTION('',(-0.,-0.,-1.));
#14578 = DIRECTION('',(-0.,-1.,0.));
#14579 = ADVANCED_FACE('',(#14580),#14591,.F.);
#14580 = FACE_BOUND('',#14581,.T.);
#14581 = EDGE_LOOP('',(#14582,#14583,#14589,#14590));
#14582 = ORIENTED_EDGE('',*,*,#2338,.T.);
#14583 = ORIENTED_EDGE('',*,*,#14584,.T.);
#14584 = EDGE_CURVE('',#2339,#7820,#14585,.T.);
#14585 = LINE('',#14586,#14587);
#14586 = CARTESIAN_POINT('',(369.7645,-179.906,-4.6E-02));
#14587 = VECTOR('',#14588,1.);
#14588 = DIRECTION('',(0.,0.,1.));
#14589 = ORIENTED_EDGE('',*,*,#7819,.F.);
#14590 = ORIENTED_EDGE('',*,*,#14584,.F.);
#14591 = CYLINDRICAL_SURFACE('',#14592,0.4);
#14592 = AXIS2_PLACEMENT_3D('',#14593,#14594,#14595);
#14593 = CARTESIAN_POINT('',(369.7645,-179.506,-4.6E-02));
#14594 = DIRECTION('',(-0.,-0.,-1.));
#14595 = DIRECTION('',(-0.,-1.,0.));
#14596 = ADVANCED_FACE('',(#14597),#14608,.F.);
#14597 = FACE_BOUND('',#14598,.T.);
#14598 = EDGE_LOOP('',(#14599,#14600,#14606,#14607));
#14599 = ORIENTED_EDGE('',*,*,#2349,.T.);
#14600 = ORIENTED_EDGE('',*,*,#14601,.T.);
#14601 = EDGE_CURVE('',#2350,#7831,#14602,.T.);
#14602 = LINE('',#14603,#14604);
#14603 = CARTESIAN_POINT('',(372.8875,-179.944,-4.6E-02));
#14604 = VECTOR('',#14605,1.);
#14605 = DIRECTION('',(0.,0.,1.));
#14606 = ORIENTED_EDGE('',*,*,#7830,.F.);
#14607 = ORIENTED_EDGE('',*,*,#14601,.F.);
#14608 = CYLINDRICAL_SURFACE('',#14609,0.5);
#14609 = AXIS2_PLACEMENT_3D('',#14610,#14611,#14612);
#14610 = CARTESIAN_POINT('',(372.8875,-179.444,-4.6E-02));
#14611 = DIRECTION('',(-0.,-0.,-1.));
#14612 = DIRECTION('',(-0.,-1.,0.));
#14613 = ADVANCED_FACE('',(#14614),#14625,.F.);
#14614 = FACE_BOUND('',#14615,.T.);
#14615 = EDGE_LOOP('',(#14616,#14617,#14623,#14624));
#14616 = ORIENTED_EDGE('',*,*,#2360,.T.);
#14617 = ORIENTED_EDGE('',*,*,#14618,.T.);
#14618 = EDGE_CURVE('',#2361,#7842,#14619,.T.);
#14619 = LINE('',#14620,#14621);
#14620 = CARTESIAN_POINT('',(348.64875,-177.785,-4.6E-02));
#14621 = VECTOR('',#14622,1.);
#14622 = DIRECTION('',(0.,0.,1.));
#14623 = ORIENTED_EDGE('',*,*,#7841,.F.);
#14624 = ORIENTED_EDGE('',*,*,#14618,.F.);
#14625 = CYLINDRICAL_SURFACE('',#14626,1.5);
#14626 = AXIS2_PLACEMENT_3D('',#14627,#14628,#14629);
#14627 = CARTESIAN_POINT('',(348.64875,-176.285,-4.6E-02));
#14628 = DIRECTION('',(-0.,-0.,-1.));
#14629 = DIRECTION('',(-0.,-1.,0.));
#14630 = ADVANCED_FACE('',(#14631),#14642,.F.);
#14631 = FACE_BOUND('',#14632,.T.);
#14632 = EDGE_LOOP('',(#14633,#14634,#14640,#14641));
#14633 = ORIENTED_EDGE('',*,*,#2371,.T.);
#14634 = ORIENTED_EDGE('',*,*,#14635,.T.);
#14635 = EDGE_CURVE('',#2372,#7853,#14636,.T.);
#14636 = LINE('',#14637,#14638);
#14637 = CARTESIAN_POINT('',(354.99875,-175.245,-4.6E-02));
#14638 = VECTOR('',#14639,1.);
#14639 = DIRECTION('',(0.,0.,1.));
#14640 = ORIENTED_EDGE('',*,*,#7852,.F.);
#14641 = ORIENTED_EDGE('',*,*,#14635,.F.);
#14642 = CYLINDRICAL_SURFACE('',#14643,1.5);
#14643 = AXIS2_PLACEMENT_3D('',#14644,#14645,#14646);
#14644 = CARTESIAN_POINT('',(354.99875,-173.745,-4.6E-02));
#14645 = DIRECTION('',(-0.,-0.,-1.));
#14646 = DIRECTION('',(-0.,-1.,0.));
#14647 = ADVANCED_FACE('',(#14648),#14659,.F.);
#14648 = FACE_BOUND('',#14649,.T.);
#14649 = EDGE_LOOP('',(#14650,#14651,#14657,#14658));
#14650 = ORIENTED_EDGE('',*,*,#2382,.T.);
#14651 = ORIENTED_EDGE('',*,*,#14652,.T.);
#14652 = EDGE_CURVE('',#2383,#7864,#14653,.T.);
#14653 = LINE('',#14654,#14655);
#14654 = CARTESIAN_POINT('',(372.8875,-177.404,-4.6E-02));
#14655 = VECTOR('',#14656,1.);
#14656 = DIRECTION('',(0.,0.,1.));
#14657 = ORIENTED_EDGE('',*,*,#7863,.F.);
#14658 = ORIENTED_EDGE('',*,*,#14652,.F.);
#14659 = CYLINDRICAL_SURFACE('',#14660,0.5);
#14660 = AXIS2_PLACEMENT_3D('',#14661,#14662,#14663);
#14661 = CARTESIAN_POINT('',(372.8875,-176.904,-4.6E-02));
#14662 = DIRECTION('',(-0.,-0.,-1.));
#14663 = DIRECTION('',(-0.,-1.,0.));
#14664 = ADVANCED_FACE('',(#14665),#14676,.F.);
#14665 = FACE_BOUND('',#14666,.T.);
#14666 = EDGE_LOOP('',(#14667,#14668,#14674,#14675));
#14667 = ORIENTED_EDGE('',*,*,#2393,.T.);
#14668 = ORIENTED_EDGE('',*,*,#14669,.T.);
#14669 = EDGE_CURVE('',#2394,#7875,#14670,.T.);
#14670 = LINE('',#14671,#14672);
#14671 = CARTESIAN_POINT('',(372.8875,-174.864,-4.6E-02));
#14672 = VECTOR('',#14673,1.);
#14673 = DIRECTION('',(0.,0.,1.));
#14674 = ORIENTED_EDGE('',*,*,#7874,.F.);
#14675 = ORIENTED_EDGE('',*,*,#14669,.F.);
#14676 = CYLINDRICAL_SURFACE('',#14677,0.5);
#14677 = AXIS2_PLACEMENT_3D('',#14678,#14679,#14680);
#14678 = CARTESIAN_POINT('',(372.8875,-174.364,-4.6E-02));
#14679 = DIRECTION('',(-0.,-0.,-1.));
#14680 = DIRECTION('',(-0.,-1.,0.));
#14681 = ADVANCED_FACE('',(#14682),#14693,.F.);
#14682 = FACE_BOUND('',#14683,.T.);
#14683 = EDGE_LOOP('',(#14684,#14685,#14691,#14692));
#14684 = ORIENTED_EDGE('',*,*,#2404,.T.);
#14685 = ORIENTED_EDGE('',*,*,#14686,.T.);
#14686 = EDGE_CURVE('',#2405,#7886,#14687,.T.);
#14687 = LINE('',#14688,#14689);
#14688 = CARTESIAN_POINT('',(316.7375,-168.595,-4.6E-02));
#14689 = VECTOR('',#14690,1.);
#14690 = DIRECTION('',(0.,0.,1.));
#14691 = ORIENTED_EDGE('',*,*,#7885,.F.);
#14692 = ORIENTED_EDGE('',*,*,#14686,.F.);
#14693 = CYLINDRICAL_SURFACE('',#14694,0.4);
#14694 = AXIS2_PLACEMENT_3D('',#14695,#14696,#14697);
#14695 = CARTESIAN_POINT('',(316.7375,-168.195,-4.6E-02));
#14696 = DIRECTION('',(-0.,0.,-1.));
#14697 = DIRECTION('',(1.42108547152E-13,-1.,-0.));
#14698 = ADVANCED_FACE('',(#14699),#14710,.F.);
#14699 = FACE_BOUND('',#14700,.T.);
#14700 = EDGE_LOOP('',(#14701,#14702,#14708,#14709));
#14701 = ORIENTED_EDGE('',*,*,#2415,.T.);
#14702 = ORIENTED_EDGE('',*,*,#14703,.T.);
#14703 = EDGE_CURVE('',#2416,#7897,#14704,.T.);
#14704 = LINE('',#14705,#14706);
#14705 = CARTESIAN_POINT('',(340.5525,-173.364,-4.6E-02));
#14706 = VECTOR('',#14707,1.);
#14707 = DIRECTION('',(0.,0.,1.));
#14708 = ORIENTED_EDGE('',*,*,#7896,.F.);
#14709 = ORIENTED_EDGE('',*,*,#14703,.F.);
#14710 = CYLINDRICAL_SURFACE('',#14711,1.524);
#14711 = AXIS2_PLACEMENT_3D('',#14712,#14713,#14714);
#14712 = CARTESIAN_POINT('',(340.5525,-171.84,-4.6E-02));
#14713 = DIRECTION('',(-0.,-0.,-1.));
#14714 = DIRECTION('',(-0.,-1.,0.));
#14715 = ADVANCED_FACE('',(#14716),#14727,.F.);
#14716 = FACE_BOUND('',#14717,.T.);
#14717 = EDGE_LOOP('',(#14718,#14719,#14725,#14726));
#14718 = ORIENTED_EDGE('',*,*,#2426,.T.);
#14719 = ORIENTED_EDGE('',*,*,#14720,.T.);
#14720 = EDGE_CURVE('',#2427,#7908,#14721,.T.);
#14721 = LINE('',#14722,#14723);
#14722 = CARTESIAN_POINT('',(335.7875,-168.595,-4.6E-02));
#14723 = VECTOR('',#14724,1.);
#14724 = DIRECTION('',(0.,0.,1.));
#14725 = ORIENTED_EDGE('',*,*,#7907,.F.);
#14726 = ORIENTED_EDGE('',*,*,#14720,.F.);
#14727 = CYLINDRICAL_SURFACE('',#14728,0.4);
#14728 = AXIS2_PLACEMENT_3D('',#14729,#14730,#14731);
#14729 = CARTESIAN_POINT('',(335.7875,-168.195,-4.6E-02));
#14730 = DIRECTION('',(-0.,-0.,-1.));
#14731 = DIRECTION('',(-0.,-1.,0.));
#14732 = ADVANCED_FACE('',(#14733),#14744,.F.);
#14733 = FACE_BOUND('',#14734,.T.);
#14734 = EDGE_LOOP('',(#14735,#14736,#14742,#14743));
#14735 = ORIENTED_EDGE('',*,*,#2437,.T.);
#14736 = ORIENTED_EDGE('',*,*,#14737,.T.);
#14737 = EDGE_CURVE('',#2438,#7919,#14738,.T.);
#14738 = LINE('',#14739,#14740);
#14739 = CARTESIAN_POINT('',(345.315,-170.0239,-4.6E-02));
#14740 = VECTOR('',#14741,1.);
#14741 = DIRECTION('',(0.,0.,1.));
#14742 = ORIENTED_EDGE('',*,*,#7918,.F.);
#14743 = ORIENTED_EDGE('',*,*,#14737,.F.);
#14744 = CYLINDRICAL_SURFACE('',#14745,1.9939);
#14745 = AXIS2_PLACEMENT_3D('',#14746,#14747,#14748);
#14746 = CARTESIAN_POINT('',(345.315,-168.03,-4.6E-02));
#14747 = DIRECTION('',(-0.,-0.,-1.));
#14748 = DIRECTION('',(-0.,-1.,0.));
#14749 = ADVANCED_FACE('',(#14750),#14761,.F.);
#14750 = FACE_BOUND('',#14751,.T.);
#14751 = EDGE_LOOP('',(#14752,#14753,#14759,#14760));
#14752 = ORIENTED_EDGE('',*,*,#2448,.T.);
#14753 = ORIENTED_EDGE('',*,*,#14754,.T.);
#14754 = EDGE_CURVE('',#2449,#7930,#14755,.T.);
#14755 = LINE('',#14756,#14757);
#14756 = CARTESIAN_POINT('',(364.365,-173.364,-4.6E-02));
#14757 = VECTOR('',#14758,1.);
#14758 = DIRECTION('',(0.,0.,1.));
#14759 = ORIENTED_EDGE('',*,*,#7929,.F.);
#14760 = ORIENTED_EDGE('',*,*,#14754,.F.);
#14761 = CYLINDRICAL_SURFACE('',#14762,1.524);
#14762 = AXIS2_PLACEMENT_3D('',#14763,#14764,#14765);
#14763 = CARTESIAN_POINT('',(364.365,-171.84,-4.6E-02));
#14764 = DIRECTION('',(-0.,-0.,-1.));
#14765 = DIRECTION('',(-0.,-1.,0.));
#14766 = ADVANCED_FACE('',(#14767),#14778,.F.);
#14767 = FACE_BOUND('',#14768,.T.);
#14768 = EDGE_LOOP('',(#14769,#14770,#14776,#14777));
#14769 = ORIENTED_EDGE('',*,*,#2459,.T.);
#14770 = ORIENTED_EDGE('',*,*,#14771,.T.);
#14771 = EDGE_CURVE('',#2460,#7941,#14772,.T.);
#14772 = LINE('',#14773,#14774);
#14773 = CARTESIAN_POINT('',(372.8875,-172.324,-4.6E-02));
#14774 = VECTOR('',#14775,1.);
#14775 = DIRECTION('',(0.,0.,1.));
#14776 = ORIENTED_EDGE('',*,*,#7940,.F.);
#14777 = ORIENTED_EDGE('',*,*,#14771,.F.);
#14778 = CYLINDRICAL_SURFACE('',#14779,0.5);
#14779 = AXIS2_PLACEMENT_3D('',#14780,#14781,#14782);
#14780 = CARTESIAN_POINT('',(372.8875,-171.824,-4.6E-02));
#14781 = DIRECTION('',(-0.,-0.,-1.));
#14782 = DIRECTION('',(-0.,-1.,0.));
#14783 = ADVANCED_FACE('',(#14784),#14795,.F.);
#14784 = FACE_BOUND('',#14785,.T.);
#14785 = EDGE_LOOP('',(#14786,#14787,#14793,#14794));
#14786 = ORIENTED_EDGE('',*,*,#2470,.T.);
#14787 = ORIENTED_EDGE('',*,*,#14788,.T.);
#14788 = EDGE_CURVE('',#2471,#7952,#14789,.T.);
#14789 = LINE('',#14790,#14791);
#14790 = CARTESIAN_POINT('',(373.41875,-168.595,-4.6E-02));
#14791 = VECTOR('',#14792,1.);
#14792 = DIRECTION('',(0.,0.,1.));
#14793 = ORIENTED_EDGE('',*,*,#7951,.F.);
#14794 = ORIENTED_EDGE('',*,*,#14788,.F.);
#14795 = CYLINDRICAL_SURFACE('',#14796,0.4);
#14796 = AXIS2_PLACEMENT_3D('',#14797,#14798,#14799);
#14797 = CARTESIAN_POINT('',(373.41875,-168.195,-4.6E-02));
#14798 = DIRECTION('',(-0.,-0.,-1.));
#14799 = DIRECTION('',(-1.42108547152E-13,-1.,0.));
#14800 = ADVANCED_FACE('',(#14801),#14812,.F.);
#14801 = FACE_BOUND('',#14802,.T.);
#14802 = EDGE_LOOP('',(#14803,#14804,#14810,#14811));
#14803 = ORIENTED_EDGE('',*,*,#2481,.T.);
#14804 = ORIENTED_EDGE('',*,*,#14805,.T.);
#14805 = EDGE_CURVE('',#2482,#7963,#14806,.T.);
#14806 = LINE('',#14807,#14808);
#14807 = CARTESIAN_POINT('',(369.1275,-170.0239,-4.6E-02));
#14808 = VECTOR('',#14809,1.);
#14809 = DIRECTION('',(0.,0.,1.));
#14810 = ORIENTED_EDGE('',*,*,#7962,.F.);
#14811 = ORIENTED_EDGE('',*,*,#14805,.F.);
#14812 = CYLINDRICAL_SURFACE('',#14813,1.9939);
#14813 = AXIS2_PLACEMENT_3D('',#14814,#14815,#14816);
#14814 = CARTESIAN_POINT('',(369.1275,-168.03,-4.6E-02));
#14815 = DIRECTION('',(-0.,-0.,-1.));
#14816 = DIRECTION('',(-0.,-1.,0.));
#14817 = ADVANCED_FACE('',(#14818),#14829,.F.);
#14818 = FACE_BOUND('',#14819,.T.);
#14819 = EDGE_LOOP('',(#14820,#14821,#14827,#14828));
#14820 = ORIENTED_EDGE('',*,*,#2492,.T.);
#14821 = ORIENTED_EDGE('',*,*,#14822,.T.);
#14822 = EDGE_CURVE('',#2493,#7974,#14823,.T.);
#14823 = LINE('',#14824,#14825);
#14824 = CARTESIAN_POINT('',(104.49125,-160.65,-4.6E-02));
#14825 = VECTOR('',#14826,1.);
#14826 = DIRECTION('',(0.,0.,1.));
#14827 = ORIENTED_EDGE('',*,*,#7973,.F.);
#14828 = ORIENTED_EDGE('',*,*,#14822,.F.);
#14829 = CYLINDRICAL_SURFACE('',#14830,0.875);
#14830 = AXIS2_PLACEMENT_3D('',#14831,#14832,#14833);
#14831 = CARTESIAN_POINT('',(104.49125,-159.775,-4.6E-02));
#14832 = DIRECTION('',(-0.,-0.,-1.));
#14833 = DIRECTION('',(-0.,-1.,0.));
#14834 = ADVANCED_FACE('',(#14835),#14846,.F.);
#14835 = FACE_BOUND('',#14836,.T.);
#14836 = EDGE_LOOP('',(#14837,#14838,#14844,#14845));
#14837 = ORIENTED_EDGE('',*,*,#2503,.T.);
#14838 = ORIENTED_EDGE('',*,*,#14839,.T.);
#14839 = EDGE_CURVE('',#2504,#7985,#14840,.T.);
#14840 = LINE('',#14841,#14842);
#14841 = CARTESIAN_POINT('',(109.57125,-161.7689,-4.6E-02));
#14842 = VECTOR('',#14843,1.);
#14843 = DIRECTION('',(0.,0.,1.));
#14844 = ORIENTED_EDGE('',*,*,#7984,.F.);
#14845 = ORIENTED_EDGE('',*,*,#14839,.F.);
#14846 = CYLINDRICAL_SURFACE('',#14847,1.9939);
#14847 = AXIS2_PLACEMENT_3D('',#14848,#14849,#14850);
#14848 = CARTESIAN_POINT('',(109.57125,-159.775,-4.6E-02));
#14849 = DIRECTION('',(-0.,0.,-1.));
#14850 = DIRECTION('',(7.127165211496E-15,-1.,-0.));
#14851 = ADVANCED_FACE('',(#14852),#14863,.F.);
#14852 = FACE_BOUND('',#14853,.T.);
#14853 = EDGE_LOOP('',(#14854,#14855,#14861,#14862));
#14854 = ORIENTED_EDGE('',*,*,#2514,.T.);
#14855 = ORIENTED_EDGE('',*,*,#14856,.T.);
#14856 = EDGE_CURVE('',#2515,#7996,#14857,.T.);
#14857 = LINE('',#14858,#14859);
#14858 = CARTESIAN_POINT('',(105.76125,-158.735,-4.6E-02));
#14859 = VECTOR('',#14860,1.);
#14860 = DIRECTION('',(0.,0.,1.));
#14861 = ORIENTED_EDGE('',*,*,#7995,.F.);
#14862 = ORIENTED_EDGE('',*,*,#14856,.F.);
#14863 = CYLINDRICAL_SURFACE('',#14864,1.5);
#14864 = AXIS2_PLACEMENT_3D('',#14865,#14866,#14867);
#14865 = CARTESIAN_POINT('',(105.76125,-157.235,-4.6E-02));
#14866 = DIRECTION('',(-0.,-0.,-1.));
#14867 = DIRECTION('',(-0.,-1.,0.));
#14868 = ADVANCED_FACE('',(#14869),#14880,.F.);
#14869 = FACE_BOUND('',#14870,.T.);
#14870 = EDGE_LOOP('',(#14871,#14872,#14878,#14879));
#14871 = ORIENTED_EDGE('',*,*,#2525,.T.);
#14872 = ORIENTED_EDGE('',*,*,#14873,.T.);
#14873 = EDGE_CURVE('',#2526,#8007,#14874,.T.);
#14874 = LINE('',#14875,#14876);
#14875 = CARTESIAN_POINT('',(114.65125,-160.65,-4.6E-02));
#14876 = VECTOR('',#14877,1.);
#14877 = DIRECTION('',(0.,0.,1.));
#14878 = ORIENTED_EDGE('',*,*,#8006,.F.);
#14879 = ORIENTED_EDGE('',*,*,#14873,.F.);
#14880 = CYLINDRICAL_SURFACE('',#14881,0.875);
#14881 = AXIS2_PLACEMENT_3D('',#14882,#14883,#14884);
#14882 = CARTESIAN_POINT('',(114.65125,-159.775,-4.6E-02));
#14883 = DIRECTION('',(-0.,-0.,-1.));
#14884 = DIRECTION('',(-0.,-1.,0.));
#14885 = ADVANCED_FACE('',(#14886),#14897,.F.);
#14886 = FACE_BOUND('',#14887,.T.);
#14887 = EDGE_LOOP('',(#14888,#14889,#14895,#14896));
#14888 = ORIENTED_EDGE('',*,*,#2536,.T.);
#14889 = ORIENTED_EDGE('',*,*,#14890,.T.);
#14890 = EDGE_CURVE('',#2537,#8018,#14891,.T.);
#14891 = LINE('',#14892,#14893);
#14892 = CARTESIAN_POINT('',(119.09375,-160.975,-4.6E-02));
#14893 = VECTOR('',#14894,1.);
#14894 = DIRECTION('',(0.,0.,1.));
#14895 = ORIENTED_EDGE('',*,*,#8017,.F.);
#14896 = ORIENTED_EDGE('',*,*,#14890,.F.);
#14897 = CYLINDRICAL_SURFACE('',#14898,0.4);
#14898 = AXIS2_PLACEMENT_3D('',#14899,#14900,#14901);
#14899 = CARTESIAN_POINT('',(119.09375,-160.575,-4.6E-02));
#14900 = DIRECTION('',(-0.,-0.,-1.));
#14901 = DIRECTION('',(-0.,-1.,0.));
#14902 = ADVANCED_FACE('',(#14903),#14914,.F.);
#14903 = FACE_BOUND('',#14904,.T.);
#14904 = EDGE_LOOP('',(#14905,#14906,#14912,#14913));
#14905 = ORIENTED_EDGE('',*,*,#2547,.T.);
#14906 = ORIENTED_EDGE('',*,*,#14907,.T.);
#14907 = EDGE_CURVE('',#2548,#8029,#14908,.T.);
#14908 = LINE('',#14909,#14910);
#14909 = CARTESIAN_POINT('',(130.685,-160.65,-4.6E-02));
#14910 = VECTOR('',#14911,1.);
#14911 = DIRECTION('',(0.,0.,1.));
#14912 = ORIENTED_EDGE('',*,*,#8028,.F.);
#14913 = ORIENTED_EDGE('',*,*,#14907,.F.);
#14914 = CYLINDRICAL_SURFACE('',#14915,0.875);
#14915 = AXIS2_PLACEMENT_3D('',#14916,#14917,#14918);
#14916 = CARTESIAN_POINT('',(130.685,-159.775,-4.6E-02));
#14917 = DIRECTION('',(-0.,-0.,-1.));
#14918 = DIRECTION('',(-0.,-1.,0.));
#14919 = ADVANCED_FACE('',(#14920),#14931,.F.);
#14920 = FACE_BOUND('',#14921,.T.);
#14921 = EDGE_LOOP('',(#14922,#14923,#14929,#14930));
#14922 = ORIENTED_EDGE('',*,*,#2558,.T.);
#14923 = ORIENTED_EDGE('',*,*,#14924,.T.);
#14924 = EDGE_CURVE('',#2559,#8040,#14925,.T.);
#14925 = LINE('',#14926,#14927);
#14926 = CARTESIAN_POINT('',(112.11125,-156.195,-4.6E-02));
#14927 = VECTOR('',#14928,1.);
#14928 = DIRECTION('',(0.,0.,1.));
#14929 = ORIENTED_EDGE('',*,*,#8039,.F.);
#14930 = ORIENTED_EDGE('',*,*,#14924,.F.);
#14931 = CYLINDRICAL_SURFACE('',#14932,1.5);
#14932 = AXIS2_PLACEMENT_3D('',#14933,#14934,#14935);
#14933 = CARTESIAN_POINT('',(112.11125,-154.695,-4.6E-02));
#14934 = DIRECTION('',(-0.,-0.,-1.));
#14935 = DIRECTION('',(-0.,-1.,0.));
#14936 = ADVANCED_FACE('',(#14937),#14948,.F.);
#14937 = FACE_BOUND('',#14938,.T.);
#14938 = EDGE_LOOP('',(#14939,#14940,#14946,#14947));
#14939 = ORIENTED_EDGE('',*,*,#2569,.T.);
#14940 = ORIENTED_EDGE('',*,*,#14941,.T.);
#14941 = EDGE_CURVE('',#2570,#8051,#14942,.T.);
#14942 = LINE('',#14943,#14944);
#14943 = CARTESIAN_POINT('',(121.4775,-149.545,-4.6E-02));
#14944 = VECTOR('',#14945,1.);
#14945 = DIRECTION('',(0.,0.,1.));
#14946 = ORIENTED_EDGE('',*,*,#8050,.F.);
#14947 = ORIENTED_EDGE('',*,*,#14941,.F.);
#14948 = CYLINDRICAL_SURFACE('',#14949,0.4);
#14949 = AXIS2_PLACEMENT_3D('',#14950,#14951,#14952);
#14950 = CARTESIAN_POINT('',(121.4775,-149.145,-4.6E-02));
#14951 = DIRECTION('',(-0.,0.,-1.));
#14952 = DIRECTION('',(3.5527136788E-14,-1.,-0.));
#14953 = ADVANCED_FACE('',(#14954),#14965,.F.);
#14954 = FACE_BOUND('',#14955,.T.);
#14955 = EDGE_LOOP('',(#14956,#14957,#14963,#14964));
#14956 = ORIENTED_EDGE('',*,*,#2580,.T.);
#14957 = ORIENTED_EDGE('',*,*,#14958,.T.);
#14958 = EDGE_CURVE('',#2581,#8062,#14959,.T.);
#14959 = LINE('',#14960,#14961);
#14960 = CARTESIAN_POINT('',(135.765,-161.7689,-4.6E-02));
#14961 = VECTOR('',#14962,1.);
#14962 = DIRECTION('',(0.,0.,1.));
#14963 = ORIENTED_EDGE('',*,*,#8061,.F.);
#14964 = ORIENTED_EDGE('',*,*,#14958,.F.);
#14965 = CYLINDRICAL_SURFACE('',#14966,1.9939);
#14966 = AXIS2_PLACEMENT_3D('',#14967,#14968,#14969);
#14967 = CARTESIAN_POINT('',(135.765,-159.775,-4.6E-02));
#14968 = DIRECTION('',(-0.,-0.,-1.));
#14969 = DIRECTION('',(-0.,-1.,0.));
#14970 = ADVANCED_FACE('',(#14971),#14982,.F.);
#14971 = FACE_BOUND('',#14972,.T.);
#14972 = EDGE_LOOP('',(#14973,#14974,#14980,#14981));
#14973 = ORIENTED_EDGE('',*,*,#2591,.T.);
#14974 = ORIENTED_EDGE('',*,*,#14975,.T.);
#14975 = EDGE_CURVE('',#2592,#8073,#14976,.T.);
#14976 = LINE('',#14977,#14978);
#14977 = CARTESIAN_POINT('',(140.845,-160.65,-4.6E-02));
#14978 = VECTOR('',#14979,1.);
#14979 = DIRECTION('',(0.,0.,1.));
#14980 = ORIENTED_EDGE('',*,*,#8072,.F.);
#14981 = ORIENTED_EDGE('',*,*,#14975,.F.);
#14982 = CYLINDRICAL_SURFACE('',#14983,0.875);
#14983 = AXIS2_PLACEMENT_3D('',#14984,#14985,#14986);
#14984 = CARTESIAN_POINT('',(140.845,-159.775,-4.6E-02));
#14985 = DIRECTION('',(-0.,-0.,-1.));
#14986 = DIRECTION('',(-0.,-1.,0.));
#14987 = ADVANCED_FACE('',(#14988),#14999,.F.);
#14988 = FACE_BOUND('',#14989,.T.);
#14989 = EDGE_LOOP('',(#14990,#14991,#14997,#14998));
#14990 = ORIENTED_EDGE('',*,*,#2602,.T.);
#14991 = ORIENTED_EDGE('',*,*,#14992,.T.);
#14992 = EDGE_CURVE('',#2603,#8084,#14993,.T.);
#14993 = LINE('',#14994,#14995);
#14994 = CARTESIAN_POINT('',(145.2875,-160.975,-4.6E-02));
#14995 = VECTOR('',#14996,1.);
#14996 = DIRECTION('',(0.,0.,1.));
#14997 = ORIENTED_EDGE('',*,*,#8083,.F.);
#14998 = ORIENTED_EDGE('',*,*,#14992,.F.);
#14999 = CYLINDRICAL_SURFACE('',#15000,0.4);
#15000 = AXIS2_PLACEMENT_3D('',#15001,#15002,#15003);
#15001 = CARTESIAN_POINT('',(145.2875,-160.575,-4.6E-02));
#15002 = DIRECTION('',(-0.,-0.,-1.));
#15003 = DIRECTION('',(-0.,-1.,0.));
#15004 = ADVANCED_FACE('',(#15005),#15016,.F.);
#15005 = FACE_BOUND('',#15006,.T.);
#15006 = EDGE_LOOP('',(#15007,#15008,#15014,#15015));
#15007 = ORIENTED_EDGE('',*,*,#2613,.T.);
#15008 = ORIENTED_EDGE('',*,*,#15009,.T.);
#15009 = EDGE_CURVE('',#2614,#8095,#15010,.T.);
#15010 = LINE('',#15011,#15012);
#15011 = CARTESIAN_POINT('',(131.955,-158.735,-4.6E-02));
#15012 = VECTOR('',#15013,1.);
#15013 = DIRECTION('',(0.,0.,1.));
#15014 = ORIENTED_EDGE('',*,*,#8094,.F.);
#15015 = ORIENTED_EDGE('',*,*,#15009,.F.);
#15016 = CYLINDRICAL_SURFACE('',#15017,1.5);
#15017 = AXIS2_PLACEMENT_3D('',#15018,#15019,#15020);
#15018 = CARTESIAN_POINT('',(131.955,-157.235,-4.6E-02));
#15019 = DIRECTION('',(-0.,-0.,-1.));
#15020 = DIRECTION('',(-0.,-1.,0.));
#15021 = ADVANCED_FACE('',(#15022),#15033,.F.);
#15022 = FACE_BOUND('',#15023,.T.);
#15023 = EDGE_LOOP('',(#15024,#15025,#15031,#15032));
#15024 = ORIENTED_EDGE('',*,*,#2624,.T.);
#15025 = ORIENTED_EDGE('',*,*,#15026,.T.);
#15026 = EDGE_CURVE('',#2625,#8106,#15027,.T.);
#15027 = LINE('',#15028,#15029);
#15028 = CARTESIAN_POINT('',(149.735,-160.65,-4.6E-02));
#15029 = VECTOR('',#15030,1.);
#15030 = DIRECTION('',(0.,0.,1.));
#15031 = ORIENTED_EDGE('',*,*,#8105,.F.);
#15032 = ORIENTED_EDGE('',*,*,#15026,.F.);
#15033 = CYLINDRICAL_SURFACE('',#15034,0.875);
#15034 = AXIS2_PLACEMENT_3D('',#15035,#15036,#15037);
#15035 = CARTESIAN_POINT('',(149.735,-159.775,-4.6E-02));
#15036 = DIRECTION('',(-0.,-0.,-1.));
#15037 = DIRECTION('',(-0.,-1.,0.));
#15038 = ADVANCED_FACE('',(#15039),#15050,.F.);
#15039 = FACE_BOUND('',#15040,.T.);
#15040 = EDGE_LOOP('',(#15041,#15042,#15048,#15049));
#15041 = ORIENTED_EDGE('',*,*,#2635,.T.);
#15042 = ORIENTED_EDGE('',*,*,#15043,.T.);
#15043 = EDGE_CURVE('',#2636,#8117,#15044,.T.);
#15044 = LINE('',#15045,#15046);
#15045 = CARTESIAN_POINT('',(154.815,-161.7689,-4.6E-02));
#15046 = VECTOR('',#15047,1.);
#15047 = DIRECTION('',(0.,0.,1.));
#15048 = ORIENTED_EDGE('',*,*,#8116,.F.);
#15049 = ORIENTED_EDGE('',*,*,#15043,.F.);
#15050 = CYLINDRICAL_SURFACE('',#15051,1.9939);
#15051 = AXIS2_PLACEMENT_3D('',#15052,#15053,#15054);
#15052 = CARTESIAN_POINT('',(154.815,-159.775,-4.6E-02));
#15053 = DIRECTION('',(-0.,-0.,-1.));
#15054 = DIRECTION('',(-0.,-1.,0.));
#15055 = ADVANCED_FACE('',(#15056),#15067,.F.);
#15056 = FACE_BOUND('',#15057,.T.);
#15057 = EDGE_LOOP('',(#15058,#15059,#15065,#15066));
#15058 = ORIENTED_EDGE('',*,*,#2646,.T.);
#15059 = ORIENTED_EDGE('',*,*,#15060,.T.);
#15060 = EDGE_CURVE('',#2647,#8128,#15061,.T.);
#15061 = LINE('',#15062,#15063);
#15062 = CARTESIAN_POINT('',(159.895,-160.65,-4.6E-02));
#15063 = VECTOR('',#15064,1.);
#15064 = DIRECTION('',(0.,0.,1.));
#15065 = ORIENTED_EDGE('',*,*,#8127,.F.);
#15066 = ORIENTED_EDGE('',*,*,#15060,.F.);
#15067 = CYLINDRICAL_SURFACE('',#15068,0.875);
#15068 = AXIS2_PLACEMENT_3D('',#15069,#15070,#15071);
#15069 = CARTESIAN_POINT('',(159.895,-159.775,-4.6E-02));
#15070 = DIRECTION('',(-0.,-0.,-1.));
#15071 = DIRECTION('',(-0.,-1.,0.));
#15072 = ADVANCED_FACE('',(#15073),#15084,.F.);
#15073 = FACE_BOUND('',#15074,.T.);
#15074 = EDGE_LOOP('',(#15075,#15076,#15082,#15083));
#15075 = ORIENTED_EDGE('',*,*,#2657,.T.);
#15076 = ORIENTED_EDGE('',*,*,#15077,.T.);
#15077 = EDGE_CURVE('',#2658,#8139,#15078,.T.);
#15078 = LINE('',#15079,#15080);
#15079 = CARTESIAN_POINT('',(164.3375,-160.975,-4.6E-02));
#15080 = VECTOR('',#15081,1.);
#15081 = DIRECTION('',(0.,0.,1.));
#15082 = ORIENTED_EDGE('',*,*,#8138,.F.);
#15083 = ORIENTED_EDGE('',*,*,#15077,.F.);
#15084 = CYLINDRICAL_SURFACE('',#15085,0.4);
#15085 = AXIS2_PLACEMENT_3D('',#15086,#15087,#15088);
#15086 = CARTESIAN_POINT('',(164.3375,-160.575,-4.6E-02));
#15087 = DIRECTION('',(-0.,-0.,-1.));
#15088 = DIRECTION('',(-0.,-1.,0.));
#15089 = ADVANCED_FACE('',(#15090),#15101,.F.);
#15090 = FACE_BOUND('',#15091,.T.);
#15091 = EDGE_LOOP('',(#15092,#15093,#15099,#15100));
#15092 = ORIENTED_EDGE('',*,*,#2668,.T.);
#15093 = ORIENTED_EDGE('',*,*,#15094,.T.);
#15094 = EDGE_CURVE('',#2669,#8150,#15095,.T.);
#15095 = LINE('',#15096,#15097);
#15096 = CARTESIAN_POINT('',(151.005,-158.735,-4.6E-02));
#15097 = VECTOR('',#15098,1.);
#15098 = DIRECTION('',(0.,0.,1.));
#15099 = ORIENTED_EDGE('',*,*,#8149,.F.);
#15100 = ORIENTED_EDGE('',*,*,#15094,.F.);
#15101 = CYLINDRICAL_SURFACE('',#15102,1.5);
#15102 = AXIS2_PLACEMENT_3D('',#15103,#15104,#15105);
#15103 = CARTESIAN_POINT('',(151.005,-157.235,-4.6E-02));
#15104 = DIRECTION('',(-0.,-0.,-1.));
#15105 = DIRECTION('',(-0.,-1.,0.));
#15106 = ADVANCED_FACE('',(#15107),#15118,.F.);
#15107 = FACE_BOUND('',#15108,.T.);
#15108 = EDGE_LOOP('',(#15109,#15110,#15116,#15117));
#15109 = ORIENTED_EDGE('',*,*,#2679,.T.);
#15110 = ORIENTED_EDGE('',*,*,#15111,.T.);
#15111 = EDGE_CURVE('',#2680,#8161,#15112,.T.);
#15112 = LINE('',#15113,#15114);
#15113 = CARTESIAN_POINT('',(138.305,-156.195,-4.6E-02));
#15114 = VECTOR('',#15115,1.);
#15115 = DIRECTION('',(0.,0.,1.));
#15116 = ORIENTED_EDGE('',*,*,#8160,.F.);
#15117 = ORIENTED_EDGE('',*,*,#15111,.F.);
#15118 = CYLINDRICAL_SURFACE('',#15119,1.5);
#15119 = AXIS2_PLACEMENT_3D('',#15120,#15121,#15122);
#15120 = CARTESIAN_POINT('',(138.305,-154.695,-4.6E-02));
#15121 = DIRECTION('',(-0.,-0.,-1.));
#15122 = DIRECTION('',(-0.,-1.,0.));
#15123 = ADVANCED_FACE('',(#15124),#15135,.F.);
#15124 = FACE_BOUND('',#15125,.T.);
#15125 = EDGE_LOOP('',(#15126,#15127,#15133,#15134));
#15126 = ORIENTED_EDGE('',*,*,#2690,.T.);
#15127 = ORIENTED_EDGE('',*,*,#15128,.T.);
#15128 = EDGE_CURVE('',#2691,#8172,#15129,.T.);
#15129 = LINE('',#15130,#15131);
#15130 = CARTESIAN_POINT('',(140.5275,-149.535,-4.6E-02));
#15131 = VECTOR('',#15132,1.);
#15132 = DIRECTION('',(0.,0.,1.));
#15133 = ORIENTED_EDGE('',*,*,#8171,.F.);
#15134 = ORIENTED_EDGE('',*,*,#15128,.F.);
#15135 = CYLINDRICAL_SURFACE('',#15136,0.4);
#15136 = AXIS2_PLACEMENT_3D('',#15137,#15138,#15139);
#15137 = CARTESIAN_POINT('',(140.5275,-149.135,-4.6E-02));
#15138 = DIRECTION('',(-0.,-0.,-1.));
#15139 = DIRECTION('',(-0.,-1.,0.));
#15140 = ADVANCED_FACE('',(#15141),#15152,.F.);
#15141 = FACE_BOUND('',#15142,.T.);
#15142 = EDGE_LOOP('',(#15143,#15144,#15150,#15151));
#15143 = ORIENTED_EDGE('',*,*,#2701,.T.);
#15144 = ORIENTED_EDGE('',*,*,#15145,.T.);
#15145 = EDGE_CURVE('',#2702,#8183,#15146,.T.);
#15146 = LINE('',#15147,#15148);
#15147 = CARTESIAN_POINT('',(157.355,-156.195,-4.6E-02));
#15148 = VECTOR('',#15149,1.);
#15149 = DIRECTION('',(0.,0.,1.));
#15150 = ORIENTED_EDGE('',*,*,#8182,.F.);
#15151 = ORIENTED_EDGE('',*,*,#15145,.F.);
#15152 = CYLINDRICAL_SURFACE('',#15153,1.5);
#15153 = AXIS2_PLACEMENT_3D('',#15154,#15155,#15156);
#15154 = CARTESIAN_POINT('',(157.355,-154.695,-4.6E-02));
#15155 = DIRECTION('',(-0.,-0.,-1.));
#15156 = DIRECTION('',(-0.,-1.,0.));
#15157 = ADVANCED_FACE('',(#15158),#15169,.F.);
#15158 = FACE_BOUND('',#15159,.T.);
#15159 = EDGE_LOOP('',(#15160,#15161,#15167,#15168));
#15160 = ORIENTED_EDGE('',*,*,#2712,.T.);
#15161 = ORIENTED_EDGE('',*,*,#15162,.T.);
#15162 = EDGE_CURVE('',#2713,#8194,#15163,.T.);
#15163 = LINE('',#15164,#15165);
#15164 = CARTESIAN_POINT('',(159.5775,-149.535,-4.6E-02));
#15165 = VECTOR('',#15166,1.);
#15166 = DIRECTION('',(0.,0.,1.));
#15167 = ORIENTED_EDGE('',*,*,#8193,.F.);
#15168 = ORIENTED_EDGE('',*,*,#15162,.F.);
#15169 = CYLINDRICAL_SURFACE('',#15170,0.4);
#15170 = AXIS2_PLACEMENT_3D('',#15171,#15172,#15173);
#15171 = CARTESIAN_POINT('',(159.5775,-149.135,-4.6E-02));
#15172 = DIRECTION('',(-0.,-0.,-1.));
#15173 = DIRECTION('',(-0.,-1.,0.));
#15174 = ADVANCED_FACE('',(#15175),#15186,.F.);
#15175 = FACE_BOUND('',#15176,.T.);
#15176 = EDGE_LOOP('',(#15177,#15178,#15184,#15185));
#15177 = ORIENTED_EDGE('',*,*,#2723,.T.);
#15178 = ORIENTED_EDGE('',*,*,#15179,.T.);
#15179 = EDGE_CURVE('',#2724,#8205,#15180,.T.);
#15180 = LINE('',#15181,#15182);
#15181 = CARTESIAN_POINT('',(102.11,-141.6,-4.6E-02));
#15182 = VECTOR('',#15183,1.);
#15183 = DIRECTION('',(0.,0.,1.));
#15184 = ORIENTED_EDGE('',*,*,#8204,.F.);
#15185 = ORIENTED_EDGE('',*,*,#15179,.F.);
#15186 = CYLINDRICAL_SURFACE('',#15187,0.875);
#15187 = AXIS2_PLACEMENT_3D('',#15188,#15189,#15190);
#15188 = CARTESIAN_POINT('',(102.11,-140.725,-4.6E-02));
#15189 = DIRECTION('',(-0.,-0.,-1.));
#15190 = DIRECTION('',(-0.,-1.,0.));
#15191 = ADVANCED_FACE('',(#15192),#15203,.F.);
#15192 = FACE_BOUND('',#15193,.T.);
#15193 = EDGE_LOOP('',(#15194,#15195,#15201,#15202));
#15194 = ORIENTED_EDGE('',*,*,#2734,.T.);
#15195 = ORIENTED_EDGE('',*,*,#15196,.T.);
#15196 = EDGE_CURVE('',#2735,#8216,#15197,.T.);
#15197 = LINE('',#15198,#15199);
#15198 = CARTESIAN_POINT('',(107.19,-142.7189,-4.6E-02));
#15199 = VECTOR('',#15200,1.);
#15200 = DIRECTION('',(0.,0.,1.));
#15201 = ORIENTED_EDGE('',*,*,#8215,.F.);
#15202 = ORIENTED_EDGE('',*,*,#15196,.F.);
#15203 = CYLINDRICAL_SURFACE('',#15204,1.9939);
#15204 = AXIS2_PLACEMENT_3D('',#15205,#15206,#15207);
#15205 = CARTESIAN_POINT('',(107.19,-140.725,-4.6E-02));
#15206 = DIRECTION('',(-0.,-0.,-1.));
#15207 = DIRECTION('',(-0.,-1.,0.));
#15208 = ADVANCED_FACE('',(#15209),#15220,.F.);
#15209 = FACE_BOUND('',#15210,.T.);
#15210 = EDGE_LOOP('',(#15211,#15212,#15218,#15219));
#15211 = ORIENTED_EDGE('',*,*,#2745,.T.);
#15212 = ORIENTED_EDGE('',*,*,#15213,.T.);
#15213 = EDGE_CURVE('',#2746,#8227,#15214,.T.);
#15214 = LINE('',#15215,#15216);
#15215 = CARTESIAN_POINT('',(112.27,-141.6,-4.6E-02));
#15216 = VECTOR('',#15217,1.);
#15217 = DIRECTION('',(0.,0.,1.));
#15218 = ORIENTED_EDGE('',*,*,#8226,.F.);
#15219 = ORIENTED_EDGE('',*,*,#15213,.F.);
#15220 = CYLINDRICAL_SURFACE('',#15221,0.875);
#15221 = AXIS2_PLACEMENT_3D('',#15222,#15223,#15224);
#15222 = CARTESIAN_POINT('',(112.27,-140.725,-4.6E-02));
#15223 = DIRECTION('',(-0.,-0.,-1.));
#15224 = DIRECTION('',(-0.,-1.,0.));
#15225 = ADVANCED_FACE('',(#15226),#15237,.F.);
#15226 = FACE_BOUND('',#15227,.T.);
#15227 = EDGE_LOOP('',(#15228,#15229,#15235,#15236));
#15228 = ORIENTED_EDGE('',*,*,#2756,.T.);
#15229 = ORIENTED_EDGE('',*,*,#15230,.T.);
#15230 = EDGE_CURVE('',#2757,#8238,#15231,.T.);
#15231 = LINE('',#15232,#15233);
#15232 = CARTESIAN_POINT('',(103.38,-139.685,-4.6E-02));
#15233 = VECTOR('',#15234,1.);
#15234 = DIRECTION('',(0.,0.,1.));
#15235 = ORIENTED_EDGE('',*,*,#8237,.F.);
#15236 = ORIENTED_EDGE('',*,*,#15230,.F.);
#15237 = CYLINDRICAL_SURFACE('',#15238,1.5);
#15238 = AXIS2_PLACEMENT_3D('',#15239,#15240,#15241);
#15239 = CARTESIAN_POINT('',(103.38,-138.185,-4.6E-02));
#15240 = DIRECTION('',(-0.,-0.,-1.));
#15241 = DIRECTION('',(-0.,-1.,0.));
#15242 = ADVANCED_FACE('',(#15243),#15254,.F.);
#15243 = FACE_BOUND('',#15244,.T.);
#15244 = EDGE_LOOP('',(#15245,#15246,#15252,#15253));
#15245 = ORIENTED_EDGE('',*,*,#2767,.T.);
#15246 = ORIENTED_EDGE('',*,*,#15247,.T.);
#15247 = EDGE_CURVE('',#2768,#8249,#15248,.T.);
#15248 = LINE('',#15249,#15250);
#15249 = CARTESIAN_POINT('',(121.4775,-141.925,-4.6E-02));
#15250 = VECTOR('',#15251,1.);
#15251 = DIRECTION('',(0.,0.,1.));
#15252 = ORIENTED_EDGE('',*,*,#8248,.F.);
#15253 = ORIENTED_EDGE('',*,*,#15247,.F.);
#15254 = CYLINDRICAL_SURFACE('',#15255,0.4);
#15255 = AXIS2_PLACEMENT_3D('',#15256,#15257,#15258);
#15256 = CARTESIAN_POINT('',(121.4775,-141.525,-4.6E-02));
#15257 = DIRECTION('',(-0.,0.,-1.));
#15258 = DIRECTION('',(3.5527136788E-14,-1.,-0.));
#15259 = ADVANCED_FACE('',(#15260),#15271,.F.);
#15260 = FACE_BOUND('',#15261,.T.);
#15261 = EDGE_LOOP('',(#15262,#15263,#15269,#15270));
#15262 = ORIENTED_EDGE('',*,*,#2778,.T.);
#15263 = ORIENTED_EDGE('',*,*,#15264,.T.);
#15264 = EDGE_CURVE('',#2779,#8260,#15265,.T.);
#15265 = LINE('',#15266,#15267);
#15266 = CARTESIAN_POINT('',(125.9225,-141.6,-4.6E-02));
#15267 = VECTOR('',#15268,1.);
#15268 = DIRECTION('',(0.,0.,1.));
#15269 = ORIENTED_EDGE('',*,*,#8259,.F.);
#15270 = ORIENTED_EDGE('',*,*,#15264,.F.);
#15271 = CYLINDRICAL_SURFACE('',#15272,0.875);
#15272 = AXIS2_PLACEMENT_3D('',#15273,#15274,#15275);
#15273 = CARTESIAN_POINT('',(125.9225,-140.725,-4.6E-02));
#15274 = DIRECTION('',(-0.,-0.,-1.));
#15275 = DIRECTION('',(-0.,-1.,0.));
#15276 = ADVANCED_FACE('',(#15277),#15288,.F.);
#15277 = FACE_BOUND('',#15278,.T.);
#15278 = EDGE_LOOP('',(#15279,#15280,#15286,#15287));
#15279 = ORIENTED_EDGE('',*,*,#2789,.T.);
#15280 = ORIENTED_EDGE('',*,*,#15281,.T.);
#15281 = EDGE_CURVE('',#2790,#8271,#15282,.T.);
#15282 = LINE('',#15283,#15284);
#15283 = CARTESIAN_POINT('',(131.0025,-142.7189,-4.6E-02));
#15284 = VECTOR('',#15285,1.);
#15285 = DIRECTION('',(0.,0.,1.));
#15286 = ORIENTED_EDGE('',*,*,#8270,.F.);
#15287 = ORIENTED_EDGE('',*,*,#15281,.F.);
#15288 = CYLINDRICAL_SURFACE('',#15289,1.9939);
#15289 = AXIS2_PLACEMENT_3D('',#15290,#15291,#15292);
#15290 = CARTESIAN_POINT('',(131.0025,-140.725,-4.6E-02));
#15291 = DIRECTION('',(-0.,-0.,-1.));
#15292 = DIRECTION('',(-0.,-1.,0.));
#15293 = ADVANCED_FACE('',(#15294),#15305,.F.);
#15294 = FACE_BOUND('',#15295,.T.);
#15295 = EDGE_LOOP('',(#15296,#15297,#15303,#15304));
#15296 = ORIENTED_EDGE('',*,*,#2800,.T.);
#15297 = ORIENTED_EDGE('',*,*,#15298,.T.);
#15298 = EDGE_CURVE('',#2801,#8282,#15299,.T.);
#15299 = LINE('',#15300,#15301);
#15300 = CARTESIAN_POINT('',(127.1925,-139.685,-4.6E-02));
#15301 = VECTOR('',#15302,1.);
#15302 = DIRECTION('',(0.,0.,1.));
#15303 = ORIENTED_EDGE('',*,*,#8281,.F.);
#15304 = ORIENTED_EDGE('',*,*,#15298,.F.);
#15305 = CYLINDRICAL_SURFACE('',#15306,1.5);
#15306 = AXIS2_PLACEMENT_3D('',#15307,#15308,#15309);
#15307 = CARTESIAN_POINT('',(127.1925,-138.185,-4.6E-02));
#15308 = DIRECTION('',(-0.,-0.,-1.));
#15309 = DIRECTION('',(-0.,-1.,0.));
#15310 = ADVANCED_FACE('',(#15311),#15322,.F.);
#15311 = FACE_BOUND('',#15312,.T.);
#15312 = EDGE_LOOP('',(#15313,#15314,#15320,#15321));
#15313 = ORIENTED_EDGE('',*,*,#2811,.T.);
#15314 = ORIENTED_EDGE('',*,*,#15315,.T.);
#15315 = EDGE_CURVE('',#2812,#8293,#15316,.T.);
#15316 = LINE('',#15317,#15318);
#15317 = CARTESIAN_POINT('',(136.0825,-141.6,-4.6E-02));
#15318 = VECTOR('',#15319,1.);
#15319 = DIRECTION('',(0.,0.,1.));
#15320 = ORIENTED_EDGE('',*,*,#8292,.F.);
#15321 = ORIENTED_EDGE('',*,*,#15315,.F.);
#15322 = CYLINDRICAL_SURFACE('',#15323,0.875);
#15323 = AXIS2_PLACEMENT_3D('',#15324,#15325,#15326);
#15324 = CARTESIAN_POINT('',(136.0825,-140.725,-4.6E-02));
#15325 = DIRECTION('',(-0.,-0.,-1.));
#15326 = DIRECTION('',(-0.,-1.,0.));
#15327 = ADVANCED_FACE('',(#15328),#15339,.F.);
#15328 = FACE_BOUND('',#15329,.T.);
#15329 = EDGE_LOOP('',(#15330,#15331,#15337,#15338));
#15330 = ORIENTED_EDGE('',*,*,#2822,.T.);
#15331 = ORIENTED_EDGE('',*,*,#15332,.T.);
#15332 = EDGE_CURVE('',#2823,#8304,#15333,.T.);
#15333 = LINE('',#15334,#15335);
#15334 = CARTESIAN_POINT('',(140.5275,-141.915,-4.6E-02));
#15335 = VECTOR('',#15336,1.);
#15336 = DIRECTION('',(0.,0.,1.));
#15337 = ORIENTED_EDGE('',*,*,#8303,.F.);
#15338 = ORIENTED_EDGE('',*,*,#15332,.F.);
#15339 = CYLINDRICAL_SURFACE('',#15340,0.4);
#15340 = AXIS2_PLACEMENT_3D('',#15341,#15342,#15343);
#15341 = CARTESIAN_POINT('',(140.5275,-141.515,-4.6E-02));
#15342 = DIRECTION('',(-0.,-0.,-1.));
#15343 = DIRECTION('',(-0.,-1.,0.));
#15344 = ADVANCED_FACE('',(#15345),#15356,.F.);
#15345 = FACE_BOUND('',#15346,.T.);
#15346 = EDGE_LOOP('',(#15347,#15348,#15354,#15355));
#15347 = ORIENTED_EDGE('',*,*,#2833,.T.);
#15348 = ORIENTED_EDGE('',*,*,#15349,.T.);
#15349 = EDGE_CURVE('',#2834,#8315,#15350,.T.);
#15350 = LINE('',#15351,#15352);
#15351 = CARTESIAN_POINT('',(144.9725,-141.6,-4.6E-02));
#15352 = VECTOR('',#15353,1.);
#15353 = DIRECTION('',(0.,0.,1.));
#15354 = ORIENTED_EDGE('',*,*,#8314,.F.);
#15355 = ORIENTED_EDGE('',*,*,#15349,.F.);
#15356 = CYLINDRICAL_SURFACE('',#15357,0.875);
#15357 = AXIS2_PLACEMENT_3D('',#15358,#15359,#15360);
#15358 = CARTESIAN_POINT('',(144.9725,-140.725,-4.6E-02));
#15359 = DIRECTION('',(-0.,-0.,-1.));
#15360 = DIRECTION('',(-0.,-1.,0.));
#15361 = ADVANCED_FACE('',(#15362),#15373,.F.);
#15362 = FACE_BOUND('',#15363,.T.);
#15363 = EDGE_LOOP('',(#15364,#15365,#15371,#15372));
#15364 = ORIENTED_EDGE('',*,*,#2844,.T.);
#15365 = ORIENTED_EDGE('',*,*,#15366,.T.);
#15366 = EDGE_CURVE('',#2845,#8326,#15367,.T.);
#15367 = LINE('',#15368,#15369);
#15368 = CARTESIAN_POINT('',(146.2425,-139.685,-4.6E-02));
#15369 = VECTOR('',#15370,1.);
#15370 = DIRECTION('',(0.,0.,1.));
#15371 = ORIENTED_EDGE('',*,*,#8325,.F.);
#15372 = ORIENTED_EDGE('',*,*,#15366,.F.);
#15373 = CYLINDRICAL_SURFACE('',#15374,1.5);
#15374 = AXIS2_PLACEMENT_3D('',#15375,#15376,#15377);
#15375 = CARTESIAN_POINT('',(146.2425,-138.185,-4.6E-02));
#15376 = DIRECTION('',(-0.,-0.,-1.));
#15377 = DIRECTION('',(-0.,-1.,0.));
#15378 = ADVANCED_FACE('',(#15379),#15390,.F.);
#15379 = FACE_BOUND('',#15380,.T.);
#15380 = EDGE_LOOP('',(#15381,#15382,#15388,#15389));
#15381 = ORIENTED_EDGE('',*,*,#2855,.T.);
#15382 = ORIENTED_EDGE('',*,*,#15383,.T.);
#15383 = EDGE_CURVE('',#2856,#8337,#15384,.T.);
#15384 = LINE('',#15385,#15386);
#15385 = CARTESIAN_POINT('',(150.0525,-142.7189,-4.6E-02));
#15386 = VECTOR('',#15387,1.);
#15387 = DIRECTION('',(0.,0.,1.));
#15388 = ORIENTED_EDGE('',*,*,#8336,.F.);
#15389 = ORIENTED_EDGE('',*,*,#15383,.F.);
#15390 = CYLINDRICAL_SURFACE('',#15391,1.9939);
#15391 = AXIS2_PLACEMENT_3D('',#15392,#15393,#15394);
#15392 = CARTESIAN_POINT('',(150.0525,-140.725,-4.6E-02));
#15393 = DIRECTION('',(-0.,-0.,-1.));
#15394 = DIRECTION('',(-0.,-1.,0.));
#15395 = ADVANCED_FACE('',(#15396),#15407,.F.);
#15396 = FACE_BOUND('',#15397,.T.);
#15397 = EDGE_LOOP('',(#15398,#15399,#15405,#15406));
#15398 = ORIENTED_EDGE('',*,*,#2866,.T.);
#15399 = ORIENTED_EDGE('',*,*,#15400,.T.);
#15400 = EDGE_CURVE('',#2867,#8348,#15401,.T.);
#15401 = LINE('',#15402,#15403);
#15402 = CARTESIAN_POINT('',(155.1325,-141.6,-4.6E-02));
#15403 = VECTOR('',#15404,1.);
#15404 = DIRECTION('',(0.,0.,1.));
#15405 = ORIENTED_EDGE('',*,*,#8347,.F.);
#15406 = ORIENTED_EDGE('',*,*,#15400,.F.);
#15407 = CYLINDRICAL_SURFACE('',#15408,0.875);
#15408 = AXIS2_PLACEMENT_3D('',#15409,#15410,#15411);
#15409 = CARTESIAN_POINT('',(155.1325,-140.725,-4.6E-02));
#15410 = DIRECTION('',(-0.,-0.,-1.));
#15411 = DIRECTION('',(-0.,-1.,0.));
#15412 = ADVANCED_FACE('',(#15413),#15424,.F.);
#15413 = FACE_BOUND('',#15414,.T.);
#15414 = EDGE_LOOP('',(#15415,#15416,#15422,#15423));
#15415 = ORIENTED_EDGE('',*,*,#2877,.T.);
#15416 = ORIENTED_EDGE('',*,*,#15417,.T.);
#15417 = EDGE_CURVE('',#2878,#8359,#15418,.T.);
#15418 = LINE('',#15419,#15420);
#15419 = CARTESIAN_POINT('',(159.5775,-141.915,-4.6E-02));
#15420 = VECTOR('',#15421,1.);
#15421 = DIRECTION('',(0.,0.,1.));
#15422 = ORIENTED_EDGE('',*,*,#8358,.F.);
#15423 = ORIENTED_EDGE('',*,*,#15417,.F.);
#15424 = CYLINDRICAL_SURFACE('',#15425,0.4);
#15425 = AXIS2_PLACEMENT_3D('',#15426,#15427,#15428);
#15426 = CARTESIAN_POINT('',(159.5775,-141.515,-4.6E-02));
#15427 = DIRECTION('',(-0.,-0.,-1.));
#15428 = DIRECTION('',(-0.,-1.,0.));
#15429 = ADVANCED_FACE('',(#15430),#15441,.F.);
#15430 = FACE_BOUND('',#15431,.T.);
#15431 = EDGE_LOOP('',(#15432,#15433,#15439,#15440));
#15432 = ORIENTED_EDGE('',*,*,#2888,.T.);
#15433 = ORIENTED_EDGE('',*,*,#15434,.T.);
#15434 = EDGE_CURVE('',#2889,#8370,#15435,.T.);
#15435 = LINE('',#15436,#15437);
#15436 = CARTESIAN_POINT('',(164.0225,-141.6,-4.6E-02));
#15437 = VECTOR('',#15438,1.);
#15438 = DIRECTION('',(0.,0.,1.));
#15439 = ORIENTED_EDGE('',*,*,#8369,.F.);
#15440 = ORIENTED_EDGE('',*,*,#15434,.F.);
#15441 = CYLINDRICAL_SURFACE('',#15442,0.875);
#15442 = AXIS2_PLACEMENT_3D('',#15443,#15444,#15445);
#15443 = CARTESIAN_POINT('',(164.0225,-140.725,-4.6E-02));
#15444 = DIRECTION('',(-0.,-0.,-1.));
#15445 = DIRECTION('',(-0.,-1.,0.));
#15446 = ADVANCED_FACE('',(#15447),#15458,.F.);
#15447 = FACE_BOUND('',#15448,.T.);
#15448 = EDGE_LOOP('',(#15449,#15450,#15456,#15457));
#15449 = ORIENTED_EDGE('',*,*,#2899,.T.);
#15450 = ORIENTED_EDGE('',*,*,#15451,.T.);
#15451 = EDGE_CURVE('',#2900,#8381,#15452,.T.);
#15452 = LINE('',#15453,#15454);
#15453 = CARTESIAN_POINT('',(165.2925,-139.685,-4.6E-02));
#15454 = VECTOR('',#15455,1.);
#15455 = DIRECTION('',(0.,0.,1.));
#15456 = ORIENTED_EDGE('',*,*,#8380,.F.);
#15457 = ORIENTED_EDGE('',*,*,#15451,.F.);
#15458 = CYLINDRICAL_SURFACE('',#15459,1.5);
#15459 = AXIS2_PLACEMENT_3D('',#15460,#15461,#15462);
#15460 = CARTESIAN_POINT('',(165.2925,-138.185,-4.6E-02));
#15461 = DIRECTION('',(-0.,-0.,-1.));
#15462 = DIRECTION('',(-0.,-1.,0.));
#15463 = ADVANCED_FACE('',(#15464),#15475,.F.);
#15464 = FACE_BOUND('',#15465,.T.);
#15465 = EDGE_LOOP('',(#15466,#15467,#15473,#15474));
#15466 = ORIENTED_EDGE('',*,*,#2910,.T.);
#15467 = ORIENTED_EDGE('',*,*,#15468,.T.);
#15468 = EDGE_CURVE('',#2911,#8392,#15469,.T.);
#15469 = LINE('',#15470,#15471);
#15470 = CARTESIAN_POINT('',(168.785,-160.65,-4.6E-02));
#15471 = VECTOR('',#15472,1.);
#15472 = DIRECTION('',(0.,0.,1.));
#15473 = ORIENTED_EDGE('',*,*,#8391,.F.);
#15474 = ORIENTED_EDGE('',*,*,#15468,.F.);
#15475 = CYLINDRICAL_SURFACE('',#15476,0.875);
#15476 = AXIS2_PLACEMENT_3D('',#15477,#15478,#15479);
#15477 = CARTESIAN_POINT('',(168.785,-159.775,-4.6E-02));
#15478 = DIRECTION('',(-0.,-0.,-1.));
#15479 = DIRECTION('',(-0.,-1.,0.));
#15480 = ADVANCED_FACE('',(#15481),#15492,.F.);
#15481 = FACE_BOUND('',#15482,.T.);
#15482 = EDGE_LOOP('',(#15483,#15484,#15490,#15491));
#15483 = ORIENTED_EDGE('',*,*,#2921,.T.);
#15484 = ORIENTED_EDGE('',*,*,#15485,.T.);
#15485 = EDGE_CURVE('',#2922,#8403,#15486,.T.);
#15486 = LINE('',#15487,#15488);
#15487 = CARTESIAN_POINT('',(173.865,-161.7689,-4.6E-02));
#15488 = VECTOR('',#15489,1.);
#15489 = DIRECTION('',(0.,0.,1.));
#15490 = ORIENTED_EDGE('',*,*,#8402,.F.);
#15491 = ORIENTED_EDGE('',*,*,#15485,.F.);
#15492 = CYLINDRICAL_SURFACE('',#15493,1.9939);
#15493 = AXIS2_PLACEMENT_3D('',#15494,#15495,#15496);
#15494 = CARTESIAN_POINT('',(173.865,-159.775,-4.6E-02));
#15495 = DIRECTION('',(-0.,-0.,-1.));
#15496 = DIRECTION('',(-0.,-1.,0.));
#15497 = ADVANCED_FACE('',(#15498),#15509,.F.);
#15498 = FACE_BOUND('',#15499,.T.);
#15499 = EDGE_LOOP('',(#15500,#15501,#15507,#15508));
#15500 = ORIENTED_EDGE('',*,*,#2932,.T.);
#15501 = ORIENTED_EDGE('',*,*,#15502,.T.);
#15502 = EDGE_CURVE('',#2933,#8414,#15503,.T.);
#15503 = LINE('',#15504,#15505);
#15504 = CARTESIAN_POINT('',(178.945,-160.65,-4.6E-02));
#15505 = VECTOR('',#15506,1.);
#15506 = DIRECTION('',(0.,0.,1.));
#15507 = ORIENTED_EDGE('',*,*,#8413,.F.);
#15508 = ORIENTED_EDGE('',*,*,#15502,.F.);
#15509 = CYLINDRICAL_SURFACE('',#15510,0.875);
#15510 = AXIS2_PLACEMENT_3D('',#15511,#15512,#15513);
#15511 = CARTESIAN_POINT('',(178.945,-159.775,-4.6E-02));
#15512 = DIRECTION('',(-0.,-0.,-1.));
#15513 = DIRECTION('',(-0.,-1.,0.));
#15514 = ADVANCED_FACE('',(#15515),#15526,.F.);
#15515 = FACE_BOUND('',#15516,.T.);
#15516 = EDGE_LOOP('',(#15517,#15518,#15524,#15525));
#15517 = ORIENTED_EDGE('',*,*,#2943,.T.);
#15518 = ORIENTED_EDGE('',*,*,#15519,.T.);
#15519 = EDGE_CURVE('',#2944,#8425,#15520,.T.);
#15520 = LINE('',#15521,#15522);
#15521 = CARTESIAN_POINT('',(183.3875,-160.975,-4.6E-02));
#15522 = VECTOR('',#15523,1.);
#15523 = DIRECTION('',(0.,0.,1.));
#15524 = ORIENTED_EDGE('',*,*,#8424,.F.);
#15525 = ORIENTED_EDGE('',*,*,#15519,.F.);
#15526 = CYLINDRICAL_SURFACE('',#15527,0.4);
#15527 = AXIS2_PLACEMENT_3D('',#15528,#15529,#15530);
#15528 = CARTESIAN_POINT('',(183.3875,-160.575,-4.6E-02));
#15529 = DIRECTION('',(-0.,-0.,-1.));
#15530 = DIRECTION('',(-0.,-1.,0.));
#15531 = ADVANCED_FACE('',(#15532),#15543,.F.);
#15532 = FACE_BOUND('',#15533,.T.);
#15533 = EDGE_LOOP('',(#15534,#15535,#15541,#15542));
#15534 = ORIENTED_EDGE('',*,*,#2954,.T.);
#15535 = ORIENTED_EDGE('',*,*,#15536,.T.);
#15536 = EDGE_CURVE('',#2955,#8436,#15537,.T.);
#15537 = LINE('',#15538,#15539);
#15538 = CARTESIAN_POINT('',(170.055,-158.735,-4.6E-02));
#15539 = VECTOR('',#15540,1.);
#15540 = DIRECTION('',(0.,0.,1.));
#15541 = ORIENTED_EDGE('',*,*,#8435,.F.);
#15542 = ORIENTED_EDGE('',*,*,#15536,.F.);
#15543 = CYLINDRICAL_SURFACE('',#15544,1.5);
#15544 = AXIS2_PLACEMENT_3D('',#15545,#15546,#15547);
#15545 = CARTESIAN_POINT('',(170.055,-157.235,-4.6E-02));
#15546 = DIRECTION('',(-0.,-0.,-1.));
#15547 = DIRECTION('',(-0.,-1.,0.));
#15548 = ADVANCED_FACE('',(#15549),#15560,.F.);
#15549 = FACE_BOUND('',#15550,.T.);
#15550 = EDGE_LOOP('',(#15551,#15552,#15558,#15559));
#15551 = ORIENTED_EDGE('',*,*,#2965,.T.);
#15552 = ORIENTED_EDGE('',*,*,#15553,.T.);
#15553 = EDGE_CURVE('',#2966,#8447,#15554,.T.);
#15554 = LINE('',#15555,#15556);
#15555 = CARTESIAN_POINT('',(187.835,-160.65,-4.6E-02));
#15556 = VECTOR('',#15557,1.);
#15557 = DIRECTION('',(0.,0.,1.));
#15558 = ORIENTED_EDGE('',*,*,#8446,.F.);
#15559 = ORIENTED_EDGE('',*,*,#15553,.F.);
#15560 = CYLINDRICAL_SURFACE('',#15561,0.875);
#15561 = AXIS2_PLACEMENT_3D('',#15562,#15563,#15564);
#15562 = CARTESIAN_POINT('',(187.835,-159.775,-4.6E-02));
#15563 = DIRECTION('',(-0.,-0.,-1.));
#15564 = DIRECTION('',(-0.,-1.,0.));
#15565 = ADVANCED_FACE('',(#15566),#15577,.F.);
#15566 = FACE_BOUND('',#15567,.T.);
#15567 = EDGE_LOOP('',(#15568,#15569,#15575,#15576));
#15568 = ORIENTED_EDGE('',*,*,#2976,.T.);
#15569 = ORIENTED_EDGE('',*,*,#15570,.T.);
#15570 = EDGE_CURVE('',#2977,#8458,#15571,.T.);
#15571 = LINE('',#15572,#15573);
#15572 = CARTESIAN_POINT('',(192.915,-161.7689,-4.6E-02));
#15573 = VECTOR('',#15574,1.);
#15574 = DIRECTION('',(0.,0.,1.));
#15575 = ORIENTED_EDGE('',*,*,#8457,.F.);
#15576 = ORIENTED_EDGE('',*,*,#15570,.F.);
#15577 = CYLINDRICAL_SURFACE('',#15578,1.9939);
#15578 = AXIS2_PLACEMENT_3D('',#15579,#15580,#15581);
#15579 = CARTESIAN_POINT('',(192.915,-159.775,-4.6E-02));
#15580 = DIRECTION('',(-0.,-0.,-1.));
#15581 = DIRECTION('',(-0.,-1.,0.));
#15582 = ADVANCED_FACE('',(#15583),#15594,.F.);
#15583 = FACE_BOUND('',#15584,.T.);
#15584 = EDGE_LOOP('',(#15585,#15586,#15592,#15593));
#15585 = ORIENTED_EDGE('',*,*,#2987,.T.);
#15586 = ORIENTED_EDGE('',*,*,#15587,.T.);
#15587 = EDGE_CURVE('',#2988,#8469,#15588,.T.);
#15588 = LINE('',#15589,#15590);
#15589 = CARTESIAN_POINT('',(197.995,-160.65,-4.6E-02));
#15590 = VECTOR('',#15591,1.);
#15591 = DIRECTION('',(0.,0.,1.));
#15592 = ORIENTED_EDGE('',*,*,#8468,.F.);
#15593 = ORIENTED_EDGE('',*,*,#15587,.F.);
#15594 = CYLINDRICAL_SURFACE('',#15595,0.875);
#15595 = AXIS2_PLACEMENT_3D('',#15596,#15597,#15598);
#15596 = CARTESIAN_POINT('',(197.995,-159.775,-4.6E-02));
#15597 = DIRECTION('',(-0.,-0.,-1.));
#15598 = DIRECTION('',(-0.,-1.,0.));
#15599 = ADVANCED_FACE('',(#15600),#15611,.F.);
#15600 = FACE_BOUND('',#15601,.T.);
#15601 = EDGE_LOOP('',(#15602,#15603,#15609,#15610));
#15602 = ORIENTED_EDGE('',*,*,#2998,.T.);
#15603 = ORIENTED_EDGE('',*,*,#15604,.T.);
#15604 = EDGE_CURVE('',#2999,#8480,#15605,.T.);
#15605 = LINE('',#15606,#15607);
#15606 = CARTESIAN_POINT('',(189.105,-158.735,-4.6E-02));
#15607 = VECTOR('',#15608,1.);
#15608 = DIRECTION('',(0.,0.,1.));
#15609 = ORIENTED_EDGE('',*,*,#8479,.F.);
#15610 = ORIENTED_EDGE('',*,*,#15604,.F.);
#15611 = CYLINDRICAL_SURFACE('',#15612,1.5);
#15612 = AXIS2_PLACEMENT_3D('',#15613,#15614,#15615);
#15613 = CARTESIAN_POINT('',(189.105,-157.235,-4.6E-02));
#15614 = DIRECTION('',(-0.,-0.,-1.));
#15615 = DIRECTION('',(-0.,-1.,0.));
#15616 = ADVANCED_FACE('',(#15617),#15628,.F.);
#15617 = FACE_BOUND('',#15618,.T.);
#15618 = EDGE_LOOP('',(#15619,#15620,#15626,#15627));
#15619 = ORIENTED_EDGE('',*,*,#3009,.T.);
#15620 = ORIENTED_EDGE('',*,*,#15621,.T.);
#15621 = EDGE_CURVE('',#3010,#8491,#15622,.T.);
#15622 = LINE('',#15623,#15624);
#15623 = CARTESIAN_POINT('',(176.405,-156.195,-4.6E-02));
#15624 = VECTOR('',#15625,1.);
#15625 = DIRECTION('',(0.,0.,1.));
#15626 = ORIENTED_EDGE('',*,*,#8490,.F.);
#15627 = ORIENTED_EDGE('',*,*,#15621,.F.);
#15628 = CYLINDRICAL_SURFACE('',#15629,1.5);
#15629 = AXIS2_PLACEMENT_3D('',#15630,#15631,#15632);
#15630 = CARTESIAN_POINT('',(176.405,-154.695,-4.6E-02));
#15631 = DIRECTION('',(-0.,-0.,-1.));
#15632 = DIRECTION('',(-0.,-1.,0.));
#15633 = ADVANCED_FACE('',(#15634),#15645,.F.);
#15634 = FACE_BOUND('',#15635,.T.);
#15635 = EDGE_LOOP('',(#15636,#15637,#15643,#15644));
#15636 = ORIENTED_EDGE('',*,*,#3020,.T.);
#15637 = ORIENTED_EDGE('',*,*,#15638,.T.);
#15638 = EDGE_CURVE('',#3021,#8502,#15639,.T.);
#15639 = LINE('',#15640,#15641);
#15640 = CARTESIAN_POINT('',(183.388,-152.48,-4.6E-02));
#15641 = VECTOR('',#15642,1.);
#15642 = DIRECTION('',(0.,0.,1.));
#15643 = ORIENTED_EDGE('',*,*,#8501,.F.);
#15644 = ORIENTED_EDGE('',*,*,#15638,.F.);
#15645 = CYLINDRICAL_SURFACE('',#15646,1.35);
#15646 = AXIS2_PLACEMENT_3D('',#15647,#15648,#15649);
#15647 = CARTESIAN_POINT('',(183.388,-151.13,-4.6E-02));
#15648 = DIRECTION('',(-0.,-0.,-1.));
#15649 = DIRECTION('',(-0.,-1.,0.));
#15650 = ADVANCED_FACE('',(#15651),#15662,.F.);
#15651 = FACE_BOUND('',#15652,.T.);
#15652 = EDGE_LOOP('',(#15653,#15654,#15660,#15661));
#15653 = ORIENTED_EDGE('',*,*,#3031,.T.);
#15654 = ORIENTED_EDGE('',*,*,#15655,.T.);
#15655 = EDGE_CURVE('',#3032,#8513,#15656,.T.);
#15656 = LINE('',#15657,#15658);
#15657 = CARTESIAN_POINT('',(178.6275,-149.535,-4.6E-02));
#15658 = VECTOR('',#15659,1.);
#15659 = DIRECTION('',(0.,0.,1.));
#15660 = ORIENTED_EDGE('',*,*,#8512,.F.);
#15661 = ORIENTED_EDGE('',*,*,#15655,.F.);
#15662 = CYLINDRICAL_SURFACE('',#15663,0.4);
#15663 = AXIS2_PLACEMENT_3D('',#15664,#15665,#15666);
#15664 = CARTESIAN_POINT('',(178.6275,-149.135,-4.6E-02));
#15665 = DIRECTION('',(-0.,-0.,-1.));
#15666 = DIRECTION('',(-0.,-1.,0.));
#15667 = ADVANCED_FACE('',(#15668),#15679,.F.);
#15668 = FACE_BOUND('',#15669,.T.);
#15669 = EDGE_LOOP('',(#15670,#15671,#15677,#15678));
#15670 = ORIENTED_EDGE('',*,*,#3042,.T.);
#15671 = ORIENTED_EDGE('',*,*,#15672,.T.);
#15672 = EDGE_CURVE('',#3043,#8524,#15673,.T.);
#15673 = LINE('',#15674,#15675);
#15674 = CARTESIAN_POINT('',(195.455,-156.195,-4.6E-02));
#15675 = VECTOR('',#15676,1.);
#15676 = DIRECTION('',(0.,0.,1.));
#15677 = ORIENTED_EDGE('',*,*,#8523,.F.);
#15678 = ORIENTED_EDGE('',*,*,#15672,.F.);
#15679 = CYLINDRICAL_SURFACE('',#15680,1.5);
#15680 = AXIS2_PLACEMENT_3D('',#15681,#15682,#15683);
#15681 = CARTESIAN_POINT('',(195.455,-154.695,-4.6E-02));
#15682 = DIRECTION('',(-0.,-0.,-1.));
#15683 = DIRECTION('',(-0.,-1.,0.));
#15684 = ADVANCED_FACE('',(#15685),#15696,.F.);
#15685 = FACE_BOUND('',#15686,.T.);
#15686 = EDGE_LOOP('',(#15687,#15688,#15694,#15695));
#15687 = ORIENTED_EDGE('',*,*,#3053,.T.);
#15688 = ORIENTED_EDGE('',*,*,#15689,.T.);
#15689 = EDGE_CURVE('',#3054,#8535,#15690,.T.);
#15690 = LINE('',#15691,#15692);
#15691 = CARTESIAN_POINT('',(197.6775,-149.535,-4.6E-02));
#15692 = VECTOR('',#15693,1.);
#15693 = DIRECTION('',(0.,0.,1.));
#15694 = ORIENTED_EDGE('',*,*,#8534,.F.);
#15695 = ORIENTED_EDGE('',*,*,#15689,.F.);
#15696 = CYLINDRICAL_SURFACE('',#15697,0.4);
#15697 = AXIS2_PLACEMENT_3D('',#15698,#15699,#15700);
#15698 = CARTESIAN_POINT('',(197.6775,-149.135,-4.6E-02));
#15699 = DIRECTION('',(-0.,-0.,-1.));
#15700 = DIRECTION('',(-0.,-1.,0.));
#15701 = ADVANCED_FACE('',(#15702),#15713,.F.);
#15702 = FACE_BOUND('',#15703,.T.);
#15703 = EDGE_LOOP('',(#15704,#15705,#15711,#15712));
#15704 = ORIENTED_EDGE('',*,*,#3064,.T.);
#15705 = ORIENTED_EDGE('',*,*,#15706,.T.);
#15706 = EDGE_CURVE('',#3065,#8546,#15707,.T.);
#15707 = LINE('',#15708,#15709);
#15708 = CARTESIAN_POINT('',(202.4375,-160.975,-4.6E-02));
#15709 = VECTOR('',#15710,1.);
#15710 = DIRECTION('',(0.,0.,1.));
#15711 = ORIENTED_EDGE('',*,*,#8545,.F.);
#15712 = ORIENTED_EDGE('',*,*,#15706,.F.);
#15713 = CYLINDRICAL_SURFACE('',#15714,0.4);
#15714 = AXIS2_PLACEMENT_3D('',#15715,#15716,#15717);
#15715 = CARTESIAN_POINT('',(202.4375,-160.575,-4.6E-02));
#15716 = DIRECTION('',(-0.,-0.,-1.));
#15717 = DIRECTION('',(-0.,-1.,0.));
#15718 = ADVANCED_FACE('',(#15719),#15730,.F.);
#15719 = FACE_BOUND('',#15720,.T.);
#15720 = EDGE_LOOP('',(#15721,#15722,#15728,#15729));
#15721 = ORIENTED_EDGE('',*,*,#3075,.T.);
#15722 = ORIENTED_EDGE('',*,*,#15723,.T.);
#15723 = EDGE_CURVE('',#3076,#8557,#15724,.T.);
#15724 = LINE('',#15725,#15726);
#15725 = CARTESIAN_POINT('',(206.885,-160.65,-4.6E-02));
#15726 = VECTOR('',#15727,1.);
#15727 = DIRECTION('',(0.,0.,1.));
#15728 = ORIENTED_EDGE('',*,*,#8556,.F.);
#15729 = ORIENTED_EDGE('',*,*,#15723,.F.);
#15730 = CYLINDRICAL_SURFACE('',#15731,0.875);
#15731 = AXIS2_PLACEMENT_3D('',#15732,#15733,#15734);
#15732 = CARTESIAN_POINT('',(206.885,-159.775,-4.6E-02));
#15733 = DIRECTION('',(-0.,-0.,-1.));
#15734 = DIRECTION('',(-0.,-1.,0.));
#15735 = ADVANCED_FACE('',(#15736),#15747,.F.);
#15736 = FACE_BOUND('',#15737,.T.);
#15737 = EDGE_LOOP('',(#15738,#15739,#15745,#15746));
#15738 = ORIENTED_EDGE('',*,*,#3086,.T.);
#15739 = ORIENTED_EDGE('',*,*,#15740,.T.);
#15740 = EDGE_CURVE('',#3087,#8568,#15741,.T.);
#15741 = LINE('',#15742,#15743);
#15742 = CARTESIAN_POINT('',(211.965,-161.7689,-4.6E-02));
#15743 = VECTOR('',#15744,1.);
#15744 = DIRECTION('',(0.,0.,1.));
#15745 = ORIENTED_EDGE('',*,*,#8567,.F.);
#15746 = ORIENTED_EDGE('',*,*,#15740,.F.);
#15747 = CYLINDRICAL_SURFACE('',#15748,1.9939);
#15748 = AXIS2_PLACEMENT_3D('',#15749,#15750,#15751);
#15749 = CARTESIAN_POINT('',(211.965,-159.775,-4.6E-02));
#15750 = DIRECTION('',(-0.,-0.,-1.));
#15751 = DIRECTION('',(-0.,-1.,0.));
#15752 = ADVANCED_FACE('',(#15753),#15764,.F.);
#15753 = FACE_BOUND('',#15754,.T.);
#15754 = EDGE_LOOP('',(#15755,#15756,#15762,#15763));
#15755 = ORIENTED_EDGE('',*,*,#3097,.T.);
#15756 = ORIENTED_EDGE('',*,*,#15757,.T.);
#15757 = EDGE_CURVE('',#3098,#8579,#15758,.T.);
#15758 = LINE('',#15759,#15760);
#15759 = CARTESIAN_POINT('',(217.045,-160.65,-4.6E-02));
#15760 = VECTOR('',#15761,1.);
#15761 = DIRECTION('',(0.,0.,1.));
#15762 = ORIENTED_EDGE('',*,*,#8578,.F.);
#15763 = ORIENTED_EDGE('',*,*,#15757,.F.);
#15764 = CYLINDRICAL_SURFACE('',#15765,0.875);
#15765 = AXIS2_PLACEMENT_3D('',#15766,#15767,#15768);
#15766 = CARTESIAN_POINT('',(217.045,-159.775,-4.6E-02));
#15767 = DIRECTION('',(-0.,-0.,-1.));
#15768 = DIRECTION('',(-0.,-1.,0.));
#15769 = ADVANCED_FACE('',(#15770),#15781,.F.);
#15770 = FACE_BOUND('',#15771,.T.);
#15771 = EDGE_LOOP('',(#15772,#15773,#15779,#15780));
#15772 = ORIENTED_EDGE('',*,*,#3108,.T.);
#15773 = ORIENTED_EDGE('',*,*,#15774,.T.);
#15774 = EDGE_CURVE('',#3109,#8590,#15775,.T.);
#15775 = LINE('',#15776,#15777);
#15776 = CARTESIAN_POINT('',(208.155,-158.735,-4.6E-02));
#15777 = VECTOR('',#15778,1.);
#15778 = DIRECTION('',(0.,0.,1.));
#15779 = ORIENTED_EDGE('',*,*,#8589,.F.);
#15780 = ORIENTED_EDGE('',*,*,#15774,.F.);
#15781 = CYLINDRICAL_SURFACE('',#15782,1.5);
#15782 = AXIS2_PLACEMENT_3D('',#15783,#15784,#15785);
#15783 = CARTESIAN_POINT('',(208.155,-157.235,-4.6E-02));
#15784 = DIRECTION('',(-0.,-0.,-1.));
#15785 = DIRECTION('',(-0.,-1.,0.));
#15786 = ADVANCED_FACE('',(#15787),#15798,.F.);
#15787 = FACE_BOUND('',#15788,.T.);
#15788 = EDGE_LOOP('',(#15789,#15790,#15796,#15797));
#15789 = ORIENTED_EDGE('',*,*,#3119,.T.);
#15790 = ORIENTED_EDGE('',*,*,#15791,.T.);
#15791 = EDGE_CURVE('',#3120,#8601,#15792,.T.);
#15792 = LINE('',#15793,#15794);
#15793 = CARTESIAN_POINT('',(221.4875,-160.975,-4.6E-02));
#15794 = VECTOR('',#15795,1.);
#15795 = DIRECTION('',(0.,0.,1.));
#15796 = ORIENTED_EDGE('',*,*,#8600,.F.);
#15797 = ORIENTED_EDGE('',*,*,#15791,.F.);
#15798 = CYLINDRICAL_SURFACE('',#15799,0.4);
#15799 = AXIS2_PLACEMENT_3D('',#15800,#15801,#15802);
#15800 = CARTESIAN_POINT('',(221.4875,-160.575,-4.6E-02));
#15801 = DIRECTION('',(-0.,-0.,-1.));
#15802 = DIRECTION('',(-0.,-1.,0.));
#15803 = ADVANCED_FACE('',(#15804),#15815,.F.);
#15804 = FACE_BOUND('',#15805,.T.);
#15805 = EDGE_LOOP('',(#15806,#15807,#15813,#15814));
#15806 = ORIENTED_EDGE('',*,*,#3130,.T.);
#15807 = ORIENTED_EDGE('',*,*,#15808,.T.);
#15808 = EDGE_CURVE('',#3131,#8612,#15809,.T.);
#15809 = LINE('',#15810,#15811);
#15810 = CARTESIAN_POINT('',(225.935,-160.65,-4.6E-02));
#15811 = VECTOR('',#15812,1.);
#15812 = DIRECTION('',(0.,0.,1.));
#15813 = ORIENTED_EDGE('',*,*,#8611,.F.);
#15814 = ORIENTED_EDGE('',*,*,#15808,.F.);
#15815 = CYLINDRICAL_SURFACE('',#15816,0.875);
#15816 = AXIS2_PLACEMENT_3D('',#15817,#15818,#15819);
#15817 = CARTESIAN_POINT('',(225.935,-159.775,-4.6E-02));
#15818 = DIRECTION('',(-0.,-0.,-1.));
#15819 = DIRECTION('',(-0.,-1.,0.));
#15820 = ADVANCED_FACE('',(#15821),#15832,.F.);
#15821 = FACE_BOUND('',#15822,.T.);
#15822 = EDGE_LOOP('',(#15823,#15824,#15830,#15831));
#15823 = ORIENTED_EDGE('',*,*,#3141,.T.);
#15824 = ORIENTED_EDGE('',*,*,#15825,.T.);
#15825 = EDGE_CURVE('',#3142,#8623,#15826,.T.);
#15826 = LINE('',#15827,#15828);
#15827 = CARTESIAN_POINT('',(231.015,-161.7689,-4.6E-02));
#15828 = VECTOR('',#15829,1.);
#15829 = DIRECTION('',(0.,0.,1.));
#15830 = ORIENTED_EDGE('',*,*,#8622,.F.);
#15831 = ORIENTED_EDGE('',*,*,#15825,.F.);
#15832 = CYLINDRICAL_SURFACE('',#15833,1.9939);
#15833 = AXIS2_PLACEMENT_3D('',#15834,#15835,#15836);
#15834 = CARTESIAN_POINT('',(231.015,-159.775,-4.6E-02));
#15835 = DIRECTION('',(-0.,-0.,-1.));
#15836 = DIRECTION('',(-0.,-1.,0.));
#15837 = ADVANCED_FACE('',(#15838),#15849,.F.);
#15838 = FACE_BOUND('',#15839,.T.);
#15839 = EDGE_LOOP('',(#15840,#15841,#15847,#15848));
#15840 = ORIENTED_EDGE('',*,*,#3152,.T.);
#15841 = ORIENTED_EDGE('',*,*,#15842,.T.);
#15842 = EDGE_CURVE('',#3153,#8634,#15843,.T.);
#15843 = LINE('',#15844,#15845);
#15844 = CARTESIAN_POINT('',(236.095,-160.65,-4.6E-02));
#15845 = VECTOR('',#15846,1.);
#15846 = DIRECTION('',(0.,0.,1.));
#15847 = ORIENTED_EDGE('',*,*,#8633,.F.);
#15848 = ORIENTED_EDGE('',*,*,#15842,.F.);
#15849 = CYLINDRICAL_SURFACE('',#15850,0.875);
#15850 = AXIS2_PLACEMENT_3D('',#15851,#15852,#15853);
#15851 = CARTESIAN_POINT('',(236.095,-159.775,-4.6E-02));
#15852 = DIRECTION('',(-0.,-0.,-1.));
#15853 = DIRECTION('',(-0.,-1.,0.));
#15854 = ADVANCED_FACE('',(#15855),#15866,.F.);
#15855 = FACE_BOUND('',#15856,.T.);
#15856 = EDGE_LOOP('',(#15857,#15858,#15864,#15865));
#15857 = ORIENTED_EDGE('',*,*,#3163,.T.);
#15858 = ORIENTED_EDGE('',*,*,#15859,.T.);
#15859 = EDGE_CURVE('',#3164,#8645,#15860,.T.);
#15860 = LINE('',#15861,#15862);
#15861 = CARTESIAN_POINT('',(227.205,-158.735,-4.6E-02));
#15862 = VECTOR('',#15863,1.);
#15863 = DIRECTION('',(0.,0.,1.));
#15864 = ORIENTED_EDGE('',*,*,#8644,.F.);
#15865 = ORIENTED_EDGE('',*,*,#15859,.F.);
#15866 = CYLINDRICAL_SURFACE('',#15867,1.5);
#15867 = AXIS2_PLACEMENT_3D('',#15868,#15869,#15870);
#15868 = CARTESIAN_POINT('',(227.205,-157.235,-4.6E-02));
#15869 = DIRECTION('',(-0.,-0.,-1.));
#15870 = DIRECTION('',(-0.,-1.,0.));
#15871 = ADVANCED_FACE('',(#15872),#15883,.F.);
#15872 = FACE_BOUND('',#15873,.T.);
#15873 = EDGE_LOOP('',(#15874,#15875,#15881,#15882));
#15874 = ORIENTED_EDGE('',*,*,#3174,.T.);
#15875 = ORIENTED_EDGE('',*,*,#15876,.T.);
#15876 = EDGE_CURVE('',#3175,#8656,#15877,.T.);
#15877 = LINE('',#15878,#15879);
#15878 = CARTESIAN_POINT('',(214.505,-156.195,-4.6E-02));
#15879 = VECTOR('',#15880,1.);
#15880 = DIRECTION('',(0.,0.,1.));
#15881 = ORIENTED_EDGE('',*,*,#8655,.F.);
#15882 = ORIENTED_EDGE('',*,*,#15876,.F.);
#15883 = CYLINDRICAL_SURFACE('',#15884,1.5);
#15884 = AXIS2_PLACEMENT_3D('',#15885,#15886,#15887);
#15885 = CARTESIAN_POINT('',(214.505,-154.695,-4.6E-02));
#15886 = DIRECTION('',(-0.,-0.,-1.));
#15887 = DIRECTION('',(-0.,-1.,0.));
#15888 = ADVANCED_FACE('',(#15889),#15900,.F.);
#15889 = FACE_BOUND('',#15890,.T.);
#15890 = EDGE_LOOP('',(#15891,#15892,#15898,#15899));
#15891 = ORIENTED_EDGE('',*,*,#3185,.T.);
#15892 = ORIENTED_EDGE('',*,*,#15893,.T.);
#15893 = EDGE_CURVE('',#3186,#8667,#15894,.T.);
#15894 = LINE('',#15895,#15896);
#15895 = CARTESIAN_POINT('',(216.7275,-149.535,-4.6E-02));
#15896 = VECTOR('',#15897,1.);
#15897 = DIRECTION('',(0.,0.,1.));
#15898 = ORIENTED_EDGE('',*,*,#8666,.F.);
#15899 = ORIENTED_EDGE('',*,*,#15893,.F.);
#15900 = CYLINDRICAL_SURFACE('',#15901,0.4);
#15901 = AXIS2_PLACEMENT_3D('',#15902,#15903,#15904);
#15902 = CARTESIAN_POINT('',(216.7275,-149.135,-4.6E-02));
#15903 = DIRECTION('',(-0.,-0.,-1.));
#15904 = DIRECTION('',(-0.,-1.,0.));
#15905 = ADVANCED_FACE('',(#15906),#15917,.F.);
#15906 = FACE_BOUND('',#15907,.T.);
#15907 = EDGE_LOOP('',(#15908,#15909,#15915,#15916));
#15908 = ORIENTED_EDGE('',*,*,#3196,.T.);
#15909 = ORIENTED_EDGE('',*,*,#15910,.T.);
#15910 = EDGE_CURVE('',#3197,#8678,#15911,.T.);
#15911 = LINE('',#15912,#15913);
#15912 = CARTESIAN_POINT('',(233.555,-156.195,-4.6E-02));
#15913 = VECTOR('',#15914,1.);
#15914 = DIRECTION('',(0.,0.,1.));
#15915 = ORIENTED_EDGE('',*,*,#8677,.F.);
#15916 = ORIENTED_EDGE('',*,*,#15910,.F.);
#15917 = CYLINDRICAL_SURFACE('',#15918,1.5);
#15918 = AXIS2_PLACEMENT_3D('',#15919,#15920,#15921);
#15919 = CARTESIAN_POINT('',(233.555,-154.695,-4.6E-02));
#15920 = DIRECTION('',(-0.,-0.,-1.));
#15921 = DIRECTION('',(-0.,-1.,0.));
#15922 = ADVANCED_FACE('',(#15923),#15934,.F.);
#15923 = FACE_BOUND('',#15924,.T.);
#15924 = EDGE_LOOP('',(#15925,#15926,#15932,#15933));
#15925 = ORIENTED_EDGE('',*,*,#3207,.T.);
#15926 = ORIENTED_EDGE('',*,*,#15927,.T.);
#15927 = EDGE_CURVE('',#3208,#8689,#15928,.T.);
#15928 = LINE('',#15929,#15930);
#15929 = CARTESIAN_POINT('',(235.7775,-149.535,-4.6E-02));
#15930 = VECTOR('',#15931,1.);
#15931 = DIRECTION('',(0.,0.,1.));
#15932 = ORIENTED_EDGE('',*,*,#8688,.F.);
#15933 = ORIENTED_EDGE('',*,*,#15927,.F.);
#15934 = CYLINDRICAL_SURFACE('',#15935,0.4);
#15935 = AXIS2_PLACEMENT_3D('',#15936,#15937,#15938);
#15936 = CARTESIAN_POINT('',(235.7775,-149.135,-4.6E-02));
#15937 = DIRECTION('',(-0.,-0.,-1.));
#15938 = DIRECTION('',(-0.,-1.,0.));
#15939 = ADVANCED_FACE('',(#15940),#15951,.F.);
#15940 = FACE_BOUND('',#15941,.T.);
#15941 = EDGE_LOOP('',(#15942,#15943,#15949,#15950));
#15942 = ORIENTED_EDGE('',*,*,#3218,.T.);
#15943 = ORIENTED_EDGE('',*,*,#15944,.T.);
#15944 = EDGE_CURVE('',#3219,#8700,#15945,.T.);
#15945 = LINE('',#15946,#15947);
#15946 = CARTESIAN_POINT('',(169.1025,-142.7189,-4.6E-02));
#15947 = VECTOR('',#15948,1.);
#15948 = DIRECTION('',(0.,0.,1.));
#15949 = ORIENTED_EDGE('',*,*,#8699,.F.);
#15950 = ORIENTED_EDGE('',*,*,#15944,.F.);
#15951 = CYLINDRICAL_SURFACE('',#15952,1.9939);
#15952 = AXIS2_PLACEMENT_3D('',#15953,#15954,#15955);
#15953 = CARTESIAN_POINT('',(169.1025,-140.725,-4.6E-02));
#15954 = DIRECTION('',(-0.,-0.,-1.));
#15955 = DIRECTION('',(-0.,-1.,0.));
#15956 = ADVANCED_FACE('',(#15957),#15968,.F.);
#15957 = FACE_BOUND('',#15958,.T.);
#15958 = EDGE_LOOP('',(#15959,#15960,#15966,#15967));
#15959 = ORIENTED_EDGE('',*,*,#3229,.T.);
#15960 = ORIENTED_EDGE('',*,*,#15961,.T.);
#15961 = EDGE_CURVE('',#3230,#8711,#15962,.T.);
#15962 = LINE('',#15963,#15964);
#15963 = CARTESIAN_POINT('',(174.1825,-141.6,-4.6E-02));
#15964 = VECTOR('',#15965,1.);
#15965 = DIRECTION('',(0.,0.,1.));
#15966 = ORIENTED_EDGE('',*,*,#8710,.F.);
#15967 = ORIENTED_EDGE('',*,*,#15961,.F.);
#15968 = CYLINDRICAL_SURFACE('',#15969,0.875);
#15969 = AXIS2_PLACEMENT_3D('',#15970,#15971,#15972);
#15970 = CARTESIAN_POINT('',(174.1825,-140.725,-4.6E-02));
#15971 = DIRECTION('',(-0.,-0.,-1.));
#15972 = DIRECTION('',(-0.,-1.,0.));
#15973 = ADVANCED_FACE('',(#15974),#15985,.F.);
#15974 = FACE_BOUND('',#15975,.T.);
#15975 = EDGE_LOOP('',(#15976,#15977,#15983,#15984));
#15976 = ORIENTED_EDGE('',*,*,#3240,.T.);
#15977 = ORIENTED_EDGE('',*,*,#15978,.T.);
#15978 = EDGE_CURVE('',#3241,#8722,#15979,.T.);
#15979 = LINE('',#15980,#15981);
#15980 = CARTESIAN_POINT('',(178.6275,-141.915,-4.6E-02));
#15981 = VECTOR('',#15982,1.);
#15982 = DIRECTION('',(0.,0.,1.));
#15983 = ORIENTED_EDGE('',*,*,#8721,.F.);
#15984 = ORIENTED_EDGE('',*,*,#15978,.F.);
#15985 = CYLINDRICAL_SURFACE('',#15986,0.4);
#15986 = AXIS2_PLACEMENT_3D('',#15987,#15988,#15989);
#15987 = CARTESIAN_POINT('',(178.6275,-141.515,-4.6E-02));
#15988 = DIRECTION('',(-0.,-0.,-1.));
#15989 = DIRECTION('',(-0.,-1.,0.));
#15990 = ADVANCED_FACE('',(#15991),#16002,.F.);
#15991 = FACE_BOUND('',#15992,.T.);
#15992 = EDGE_LOOP('',(#15993,#15994,#16000,#16001));
#15993 = ORIENTED_EDGE('',*,*,#3251,.T.);
#15994 = ORIENTED_EDGE('',*,*,#15995,.T.);
#15995 = EDGE_CURVE('',#3252,#8733,#15996,.T.);
#15996 = LINE('',#15997,#15998);
#15997 = CARTESIAN_POINT('',(183.0725,-141.6,-4.6E-02));
#15998 = VECTOR('',#15999,1.);
#15999 = DIRECTION('',(0.,0.,1.));
#16000 = ORIENTED_EDGE('',*,*,#8732,.F.);
#16001 = ORIENTED_EDGE('',*,*,#15995,.F.);
#16002 = CYLINDRICAL_SURFACE('',#16003,0.875);
#16003 = AXIS2_PLACEMENT_3D('',#16004,#16005,#16006);
#16004 = CARTESIAN_POINT('',(183.0725,-140.725,-4.6E-02));
#16005 = DIRECTION('',(-0.,-0.,-1.));
#16006 = DIRECTION('',(-0.,-1.,0.));
#16007 = ADVANCED_FACE('',(#16008),#16019,.F.);
#16008 = FACE_BOUND('',#16009,.T.);
#16009 = EDGE_LOOP('',(#16010,#16011,#16017,#16018));
#16010 = ORIENTED_EDGE('',*,*,#3262,.T.);
#16011 = ORIENTED_EDGE('',*,*,#16012,.T.);
#16012 = EDGE_CURVE('',#3263,#8744,#16013,.T.);
#16013 = LINE('',#16014,#16015);
#16014 = CARTESIAN_POINT('',(188.1525,-142.7189,-4.6E-02));
#16015 = VECTOR('',#16016,1.);
#16016 = DIRECTION('',(0.,0.,1.));
#16017 = ORIENTED_EDGE('',*,*,#8743,.F.);
#16018 = ORIENTED_EDGE('',*,*,#16012,.F.);
#16019 = CYLINDRICAL_SURFACE('',#16020,1.9939);
#16020 = AXIS2_PLACEMENT_3D('',#16021,#16022,#16023);
#16021 = CARTESIAN_POINT('',(188.1525,-140.725,-4.6E-02));
#16022 = DIRECTION('',(-0.,-0.,-1.));
#16023 = DIRECTION('',(-0.,-1.,0.));
#16024 = ADVANCED_FACE('',(#16025),#16036,.F.);
#16025 = FACE_BOUND('',#16026,.T.);
#16026 = EDGE_LOOP('',(#16027,#16028,#16034,#16035));
#16027 = ORIENTED_EDGE('',*,*,#3273,.T.);
#16028 = ORIENTED_EDGE('',*,*,#16029,.T.);
#16029 = EDGE_CURVE('',#3274,#8755,#16030,.T.);
#16030 = LINE('',#16031,#16032);
#16031 = CARTESIAN_POINT('',(197.6775,-141.915,-4.6E-02));
#16032 = VECTOR('',#16033,1.);
#16033 = DIRECTION('',(0.,0.,1.));
#16034 = ORIENTED_EDGE('',*,*,#8754,.F.);
#16035 = ORIENTED_EDGE('',*,*,#16029,.F.);
#16036 = CYLINDRICAL_SURFACE('',#16037,0.4);
#16037 = AXIS2_PLACEMENT_3D('',#16038,#16039,#16040);
#16038 = CARTESIAN_POINT('',(197.6775,-141.515,-4.6E-02));
#16039 = DIRECTION('',(-0.,-0.,-1.));
#16040 = DIRECTION('',(-0.,-1.,0.));
#16041 = ADVANCED_FACE('',(#16042),#16053,.F.);
#16042 = FACE_BOUND('',#16043,.T.);
#16043 = EDGE_LOOP('',(#16044,#16045,#16051,#16052));
#16044 = ORIENTED_EDGE('',*,*,#3284,.T.);
#16045 = ORIENTED_EDGE('',*,*,#16046,.T.);
#16046 = EDGE_CURVE('',#3285,#8766,#16047,.T.);
#16047 = LINE('',#16048,#16049);
#16048 = CARTESIAN_POINT('',(193.2325,-141.6,-4.6E-02));
#16049 = VECTOR('',#16050,1.);
#16050 = DIRECTION('',(0.,0.,1.));
#16051 = ORIENTED_EDGE('',*,*,#8765,.F.);
#16052 = ORIENTED_EDGE('',*,*,#16046,.F.);
#16053 = CYLINDRICAL_SURFACE('',#16054,0.875);
#16054 = AXIS2_PLACEMENT_3D('',#16055,#16056,#16057);
#16055 = CARTESIAN_POINT('',(193.2325,-140.725,-4.6E-02));
#16056 = DIRECTION('',(-0.,-0.,-1.));
#16057 = DIRECTION('',(-0.,-1.,0.));
#16058 = ADVANCED_FACE('',(#16059),#16070,.F.);
#16059 = FACE_BOUND('',#16060,.T.);
#16060 = EDGE_LOOP('',(#16061,#16062,#16068,#16069));
#16061 = ORIENTED_EDGE('',*,*,#3295,.T.);
#16062 = ORIENTED_EDGE('',*,*,#16063,.T.);
#16063 = EDGE_CURVE('',#3296,#8777,#16064,.T.);
#16064 = LINE('',#16065,#16066);
#16065 = CARTESIAN_POINT('',(184.3425,-139.685,-4.6E-02));
#16066 = VECTOR('',#16067,1.);
#16067 = DIRECTION('',(0.,0.,1.));
#16068 = ORIENTED_EDGE('',*,*,#8776,.F.);
#16069 = ORIENTED_EDGE('',*,*,#16063,.F.);
#16070 = CYLINDRICAL_SURFACE('',#16071,1.5);
#16071 = AXIS2_PLACEMENT_3D('',#16072,#16073,#16074);
#16072 = CARTESIAN_POINT('',(184.3425,-138.185,-4.6E-02));
#16073 = DIRECTION('',(-0.,-0.,-1.));
#16074 = DIRECTION('',(-0.,-1.,0.));
#16075 = ADVANCED_FACE('',(#16076),#16087,.F.);
#16076 = FACE_BOUND('',#16077,.T.);
#16077 = EDGE_LOOP('',(#16078,#16079,#16085,#16086));
#16078 = ORIENTED_EDGE('',*,*,#3306,.T.);
#16079 = ORIENTED_EDGE('',*,*,#16080,.T.);
#16080 = EDGE_CURVE('',#3307,#8788,#16081,.T.);
#16081 = LINE('',#16082,#16083);
#16082 = CARTESIAN_POINT('',(202.1225,-141.6,-4.6E-02));
#16083 = VECTOR('',#16084,1.);
#16084 = DIRECTION('',(0.,0.,1.));
#16085 = ORIENTED_EDGE('',*,*,#8787,.F.);
#16086 = ORIENTED_EDGE('',*,*,#16080,.F.);
#16087 = CYLINDRICAL_SURFACE('',#16088,0.875);
#16088 = AXIS2_PLACEMENT_3D('',#16089,#16090,#16091);
#16089 = CARTESIAN_POINT('',(202.1225,-140.725,-4.6E-02));
#16090 = DIRECTION('',(-0.,-0.,-1.));
#16091 = DIRECTION('',(-0.,-1.,0.));
#16092 = ADVANCED_FACE('',(#16093),#16104,.F.);
#16093 = FACE_BOUND('',#16094,.T.);
#16094 = EDGE_LOOP('',(#16095,#16096,#16102,#16103));
#16095 = ORIENTED_EDGE('',*,*,#3317,.T.);
#16096 = ORIENTED_EDGE('',*,*,#16097,.T.);
#16097 = EDGE_CURVE('',#3318,#8799,#16098,.T.);
#16098 = LINE('',#16099,#16100);
#16099 = CARTESIAN_POINT('',(207.2025,-142.7189,-4.6E-02));
#16100 = VECTOR('',#16101,1.);
#16101 = DIRECTION('',(0.,0.,1.));
#16102 = ORIENTED_EDGE('',*,*,#8798,.F.);
#16103 = ORIENTED_EDGE('',*,*,#16097,.F.);
#16104 = CYLINDRICAL_SURFACE('',#16105,1.9939);
#16105 = AXIS2_PLACEMENT_3D('',#16106,#16107,#16108);
#16106 = CARTESIAN_POINT('',(207.2025,-140.725,-4.6E-02));
#16107 = DIRECTION('',(-0.,-0.,-1.));
#16108 = DIRECTION('',(-0.,-1.,0.));
#16109 = ADVANCED_FACE('',(#16110),#16121,.F.);
#16110 = FACE_BOUND('',#16111,.T.);
#16111 = EDGE_LOOP('',(#16112,#16113,#16119,#16120));
#16112 = ORIENTED_EDGE('',*,*,#3328,.T.);
#16113 = ORIENTED_EDGE('',*,*,#16114,.T.);
#16114 = EDGE_CURVE('',#3329,#8810,#16115,.T.);
#16115 = LINE('',#16116,#16117);
#16116 = CARTESIAN_POINT('',(216.7275,-141.915,-4.6E-02));
#16117 = VECTOR('',#16118,1.);
#16118 = DIRECTION('',(0.,0.,1.));
#16119 = ORIENTED_EDGE('',*,*,#8809,.F.);
#16120 = ORIENTED_EDGE('',*,*,#16114,.F.);
#16121 = CYLINDRICAL_SURFACE('',#16122,0.4);
#16122 = AXIS2_PLACEMENT_3D('',#16123,#16124,#16125);
#16123 = CARTESIAN_POINT('',(216.7275,-141.515,-4.6E-02));
#16124 = DIRECTION('',(-0.,-0.,-1.));
#16125 = DIRECTION('',(-0.,-1.,0.));
#16126 = ADVANCED_FACE('',(#16127),#16138,.F.);
#16127 = FACE_BOUND('',#16128,.T.);
#16128 = EDGE_LOOP('',(#16129,#16130,#16136,#16137));
#16129 = ORIENTED_EDGE('',*,*,#3339,.T.);
#16130 = ORIENTED_EDGE('',*,*,#16131,.T.);
#16131 = EDGE_CURVE('',#3340,#8821,#16132,.T.);
#16132 = LINE('',#16133,#16134);
#16133 = CARTESIAN_POINT('',(212.2825,-141.6,-4.6E-02));
#16134 = VECTOR('',#16135,1.);
#16135 = DIRECTION('',(0.,0.,1.));
#16136 = ORIENTED_EDGE('',*,*,#8820,.F.);
#16137 = ORIENTED_EDGE('',*,*,#16131,.F.);
#16138 = CYLINDRICAL_SURFACE('',#16139,0.875);
#16139 = AXIS2_PLACEMENT_3D('',#16140,#16141,#16142);
#16140 = CARTESIAN_POINT('',(212.2825,-140.725,-4.6E-02));
#16141 = DIRECTION('',(-0.,-0.,-1.));
#16142 = DIRECTION('',(-0.,-1.,0.));
#16143 = ADVANCED_FACE('',(#16144),#16155,.F.);
#16144 = FACE_BOUND('',#16145,.T.);
#16145 = EDGE_LOOP('',(#16146,#16147,#16153,#16154));
#16146 = ORIENTED_EDGE('',*,*,#3350,.T.);
#16147 = ORIENTED_EDGE('',*,*,#16148,.T.);
#16148 = EDGE_CURVE('',#3351,#8832,#16149,.T.);
#16149 = LINE('',#16150,#16151);
#16150 = CARTESIAN_POINT('',(203.3925,-139.685,-4.6E-02));
#16151 = VECTOR('',#16152,1.);
#16152 = DIRECTION('',(0.,0.,1.));
#16153 = ORIENTED_EDGE('',*,*,#8831,.F.);
#16154 = ORIENTED_EDGE('',*,*,#16148,.F.);
#16155 = CYLINDRICAL_SURFACE('',#16156,1.5);
#16156 = AXIS2_PLACEMENT_3D('',#16157,#16158,#16159);
#16157 = CARTESIAN_POINT('',(203.3925,-138.185,-4.6E-02));
#16158 = DIRECTION('',(-0.,-0.,-1.));
#16159 = DIRECTION('',(-0.,-1.,0.));
#16160 = ADVANCED_FACE('',(#16161),#16172,.F.);
#16161 = FACE_BOUND('',#16162,.T.);
#16162 = EDGE_LOOP('',(#16163,#16164,#16170,#16171));
#16163 = ORIENTED_EDGE('',*,*,#3361,.T.);
#16164 = ORIENTED_EDGE('',*,*,#16165,.T.);
#16165 = EDGE_CURVE('',#3362,#8843,#16166,.T.);
#16166 = LINE('',#16167,#16168);
#16167 = CARTESIAN_POINT('',(221.1725,-141.6,-4.6E-02));
#16168 = VECTOR('',#16169,1.);
#16169 = DIRECTION('',(0.,0.,1.));
#16170 = ORIENTED_EDGE('',*,*,#8842,.F.);
#16171 = ORIENTED_EDGE('',*,*,#16165,.F.);
#16172 = CYLINDRICAL_SURFACE('',#16173,0.875);
#16173 = AXIS2_PLACEMENT_3D('',#16174,#16175,#16176);
#16174 = CARTESIAN_POINT('',(221.1725,-140.725,-4.6E-02));
#16175 = DIRECTION('',(-0.,-0.,-1.));
#16176 = DIRECTION('',(-0.,-1.,0.));
#16177 = ADVANCED_FACE('',(#16178),#16189,.F.);
#16178 = FACE_BOUND('',#16179,.T.);
#16179 = EDGE_LOOP('',(#16180,#16181,#16187,#16188));
#16180 = ORIENTED_EDGE('',*,*,#3372,.T.);
#16181 = ORIENTED_EDGE('',*,*,#16182,.T.);
#16182 = EDGE_CURVE('',#3373,#8854,#16183,.T.);
#16183 = LINE('',#16184,#16185);
#16184 = CARTESIAN_POINT('',(226.2525,-142.7189,-4.6E-02));
#16185 = VECTOR('',#16186,1.);
#16186 = DIRECTION('',(0.,0.,1.));
#16187 = ORIENTED_EDGE('',*,*,#8853,.F.);
#16188 = ORIENTED_EDGE('',*,*,#16182,.F.);
#16189 = CYLINDRICAL_SURFACE('',#16190,1.9939);
#16190 = AXIS2_PLACEMENT_3D('',#16191,#16192,#16193);
#16191 = CARTESIAN_POINT('',(226.2525,-140.725,-4.6E-02));
#16192 = DIRECTION('',(-0.,-0.,-1.));
#16193 = DIRECTION('',(-0.,-1.,0.));
#16194 = ADVANCED_FACE('',(#16195),#16206,.F.);
#16195 = FACE_BOUND('',#16196,.T.);
#16196 = EDGE_LOOP('',(#16197,#16198,#16204,#16205));
#16197 = ORIENTED_EDGE('',*,*,#3383,.T.);
#16198 = ORIENTED_EDGE('',*,*,#16199,.T.);
#16199 = EDGE_CURVE('',#3384,#8865,#16200,.T.);
#16200 = LINE('',#16201,#16202);
#16201 = CARTESIAN_POINT('',(235.7775,-141.915,-4.6E-02));
#16202 = VECTOR('',#16203,1.);
#16203 = DIRECTION('',(0.,0.,1.));
#16204 = ORIENTED_EDGE('',*,*,#8864,.F.);
#16205 = ORIENTED_EDGE('',*,*,#16199,.F.);
#16206 = CYLINDRICAL_SURFACE('',#16207,0.4);
#16207 = AXIS2_PLACEMENT_3D('',#16208,#16209,#16210);
#16208 = CARTESIAN_POINT('',(235.7775,-141.515,-4.6E-02));
#16209 = DIRECTION('',(-0.,-0.,-1.));
#16210 = DIRECTION('',(-0.,-1.,0.));
#16211 = ADVANCED_FACE('',(#16212),#16223,.F.);
#16212 = FACE_BOUND('',#16213,.T.);
#16213 = EDGE_LOOP('',(#16214,#16215,#16221,#16222));
#16214 = ORIENTED_EDGE('',*,*,#3394,.T.);
#16215 = ORIENTED_EDGE('',*,*,#16216,.T.);
#16216 = EDGE_CURVE('',#3395,#8876,#16217,.T.);
#16217 = LINE('',#16218,#16219);
#16218 = CARTESIAN_POINT('',(231.3325,-141.6,-4.6E-02));
#16219 = VECTOR('',#16220,1.);
#16220 = DIRECTION('',(0.,0.,1.));
#16221 = ORIENTED_EDGE('',*,*,#8875,.F.);
#16222 = ORIENTED_EDGE('',*,*,#16216,.F.);
#16223 = CYLINDRICAL_SURFACE('',#16224,0.875);
#16224 = AXIS2_PLACEMENT_3D('',#16225,#16226,#16227);
#16225 = CARTESIAN_POINT('',(231.3325,-140.725,-4.6E-02));
#16226 = DIRECTION('',(-0.,-0.,-1.));
#16227 = DIRECTION('',(-0.,-1.,0.));
#16228 = ADVANCED_FACE('',(#16229),#16240,.F.);
#16229 = FACE_BOUND('',#16230,.T.);
#16230 = EDGE_LOOP('',(#16231,#16232,#16238,#16239));
#16231 = ORIENTED_EDGE('',*,*,#3405,.T.);
#16232 = ORIENTED_EDGE('',*,*,#16233,.T.);
#16233 = EDGE_CURVE('',#3406,#8887,#16234,.T.);
#16234 = LINE('',#16235,#16236);
#16235 = CARTESIAN_POINT('',(222.4425,-139.685,-4.6E-02));
#16236 = VECTOR('',#16237,1.);
#16237 = DIRECTION('',(0.,0.,1.));
#16238 = ORIENTED_EDGE('',*,*,#8886,.F.);
#16239 = ORIENTED_EDGE('',*,*,#16233,.F.);
#16240 = CYLINDRICAL_SURFACE('',#16241,1.5);
#16241 = AXIS2_PLACEMENT_3D('',#16242,#16243,#16244);
#16242 = CARTESIAN_POINT('',(222.4425,-138.185,-4.6E-02));
#16243 = DIRECTION('',(-0.,-0.,-1.));
#16244 = DIRECTION('',(-0.,-1.,0.));
#16245 = ADVANCED_FACE('',(#16246),#16257,.F.);
#16246 = FACE_BOUND('',#16247,.T.);
#16247 = EDGE_LOOP('',(#16248,#16249,#16255,#16256));
#16248 = ORIENTED_EDGE('',*,*,#3416,.T.);
#16249 = ORIENTED_EDGE('',*,*,#16250,.T.);
#16250 = EDGE_CURVE('',#3417,#8898,#16251,.T.);
#16251 = LINE('',#16252,#16253);
#16252 = CARTESIAN_POINT('',(109.73,-137.145,-4.6E-02));
#16253 = VECTOR('',#16254,1.);
#16254 = DIRECTION('',(0.,0.,1.));
#16255 = ORIENTED_EDGE('',*,*,#8897,.F.);
#16256 = ORIENTED_EDGE('',*,*,#16250,.F.);
#16257 = CYLINDRICAL_SURFACE('',#16258,1.5);
#16258 = AXIS2_PLACEMENT_3D('',#16259,#16260,#16261);
#16259 = CARTESIAN_POINT('',(109.73,-135.645,-4.6E-02));
#16260 = DIRECTION('',(-0.,-0.,-1.));
#16261 = DIRECTION('',(-0.,-1.,0.));
#16262 = ADVANCED_FACE('',(#16263),#16274,.F.);
#16263 = FACE_BOUND('',#16264,.T.);
#16264 = EDGE_LOOP('',(#16265,#16266,#16272,#16273));
#16265 = ORIENTED_EDGE('',*,*,#3427,.T.);
#16266 = ORIENTED_EDGE('',*,*,#16267,.T.);
#16267 = EDGE_CURVE('',#3428,#8909,#16268,.T.);
#16268 = LINE('',#16269,#16270);
#16269 = CARTESIAN_POINT('',(121.158,-133.684,-4.6E-02));
#16270 = VECTOR('',#16271,1.);
#16271 = DIRECTION('',(0.,0.,1.));
#16272 = ORIENTED_EDGE('',*,*,#8908,.F.);
#16273 = ORIENTED_EDGE('',*,*,#16267,.F.);
#16274 = CYLINDRICAL_SURFACE('',#16275,1.35);
#16275 = AXIS2_PLACEMENT_3D('',#16276,#16277,#16278);
#16276 = CARTESIAN_POINT('',(121.158,-132.334,-4.6E-02));
#16277 = DIRECTION('',(-0.,-0.,-1.));
#16278 = DIRECTION('',(-0.,-1.,0.));
#16279 = ADVANCED_FACE('',(#16280),#16291,.F.);
#16280 = FACE_BOUND('',#16281,.T.);
#16281 = EDGE_LOOP('',(#16282,#16283,#16289,#16290));
#16282 = ORIENTED_EDGE('',*,*,#3438,.T.);
#16283 = ORIENTED_EDGE('',*,*,#16284,.T.);
#16284 = EDGE_CURVE('',#3439,#8920,#16285,.T.);
#16285 = LINE('',#16286,#16287);
#16286 = CARTESIAN_POINT('',(111.9475,-130.485,-4.6E-02));
#16287 = VECTOR('',#16288,1.);
#16288 = DIRECTION('',(0.,0.,1.));
#16289 = ORIENTED_EDGE('',*,*,#8919,.F.);
#16290 = ORIENTED_EDGE('',*,*,#16284,.F.);
#16291 = CYLINDRICAL_SURFACE('',#16292,0.4);
#16292 = AXIS2_PLACEMENT_3D('',#16293,#16294,#16295);
#16293 = CARTESIAN_POINT('',(111.9475,-130.085,-4.6E-02));
#16294 = DIRECTION('',(-0.,0.,-1.));
#16295 = DIRECTION('',(3.5527136788E-14,-1.,-0.));
#16296 = ADVANCED_FACE('',(#16297),#16308,.F.);
#16297 = FACE_BOUND('',#16298,.T.);
#16298 = EDGE_LOOP('',(#16299,#16300,#16306,#16307));
#16299 = ORIENTED_EDGE('',*,*,#3449,.T.);
#16300 = ORIENTED_EDGE('',*,*,#16301,.T.);
#16301 = EDGE_CURVE('',#3450,#8931,#16302,.T.);
#16302 = LINE('',#16303,#16304);
#16303 = CARTESIAN_POINT('',(130.9975,-130.485,-4.6E-02));
#16304 = VECTOR('',#16305,1.);
#16305 = DIRECTION('',(0.,0.,1.));
#16306 = ORIENTED_EDGE('',*,*,#8930,.F.);
#16307 = ORIENTED_EDGE('',*,*,#16301,.F.);
#16308 = CYLINDRICAL_SURFACE('',#16309,0.4);
#16309 = AXIS2_PLACEMENT_3D('',#16310,#16311,#16312);
#16310 = CARTESIAN_POINT('',(130.9975,-130.085,-4.6E-02));
#16311 = DIRECTION('',(-0.,-0.,-1.));
#16312 = DIRECTION('',(-0.,-1.,0.));
#16313 = ADVANCED_FACE('',(#16314),#16325,.F.);
#16314 = FACE_BOUND('',#16315,.T.);
#16315 = EDGE_LOOP('',(#16316,#16317,#16323,#16324));
#16316 = ORIENTED_EDGE('',*,*,#3460,.T.);
#16317 = ORIENTED_EDGE('',*,*,#16318,.T.);
#16318 = EDGE_CURVE('',#3461,#8942,#16319,.T.);
#16319 = LINE('',#16320,#16321);
#16320 = CARTESIAN_POINT('',(133.5425,-137.145,-4.6E-02));
#16321 = VECTOR('',#16322,1.);
#16322 = DIRECTION('',(0.,0.,1.));
#16323 = ORIENTED_EDGE('',*,*,#8941,.F.);
#16324 = ORIENTED_EDGE('',*,*,#16318,.F.);
#16325 = CYLINDRICAL_SURFACE('',#16326,1.5);
#16326 = AXIS2_PLACEMENT_3D('',#16327,#16328,#16329);
#16327 = CARTESIAN_POINT('',(133.5425,-135.645,-4.6E-02));
#16328 = DIRECTION('',(-0.,-0.,-1.));
#16329 = DIRECTION('',(-0.,-1.,0.));
#16330 = ADVANCED_FACE('',(#16331),#16342,.F.);
#16331 = FACE_BOUND('',#16332,.T.);
#16332 = EDGE_LOOP('',(#16333,#16334,#16340,#16341));
#16333 = ORIENTED_EDGE('',*,*,#3471,.T.);
#16334 = ORIENTED_EDGE('',*,*,#16335,.T.);
#16335 = EDGE_CURVE('',#3472,#8953,#16336,.T.);
#16336 = LINE('',#16337,#16338);
#16337 = CARTESIAN_POINT('',(152.5925,-137.145,-4.6E-02));
#16338 = VECTOR('',#16339,1.);
#16339 = DIRECTION('',(0.,0.,1.));
#16340 = ORIENTED_EDGE('',*,*,#8952,.F.);
#16341 = ORIENTED_EDGE('',*,*,#16335,.F.);
#16342 = CYLINDRICAL_SURFACE('',#16343,1.5);
#16343 = AXIS2_PLACEMENT_3D('',#16344,#16345,#16346);
#16344 = CARTESIAN_POINT('',(152.5925,-135.645,-4.6E-02));
#16345 = DIRECTION('',(-0.,-0.,-1.));
#16346 = DIRECTION('',(-0.,-1.,0.));
#16347 = ADVANCED_FACE('',(#16348),#16359,.F.);
#16348 = FACE_BOUND('',#16349,.T.);
#16349 = EDGE_LOOP('',(#16350,#16351,#16357,#16358));
#16350 = ORIENTED_EDGE('',*,*,#3482,.T.);
#16351 = ORIENTED_EDGE('',*,*,#16352,.T.);
#16352 = EDGE_CURVE('',#3483,#8964,#16353,.T.);
#16353 = LINE('',#16354,#16355);
#16354 = CARTESIAN_POINT('',(150.0475,-130.485,-4.6E-02));
#16355 = VECTOR('',#16356,1.);
#16356 = DIRECTION('',(0.,0.,1.));
#16357 = ORIENTED_EDGE('',*,*,#8963,.F.);
#16358 = ORIENTED_EDGE('',*,*,#16352,.F.);
#16359 = CYLINDRICAL_SURFACE('',#16360,0.4);
#16360 = AXIS2_PLACEMENT_3D('',#16361,#16362,#16363);
#16361 = CARTESIAN_POINT('',(150.0475,-130.085,-4.6E-02));
#16362 = DIRECTION('',(-0.,-0.,-1.));
#16363 = DIRECTION('',(-0.,-1.,0.));
#16364 = ADVANCED_FACE('',(#16365),#16376,.F.);
#16365 = FACE_BOUND('',#16366,.T.);
#16366 = EDGE_LOOP('',(#16367,#16368,#16374,#16375));
#16367 = ORIENTED_EDGE('',*,*,#3493,.T.);
#16368 = ORIENTED_EDGE('',*,*,#16369,.T.);
#16369 = EDGE_CURVE('',#3494,#8975,#16370,.T.);
#16370 = LINE('',#16371,#16372);
#16371 = CARTESIAN_POINT('',(111.9475,-122.865,-4.6E-02));
#16372 = VECTOR('',#16373,1.);
#16373 = DIRECTION('',(0.,0.,1.));
#16374 = ORIENTED_EDGE('',*,*,#8974,.F.);
#16375 = ORIENTED_EDGE('',*,*,#16369,.F.);
#16376 = CYLINDRICAL_SURFACE('',#16377,0.4);
#16377 = AXIS2_PLACEMENT_3D('',#16378,#16379,#16380);
#16378 = CARTESIAN_POINT('',(111.9475,-122.465,-4.6E-02));
#16379 = DIRECTION('',(-0.,0.,-1.));
#16380 = DIRECTION('',(3.5527136788E-14,-1.,-0.));
#16381 = ADVANCED_FACE('',(#16382),#16393,.F.);
#16382 = FACE_BOUND('',#16383,.T.);
#16383 = EDGE_LOOP('',(#16384,#16385,#16391,#16392));
#16384 = ORIENTED_EDGE('',*,*,#3504,.T.);
#16385 = ORIENTED_EDGE('',*,*,#16386,.T.);
#16386 = EDGE_CURVE('',#3505,#8986,#16387,.T.);
#16387 = LINE('',#16388,#16389);
#16388 = CARTESIAN_POINT('',(97.3475,-122.55,-4.6E-02));
#16389 = VECTOR('',#16390,1.);
#16390 = DIRECTION('',(0.,0.,1.));
#16391 = ORIENTED_EDGE('',*,*,#8985,.F.);
#16392 = ORIENTED_EDGE('',*,*,#16386,.F.);
#16393 = CYLINDRICAL_SURFACE('',#16394,0.875);
#16394 = AXIS2_PLACEMENT_3D('',#16395,#16396,#16397);
#16395 = CARTESIAN_POINT('',(97.3475,-121.675,-4.6E-02));
#16396 = DIRECTION('',(-0.,-0.,-1.));
#16397 = DIRECTION('',(-0.,-1.,0.));
#16398 = ADVANCED_FACE('',(#16399),#16410,.F.);
#16399 = FACE_BOUND('',#16400,.T.);
#16400 = EDGE_LOOP('',(#16401,#16402,#16408,#16409));
#16401 = ORIENTED_EDGE('',*,*,#3515,.T.);
#16402 = ORIENTED_EDGE('',*,*,#16403,.T.);
#16403 = EDGE_CURVE('',#3516,#8997,#16404,.T.);
#16404 = LINE('',#16405,#16406);
#16405 = CARTESIAN_POINT('',(102.4275,-123.6689,-4.6E-02));
#16406 = VECTOR('',#16407,1.);
#16407 = DIRECTION('',(0.,0.,1.));
#16408 = ORIENTED_EDGE('',*,*,#8996,.F.);
#16409 = ORIENTED_EDGE('',*,*,#16403,.F.);
#16410 = CYLINDRICAL_SURFACE('',#16411,1.9939);
#16411 = AXIS2_PLACEMENT_3D('',#16412,#16413,#16414);
#16412 = CARTESIAN_POINT('',(102.4275,-121.675,-4.6E-02));
#16413 = DIRECTION('',(-0.,-0.,-1.));
#16414 = DIRECTION('',(-7.127165211496E-15,-1.,0.));
#16415 = ADVANCED_FACE('',(#16416),#16427,.F.);
#16416 = FACE_BOUND('',#16417,.T.);
#16417 = EDGE_LOOP('',(#16418,#16419,#16425,#16426));
#16418 = ORIENTED_EDGE('',*,*,#3526,.T.);
#16419 = ORIENTED_EDGE('',*,*,#16420,.T.);
#16420 = EDGE_CURVE('',#3527,#9008,#16421,.T.);
#16421 = LINE('',#16422,#16423);
#16422 = CARTESIAN_POINT('',(98.6175,-120.635,-4.6E-02));
#16423 = VECTOR('',#16424,1.);
#16424 = DIRECTION('',(0.,0.,1.));
#16425 = ORIENTED_EDGE('',*,*,#9007,.F.);
#16426 = ORIENTED_EDGE('',*,*,#16420,.F.);
#16427 = CYLINDRICAL_SURFACE('',#16428,1.5);
#16428 = AXIS2_PLACEMENT_3D('',#16429,#16430,#16431);
#16429 = CARTESIAN_POINT('',(98.6175,-119.135,-4.6E-02));
#16430 = DIRECTION('',(-0.,-0.,-1.));
#16431 = DIRECTION('',(-0.,-1.,0.));
#16432 = ADVANCED_FACE('',(#16433),#16444,.F.);
#16433 = FACE_BOUND('',#16434,.T.);
#16434 = EDGE_LOOP('',(#16435,#16436,#16442,#16443));
#16435 = ORIENTED_EDGE('',*,*,#3537,.T.);
#16436 = ORIENTED_EDGE('',*,*,#16437,.T.);
#16437 = EDGE_CURVE('',#3538,#9019,#16438,.T.);
#16438 = LINE('',#16439,#16440);
#16439 = CARTESIAN_POINT('',(107.5075,-122.55,-4.6E-02));
#16440 = VECTOR('',#16441,1.);
#16441 = DIRECTION('',(0.,0.,1.));
#16442 = ORIENTED_EDGE('',*,*,#9018,.F.);
#16443 = ORIENTED_EDGE('',*,*,#16437,.F.);
#16444 = CYLINDRICAL_SURFACE('',#16445,0.875);
#16445 = AXIS2_PLACEMENT_3D('',#16446,#16447,#16448);
#16446 = CARTESIAN_POINT('',(107.5075,-121.675,-4.6E-02));
#16447 = DIRECTION('',(-0.,-0.,-1.));
#16448 = DIRECTION('',(-0.,-1.,0.));
#16449 = ADVANCED_FACE('',(#16450),#16461,.F.);
#16450 = FACE_BOUND('',#16451,.T.);
#16451 = EDGE_LOOP('',(#16452,#16453,#16459,#16460));
#16452 = ORIENTED_EDGE('',*,*,#3548,.T.);
#16453 = ORIENTED_EDGE('',*,*,#16454,.T.);
#16454 = EDGE_CURVE('',#3549,#9030,#16455,.T.);
#16455 = LINE('',#16456,#16457);
#16456 = CARTESIAN_POINT('',(130.9975,-122.865,-4.6E-02));
#16457 = VECTOR('',#16458,1.);
#16458 = DIRECTION('',(0.,0.,1.));
#16459 = ORIENTED_EDGE('',*,*,#9029,.F.);
#16460 = ORIENTED_EDGE('',*,*,#16454,.F.);
#16461 = CYLINDRICAL_SURFACE('',#16462,0.4);
#16462 = AXIS2_PLACEMENT_3D('',#16463,#16464,#16465);
#16463 = CARTESIAN_POINT('',(130.9975,-122.465,-4.6E-02));
#16464 = DIRECTION('',(-0.,-0.,-1.));
#16465 = DIRECTION('',(-0.,-1.,0.));
#16466 = ADVANCED_FACE('',(#16467),#16478,.F.);
#16467 = FACE_BOUND('',#16468,.T.);
#16468 = EDGE_LOOP('',(#16469,#16470,#16476,#16477));
#16469 = ORIENTED_EDGE('',*,*,#3559,.T.);
#16470 = ORIENTED_EDGE('',*,*,#16471,.T.);
#16471 = EDGE_CURVE('',#3560,#9041,#16472,.T.);
#16472 = LINE('',#16473,#16474);
#16473 = CARTESIAN_POINT('',(116.3975,-122.55,-4.6E-02));
#16474 = VECTOR('',#16475,1.);
#16475 = DIRECTION('',(0.,0.,1.));
#16476 = ORIENTED_EDGE('',*,*,#9040,.F.);
#16477 = ORIENTED_EDGE('',*,*,#16471,.F.);
#16478 = CYLINDRICAL_SURFACE('',#16479,0.875);
#16479 = AXIS2_PLACEMENT_3D('',#16480,#16481,#16482);
#16480 = CARTESIAN_POINT('',(116.3975,-121.675,-4.6E-02));
#16481 = DIRECTION('',(-0.,-0.,-1.));
#16482 = DIRECTION('',(-0.,-1.,0.));
#16483 = ADVANCED_FACE('',(#16484),#16495,.F.);
#16484 = FACE_BOUND('',#16485,.T.);
#16485 = EDGE_LOOP('',(#16486,#16487,#16493,#16494));
#16486 = ORIENTED_EDGE('',*,*,#3570,.T.);
#16487 = ORIENTED_EDGE('',*,*,#16488,.T.);
#16488 = EDGE_CURVE('',#3571,#9052,#16489,.T.);
#16489 = LINE('',#16490,#16491);
#16490 = CARTESIAN_POINT('',(121.4775,-123.6689,-4.6E-02));
#16491 = VECTOR('',#16492,1.);
#16492 = DIRECTION('',(0.,0.,1.));
#16493 = ORIENTED_EDGE('',*,*,#9051,.F.);
#16494 = ORIENTED_EDGE('',*,*,#16488,.F.);
#16495 = CYLINDRICAL_SURFACE('',#16496,1.9939);
#16496 = AXIS2_PLACEMENT_3D('',#16497,#16498,#16499);
#16497 = CARTESIAN_POINT('',(121.4775,-121.675,-4.6E-02));
#16498 = DIRECTION('',(-0.,0.,-1.));
#16499 = DIRECTION('',(7.127165211496E-15,-1.,-0.));
#16500 = ADVANCED_FACE('',(#16501),#16512,.F.);
#16501 = FACE_BOUND('',#16502,.T.);
#16502 = EDGE_LOOP('',(#16503,#16504,#16510,#16511));
#16503 = ORIENTED_EDGE('',*,*,#3581,.T.);
#16504 = ORIENTED_EDGE('',*,*,#16505,.T.);
#16505 = EDGE_CURVE('',#3582,#9063,#16506,.T.);
#16506 = LINE('',#16507,#16508);
#16507 = CARTESIAN_POINT('',(117.6675,-120.635,-4.6E-02));
#16508 = VECTOR('',#16509,1.);
#16509 = DIRECTION('',(0.,0.,1.));
#16510 = ORIENTED_EDGE('',*,*,#9062,.F.);
#16511 = ORIENTED_EDGE('',*,*,#16505,.F.);
#16512 = CYLINDRICAL_SURFACE('',#16513,1.5);
#16513 = AXIS2_PLACEMENT_3D('',#16514,#16515,#16516);
#16514 = CARTESIAN_POINT('',(117.6675,-119.135,-4.6E-02));
#16515 = DIRECTION('',(-0.,-0.,-1.));
#16516 = DIRECTION('',(-0.,-1.,0.));
#16517 = ADVANCED_FACE('',(#16518),#16529,.F.);
#16518 = FACE_BOUND('',#16519,.T.);
#16519 = EDGE_LOOP('',(#16520,#16521,#16527,#16528));
#16520 = ORIENTED_EDGE('',*,*,#3592,.T.);
#16521 = ORIENTED_EDGE('',*,*,#16522,.T.);
#16522 = EDGE_CURVE('',#3593,#9074,#16523,.T.);
#16523 = LINE('',#16524,#16525);
#16524 = CARTESIAN_POINT('',(126.5575,-122.55,-4.6E-02));
#16525 = VECTOR('',#16526,1.);
#16526 = DIRECTION('',(0.,0.,1.));
#16527 = ORIENTED_EDGE('',*,*,#9073,.F.);
#16528 = ORIENTED_EDGE('',*,*,#16522,.F.);
#16529 = CYLINDRICAL_SURFACE('',#16530,0.875);
#16530 = AXIS2_PLACEMENT_3D('',#16531,#16532,#16533);
#16531 = CARTESIAN_POINT('',(126.5575,-121.675,-4.6E-02));
#16532 = DIRECTION('',(-0.,-0.,-1.));
#16533 = DIRECTION('',(-0.,-1.,0.));
#16534 = ADVANCED_FACE('',(#16535),#16546,.F.);
#16535 = FACE_BOUND('',#16536,.T.);
#16536 = EDGE_LOOP('',(#16537,#16538,#16544,#16545));
#16537 = ORIENTED_EDGE('',*,*,#3603,.T.);
#16538 = ORIENTED_EDGE('',*,*,#16539,.T.);
#16539 = EDGE_CURVE('',#3604,#9085,#16540,.T.);
#16540 = LINE('',#16541,#16542);
#16541 = CARTESIAN_POINT('',(104.9675,-118.095,-4.6E-02));
#16542 = VECTOR('',#16543,1.);
#16543 = DIRECTION('',(0.,0.,1.));
#16544 = ORIENTED_EDGE('',*,*,#9084,.F.);
#16545 = ORIENTED_EDGE('',*,*,#16539,.F.);
#16546 = CYLINDRICAL_SURFACE('',#16547,1.5);
#16547 = AXIS2_PLACEMENT_3D('',#16548,#16549,#16550);
#16548 = CARTESIAN_POINT('',(104.9675,-116.595,-4.6E-02));
#16549 = DIRECTION('',(-0.,-0.,-1.));
#16550 = DIRECTION('',(-0.,-1.,0.));
#16551 = ADVANCED_FACE('',(#16552),#16563,.F.);
#16552 = FACE_BOUND('',#16553,.T.);
#16553 = EDGE_LOOP('',(#16554,#16555,#16561,#16562));
#16554 = ORIENTED_EDGE('',*,*,#3614,.T.);
#16555 = ORIENTED_EDGE('',*,*,#16556,.T.);
#16556 = EDGE_CURVE('',#3615,#9096,#16557,.T.);
#16557 = LINE('',#16558,#16559);
#16558 = CARTESIAN_POINT('',(124.0175,-118.095,-4.6E-02));
#16559 = VECTOR('',#16560,1.);
#16560 = DIRECTION('',(0.,0.,1.));
#16561 = ORIENTED_EDGE('',*,*,#9095,.F.);
#16562 = ORIENTED_EDGE('',*,*,#16556,.F.);
#16563 = CYLINDRICAL_SURFACE('',#16564,1.5);
#16564 = AXIS2_PLACEMENT_3D('',#16565,#16566,#16567);
#16565 = CARTESIAN_POINT('',(124.0175,-116.595,-4.6E-02));
#16566 = DIRECTION('',(-0.,-0.,-1.));
#16567 = DIRECTION('',(-0.,-1.,0.));
#16568 = ADVANCED_FACE('',(#16569),#16580,.F.);
#16569 = FACE_BOUND('',#16570,.T.);
#16570 = EDGE_LOOP('',(#16571,#16572,#16578,#16579));
#16571 = ORIENTED_EDGE('',*,*,#3625,.T.);
#16572 = ORIENTED_EDGE('',*,*,#16573,.T.);
#16573 = EDGE_CURVE('',#3626,#9107,#16574,.T.);
#16574 = LINE('',#16575,#16576);
#16575 = CARTESIAN_POINT('',(135.4475,-122.55,-4.6E-02));
#16576 = VECTOR('',#16577,1.);
#16577 = DIRECTION('',(0.,0.,1.));
#16578 = ORIENTED_EDGE('',*,*,#9106,.F.);
#16579 = ORIENTED_EDGE('',*,*,#16573,.F.);
#16580 = CYLINDRICAL_SURFACE('',#16581,0.875);
#16581 = AXIS2_PLACEMENT_3D('',#16582,#16583,#16584);
#16582 = CARTESIAN_POINT('',(135.4475,-121.675,-4.6E-02));
#16583 = DIRECTION('',(-0.,-0.,-1.));
#16584 = DIRECTION('',(-0.,-1.,0.));
#16585 = ADVANCED_FACE('',(#16586),#16597,.F.);
#16586 = FACE_BOUND('',#16587,.T.);
#16587 = EDGE_LOOP('',(#16588,#16589,#16595,#16596));
#16588 = ORIENTED_EDGE('',*,*,#3636,.T.);
#16589 = ORIENTED_EDGE('',*,*,#16590,.T.);
#16590 = EDGE_CURVE('',#3637,#9118,#16591,.T.);
#16591 = LINE('',#16592,#16593);
#16592 = CARTESIAN_POINT('',(136.7175,-120.635,-4.6E-02));
#16593 = VECTOR('',#16594,1.);
#16594 = DIRECTION('',(0.,0.,1.));
#16595 = ORIENTED_EDGE('',*,*,#9117,.F.);
#16596 = ORIENTED_EDGE('',*,*,#16590,.F.);
#16597 = CYLINDRICAL_SURFACE('',#16598,1.5);
#16598 = AXIS2_PLACEMENT_3D('',#16599,#16600,#16601);
#16599 = CARTESIAN_POINT('',(136.7175,-119.135,-4.6E-02));
#16600 = DIRECTION('',(-0.,-0.,-1.));
#16601 = DIRECTION('',(-0.,-1.,0.));
#16602 = ADVANCED_FACE('',(#16603),#16614,.F.);
#16603 = FACE_BOUND('',#16604,.T.);
#16604 = EDGE_LOOP('',(#16605,#16606,#16612,#16613));
#16605 = ORIENTED_EDGE('',*,*,#3647,.T.);
#16606 = ORIENTED_EDGE('',*,*,#16607,.T.);
#16607 = EDGE_CURVE('',#3648,#9129,#16608,.T.);
#16608 = LINE('',#16609,#16610);
#16609 = CARTESIAN_POINT('',(140.5275,-123.6689,-4.6E-02));
#16610 = VECTOR('',#16611,1.);
#16611 = DIRECTION('',(0.,0.,1.));
#16612 = ORIENTED_EDGE('',*,*,#9128,.F.);
#16613 = ORIENTED_EDGE('',*,*,#16607,.F.);
#16614 = CYLINDRICAL_SURFACE('',#16615,1.9939);
#16615 = AXIS2_PLACEMENT_3D('',#16616,#16617,#16618);
#16616 = CARTESIAN_POINT('',(140.5275,-121.675,-4.6E-02));
#16617 = DIRECTION('',(-0.,-0.,-1.));
#16618 = DIRECTION('',(-0.,-1.,0.));
#16619 = ADVANCED_FACE('',(#16620),#16631,.F.);
#16620 = FACE_BOUND('',#16621,.T.);
#16621 = EDGE_LOOP('',(#16622,#16623,#16629,#16630));
#16622 = ORIENTED_EDGE('',*,*,#3658,.T.);
#16623 = ORIENTED_EDGE('',*,*,#16624,.T.);
#16624 = EDGE_CURVE('',#3659,#9140,#16625,.T.);
#16625 = LINE('',#16626,#16627);
#16626 = CARTESIAN_POINT('',(145.6075,-122.55,-4.6E-02));
#16627 = VECTOR('',#16628,1.);
#16628 = DIRECTION('',(0.,0.,1.));
#16629 = ORIENTED_EDGE('',*,*,#9139,.F.);
#16630 = ORIENTED_EDGE('',*,*,#16624,.F.);
#16631 = CYLINDRICAL_SURFACE('',#16632,0.875);
#16632 = AXIS2_PLACEMENT_3D('',#16633,#16634,#16635);
#16633 = CARTESIAN_POINT('',(145.6075,-121.675,-4.6E-02));
#16634 = DIRECTION('',(-0.,-0.,-1.));
#16635 = DIRECTION('',(-0.,-1.,0.));
#16636 = ADVANCED_FACE('',(#16637),#16648,.F.);
#16637 = FACE_BOUND('',#16638,.T.);
#16638 = EDGE_LOOP('',(#16639,#16640,#16646,#16647));
#16639 = ORIENTED_EDGE('',*,*,#3669,.T.);
#16640 = ORIENTED_EDGE('',*,*,#16641,.T.);
#16641 = EDGE_CURVE('',#3670,#9151,#16642,.T.);
#16642 = LINE('',#16643,#16644);
#16643 = CARTESIAN_POINT('',(150.0475,-122.865,-4.6E-02));
#16644 = VECTOR('',#16645,1.);
#16645 = DIRECTION('',(0.,0.,1.));
#16646 = ORIENTED_EDGE('',*,*,#9150,.F.);
#16647 = ORIENTED_EDGE('',*,*,#16641,.F.);
#16648 = CYLINDRICAL_SURFACE('',#16649,0.4);
#16649 = AXIS2_PLACEMENT_3D('',#16650,#16651,#16652);
#16650 = CARTESIAN_POINT('',(150.0475,-122.465,-4.6E-02));
#16651 = DIRECTION('',(-0.,-0.,-1.));
#16652 = DIRECTION('',(-0.,-1.,0.));
#16653 = ADVANCED_FACE('',(#16654),#16665,.F.);
#16654 = FACE_BOUND('',#16655,.T.);
#16655 = EDGE_LOOP('',(#16656,#16657,#16663,#16664));
#16656 = ORIENTED_EDGE('',*,*,#3680,.T.);
#16657 = ORIENTED_EDGE('',*,*,#16658,.T.);
#16658 = EDGE_CURVE('',#3681,#9162,#16659,.T.);
#16659 = LINE('',#16660,#16661);
#16660 = CARTESIAN_POINT('',(154.4975,-122.55,-4.6E-02));
#16661 = VECTOR('',#16662,1.);
#16662 = DIRECTION('',(0.,0.,1.));
#16663 = ORIENTED_EDGE('',*,*,#9161,.F.);
#16664 = ORIENTED_EDGE('',*,*,#16658,.F.);
#16665 = CYLINDRICAL_SURFACE('',#16666,0.875);
#16666 = AXIS2_PLACEMENT_3D('',#16667,#16668,#16669);
#16667 = CARTESIAN_POINT('',(154.4975,-121.675,-4.6E-02));
#16668 = DIRECTION('',(-0.,-0.,-1.));
#16669 = DIRECTION('',(-0.,-1.,0.));
#16670 = ADVANCED_FACE('',(#16671),#16682,.F.);
#16671 = FACE_BOUND('',#16672,.T.);
#16672 = EDGE_LOOP('',(#16673,#16674,#16680,#16681));
#16673 = ORIENTED_EDGE('',*,*,#3691,.T.);
#16674 = ORIENTED_EDGE('',*,*,#16675,.T.);
#16675 = EDGE_CURVE('',#3692,#9173,#16676,.T.);
#16676 = LINE('',#16677,#16678);
#16677 = CARTESIAN_POINT('',(155.7675,-120.635,-4.6E-02));
#16678 = VECTOR('',#16679,1.);
#16679 = DIRECTION('',(0.,0.,1.));
#16680 = ORIENTED_EDGE('',*,*,#9172,.F.);
#16681 = ORIENTED_EDGE('',*,*,#16675,.F.);
#16682 = CYLINDRICAL_SURFACE('',#16683,1.5);
#16683 = AXIS2_PLACEMENT_3D('',#16684,#16685,#16686);
#16684 = CARTESIAN_POINT('',(155.7675,-119.135,-4.6E-02));
#16685 = DIRECTION('',(-0.,-0.,-1.));
#16686 = DIRECTION('',(-0.,-1.,0.));
#16687 = ADVANCED_FACE('',(#16688),#16699,.F.);
#16688 = FACE_BOUND('',#16689,.T.);
#16689 = EDGE_LOOP('',(#16690,#16691,#16697,#16698));
#16690 = ORIENTED_EDGE('',*,*,#3702,.T.);
#16691 = ORIENTED_EDGE('',*,*,#16692,.T.);
#16692 = EDGE_CURVE('',#3703,#9184,#16693,.T.);
#16693 = LINE('',#16694,#16695);
#16694 = CARTESIAN_POINT('',(159.5775,-123.6689,-4.6E-02));
#16695 = VECTOR('',#16696,1.);
#16696 = DIRECTION('',(0.,0.,1.));
#16697 = ORIENTED_EDGE('',*,*,#9183,.F.);
#16698 = ORIENTED_EDGE('',*,*,#16692,.F.);
#16699 = CYLINDRICAL_SURFACE('',#16700,1.9939);
#16700 = AXIS2_PLACEMENT_3D('',#16701,#16702,#16703);
#16701 = CARTESIAN_POINT('',(159.5775,-121.675,-4.6E-02));
#16702 = DIRECTION('',(-0.,-0.,-1.));
#16703 = DIRECTION('',(-0.,-1.,0.));
#16704 = ADVANCED_FACE('',(#16705),#16716,.F.);
#16705 = FACE_BOUND('',#16706,.T.);
#16706 = EDGE_LOOP('',(#16707,#16708,#16714,#16715));
#16707 = ORIENTED_EDGE('',*,*,#3713,.T.);
#16708 = ORIENTED_EDGE('',*,*,#16709,.T.);
#16709 = EDGE_CURVE('',#3714,#9195,#16710,.T.);
#16710 = LINE('',#16711,#16712);
#16711 = CARTESIAN_POINT('',(164.6575,-122.55,-4.6E-02));
#16712 = VECTOR('',#16713,1.);
#16713 = DIRECTION('',(0.,0.,1.));
#16714 = ORIENTED_EDGE('',*,*,#9194,.F.);
#16715 = ORIENTED_EDGE('',*,*,#16709,.F.);
#16716 = CYLINDRICAL_SURFACE('',#16717,0.875);
#16717 = AXIS2_PLACEMENT_3D('',#16718,#16719,#16720);
#16718 = CARTESIAN_POINT('',(164.6575,-121.675,-4.6E-02));
#16719 = DIRECTION('',(-0.,-0.,-1.));
#16720 = DIRECTION('',(-0.,-1.,0.));
#16721 = ADVANCED_FACE('',(#16722),#16733,.F.);
#16722 = FACE_BOUND('',#16723,.T.);
#16723 = EDGE_LOOP('',(#16724,#16725,#16731,#16732));
#16724 = ORIENTED_EDGE('',*,*,#3724,.T.);
#16725 = ORIENTED_EDGE('',*,*,#16726,.T.);
#16726 = EDGE_CURVE('',#3725,#9206,#16727,.T.);
#16727 = LINE('',#16728,#16729);
#16728 = CARTESIAN_POINT('',(143.0675,-118.095,-4.6E-02));
#16729 = VECTOR('',#16730,1.);
#16730 = DIRECTION('',(0.,0.,1.));
#16731 = ORIENTED_EDGE('',*,*,#9205,.F.);
#16732 = ORIENTED_EDGE('',*,*,#16726,.F.);
#16733 = CYLINDRICAL_SURFACE('',#16734,1.5);
#16734 = AXIS2_PLACEMENT_3D('',#16735,#16736,#16737);
#16735 = CARTESIAN_POINT('',(143.0675,-116.595,-4.6E-02));
#16736 = DIRECTION('',(-0.,-0.,-1.));
#16737 = DIRECTION('',(-0.,-1.,0.));
#16738 = ADVANCED_FACE('',(#16739),#16750,.F.);
#16739 = FACE_BOUND('',#16740,.T.);
#16740 = EDGE_LOOP('',(#16741,#16742,#16748,#16749));
#16741 = ORIENTED_EDGE('',*,*,#3735,.T.);
#16742 = ORIENTED_EDGE('',*,*,#16743,.T.);
#16743 = EDGE_CURVE('',#3736,#9217,#16744,.T.);
#16744 = LINE('',#16745,#16746);
#16745 = CARTESIAN_POINT('',(162.1175,-118.095,-4.6E-02));
#16746 = VECTOR('',#16747,1.);
#16747 = DIRECTION('',(0.,0.,1.));
#16748 = ORIENTED_EDGE('',*,*,#9216,.F.);
#16749 = ORIENTED_EDGE('',*,*,#16743,.F.);
#16750 = CYLINDRICAL_SURFACE('',#16751,1.5);
#16751 = AXIS2_PLACEMENT_3D('',#16752,#16753,#16754);
#16752 = CARTESIAN_POINT('',(162.1175,-116.595,-4.6E-02));
#16753 = DIRECTION('',(-0.,-0.,-1.));
#16754 = DIRECTION('',(-0.,-1.,0.));
#16755 = ADVANCED_FACE('',(#16756),#16767,.F.);
#16756 = FACE_BOUND('',#16757,.T.);
#16757 = EDGE_LOOP('',(#16758,#16759,#16765,#16766));
#16758 = ORIENTED_EDGE('',*,*,#3746,.T.);
#16759 = ORIENTED_EDGE('',*,*,#16760,.T.);
#16760 = EDGE_CURVE('',#3747,#9228,#16761,.T.);
#16761 = LINE('',#16762,#16763);
#16762 = CARTESIAN_POINT('',(171.6425,-137.145,-4.6E-02));
#16763 = VECTOR('',#16764,1.);
#16764 = DIRECTION('',(0.,0.,1.));
#16765 = ORIENTED_EDGE('',*,*,#9227,.F.);
#16766 = ORIENTED_EDGE('',*,*,#16760,.F.);
#16767 = CYLINDRICAL_SURFACE('',#16768,1.5);
#16768 = AXIS2_PLACEMENT_3D('',#16769,#16770,#16771);
#16769 = CARTESIAN_POINT('',(171.6425,-135.645,-4.6E-02));
#16770 = DIRECTION('',(-0.,-0.,-1.));
#16771 = DIRECTION('',(-0.,-1.,0.));
#16772 = ADVANCED_FACE('',(#16773),#16784,.F.);
#16773 = FACE_BOUND('',#16774,.T.);
#16774 = EDGE_LOOP('',(#16775,#16776,#16782,#16783));
#16775 = ORIENTED_EDGE('',*,*,#3757,.T.);
#16776 = ORIENTED_EDGE('',*,*,#16777,.T.);
#16777 = EDGE_CURVE('',#3758,#9239,#16778,.T.);
#16778 = LINE('',#16779,#16780);
#16779 = CARTESIAN_POINT('',(190.6925,-137.145,-4.6E-02));
#16780 = VECTOR('',#16781,1.);
#16781 = DIRECTION('',(0.,0.,1.));
#16782 = ORIENTED_EDGE('',*,*,#9238,.F.);
#16783 = ORIENTED_EDGE('',*,*,#16777,.F.);
#16784 = CYLINDRICAL_SURFACE('',#16785,1.5);
#16785 = AXIS2_PLACEMENT_3D('',#16786,#16787,#16788);
#16786 = CARTESIAN_POINT('',(190.6925,-135.645,-4.6E-02));
#16787 = DIRECTION('',(-0.,-0.,-1.));
#16788 = DIRECTION('',(-0.,-1.,0.));
#16789 = ADVANCED_FACE('',(#16790),#16801,.F.);
#16790 = FACE_BOUND('',#16791,.T.);
#16791 = EDGE_LOOP('',(#16792,#16793,#16799,#16800));
#16792 = ORIENTED_EDGE('',*,*,#3768,.T.);
#16793 = ORIENTED_EDGE('',*,*,#16794,.T.);
#16794 = EDGE_CURVE('',#3769,#9250,#16795,.T.);
#16795 = LINE('',#16796,#16797);
#16796 = CARTESIAN_POINT('',(169.0975,-130.485,-4.6E-02));
#16797 = VECTOR('',#16798,1.);
#16798 = DIRECTION('',(0.,0.,1.));
#16799 = ORIENTED_EDGE('',*,*,#9249,.F.);
#16800 = ORIENTED_EDGE('',*,*,#16794,.F.);
#16801 = CYLINDRICAL_SURFACE('',#16802,0.4);
#16802 = AXIS2_PLACEMENT_3D('',#16803,#16804,#16805);
#16803 = CARTESIAN_POINT('',(169.0975,-130.085,-4.6E-02));
#16804 = DIRECTION('',(-0.,-0.,-1.));
#16805 = DIRECTION('',(-0.,-1.,0.));
#16806 = ADVANCED_FACE('',(#16807),#16818,.F.);
#16807 = FACE_BOUND('',#16808,.T.);
#16808 = EDGE_LOOP('',(#16809,#16810,#16816,#16817));
#16809 = ORIENTED_EDGE('',*,*,#3779,.T.);
#16810 = ORIENTED_EDGE('',*,*,#16811,.T.);
#16811 = EDGE_CURVE('',#3780,#9261,#16812,.T.);
#16812 = LINE('',#16813,#16814);
#16813 = CARTESIAN_POINT('',(188.1475,-130.485,-4.6E-02));
#16814 = VECTOR('',#16815,1.);
#16815 = DIRECTION('',(0.,0.,1.));
#16816 = ORIENTED_EDGE('',*,*,#9260,.F.);
#16817 = ORIENTED_EDGE('',*,*,#16811,.F.);
#16818 = CYLINDRICAL_SURFACE('',#16819,0.4);
#16819 = AXIS2_PLACEMENT_3D('',#16820,#16821,#16822);
#16820 = CARTESIAN_POINT('',(188.1475,-130.085,-4.6E-02));
#16821 = DIRECTION('',(-0.,-0.,-1.));
#16822 = DIRECTION('',(-0.,-1.,0.));
#16823 = ADVANCED_FACE('',(#16824),#16835,.F.);
#16824 = FACE_BOUND('',#16825,.T.);
#16825 = EDGE_LOOP('',(#16826,#16827,#16833,#16834));
#16826 = ORIENTED_EDGE('',*,*,#3790,.T.);
#16827 = ORIENTED_EDGE('',*,*,#16828,.T.);
#16828 = EDGE_CURVE('',#3791,#9272,#16829,.T.);
#16829 = LINE('',#16830,#16831);
#16830 = CARTESIAN_POINT('',(209.7425,-137.145,-4.6E-02));
#16831 = VECTOR('',#16832,1.);
#16832 = DIRECTION('',(0.,0.,1.));
#16833 = ORIENTED_EDGE('',*,*,#9271,.F.);
#16834 = ORIENTED_EDGE('',*,*,#16828,.F.);
#16835 = CYLINDRICAL_SURFACE('',#16836,1.5);
#16836 = AXIS2_PLACEMENT_3D('',#16837,#16838,#16839);
#16837 = CARTESIAN_POINT('',(209.7425,-135.645,-4.6E-02));
#16838 = DIRECTION('',(-0.,-0.,-1.));
#16839 = DIRECTION('',(-0.,-1.,0.));
#16840 = ADVANCED_FACE('',(#16841),#16852,.F.);
#16841 = FACE_BOUND('',#16842,.T.);
#16842 = EDGE_LOOP('',(#16843,#16844,#16850,#16851));
#16843 = ORIENTED_EDGE('',*,*,#3801,.T.);
#16844 = ORIENTED_EDGE('',*,*,#16845,.T.);
#16845 = EDGE_CURVE('',#3802,#9283,#16846,.T.);
#16846 = LINE('',#16847,#16848);
#16847 = CARTESIAN_POINT('',(228.7925,-137.145,-4.6E-02));
#16848 = VECTOR('',#16849,1.);
#16849 = DIRECTION('',(0.,0.,1.));
#16850 = ORIENTED_EDGE('',*,*,#9282,.F.);
#16851 = ORIENTED_EDGE('',*,*,#16845,.F.);
#16852 = CYLINDRICAL_SURFACE('',#16853,1.5);
#16853 = AXIS2_PLACEMENT_3D('',#16854,#16855,#16856);
#16854 = CARTESIAN_POINT('',(228.7925,-135.645,-4.6E-02));
#16855 = DIRECTION('',(-0.,-0.,-1.));
#16856 = DIRECTION('',(-0.,-1.,0.));
#16857 = ADVANCED_FACE('',(#16858),#16869,.F.);
#16858 = FACE_BOUND('',#16859,.T.);
#16859 = EDGE_LOOP('',(#16860,#16861,#16867,#16868));
#16860 = ORIENTED_EDGE('',*,*,#3812,.T.);
#16861 = ORIENTED_EDGE('',*,*,#16862,.T.);
#16862 = EDGE_CURVE('',#3813,#9294,#16863,.T.);
#16863 = LINE('',#16864,#16865);
#16864 = CARTESIAN_POINT('',(207.1975,-130.485,-4.6E-02));
#16865 = VECTOR('',#16866,1.);
#16866 = DIRECTION('',(0.,0.,1.));
#16867 = ORIENTED_EDGE('',*,*,#9293,.F.);
#16868 = ORIENTED_EDGE('',*,*,#16862,.F.);
#16869 = CYLINDRICAL_SURFACE('',#16870,0.4);
#16870 = AXIS2_PLACEMENT_3D('',#16871,#16872,#16873);
#16871 = CARTESIAN_POINT('',(207.1975,-130.085,-4.6E-02));
#16872 = DIRECTION('',(-0.,-0.,-1.));
#16873 = DIRECTION('',(-0.,-1.,0.));
#16874 = ADVANCED_FACE('',(#16875),#16886,.F.);
#16875 = FACE_BOUND('',#16876,.T.);
#16876 = EDGE_LOOP('',(#16877,#16878,#16884,#16885));
#16877 = ORIENTED_EDGE('',*,*,#3823,.T.);
#16878 = ORIENTED_EDGE('',*,*,#16879,.T.);
#16879 = EDGE_CURVE('',#3824,#9305,#16880,.T.);
#16880 = LINE('',#16881,#16882);
#16881 = CARTESIAN_POINT('',(226.2475,-130.485,-4.6E-02));
#16882 = VECTOR('',#16883,1.);
#16883 = DIRECTION('',(0.,0.,1.));
#16884 = ORIENTED_EDGE('',*,*,#9304,.F.);
#16885 = ORIENTED_EDGE('',*,*,#16879,.F.);
#16886 = CYLINDRICAL_SURFACE('',#16887,0.4);
#16887 = AXIS2_PLACEMENT_3D('',#16888,#16889,#16890);
#16888 = CARTESIAN_POINT('',(226.2475,-130.085,-4.6E-02));
#16889 = DIRECTION('',(-0.,-0.,-1.));
#16890 = DIRECTION('',(-0.,-1.,0.));
#16891 = ADVANCED_FACE('',(#16892),#16903,.F.);
#16892 = FACE_BOUND('',#16893,.T.);
#16893 = EDGE_LOOP('',(#16894,#16895,#16901,#16902));
#16894 = ORIENTED_EDGE('',*,*,#3834,.T.);
#16895 = ORIENTED_EDGE('',*,*,#16896,.T.);
#16896 = EDGE_CURVE('',#3835,#9316,#16897,.T.);
#16897 = LINE('',#16898,#16899);
#16898 = CARTESIAN_POINT('',(169.0975,-122.865,-4.6E-02));
#16899 = VECTOR('',#16900,1.);
#16900 = DIRECTION('',(0.,0.,1.));
#16901 = ORIENTED_EDGE('',*,*,#9315,.F.);
#16902 = ORIENTED_EDGE('',*,*,#16896,.F.);
#16903 = CYLINDRICAL_SURFACE('',#16904,0.4);
#16904 = AXIS2_PLACEMENT_3D('',#16905,#16906,#16907);
#16905 = CARTESIAN_POINT('',(169.0975,-122.465,-4.6E-02));
#16906 = DIRECTION('',(-0.,-0.,-1.));
#16907 = DIRECTION('',(-0.,-1.,0.));
#16908 = ADVANCED_FACE('',(#16909),#16920,.F.);
#16909 = FACE_BOUND('',#16910,.T.);
#16910 = EDGE_LOOP('',(#16911,#16912,#16918,#16919));
#16911 = ORIENTED_EDGE('',*,*,#3845,.T.);
#16912 = ORIENTED_EDGE('',*,*,#16913,.T.);
#16913 = EDGE_CURVE('',#3846,#9327,#16914,.T.);
#16914 = LINE('',#16915,#16916);
#16915 = CARTESIAN_POINT('',(173.5475,-122.55,-4.6E-02));
#16916 = VECTOR('',#16917,1.);
#16917 = DIRECTION('',(0.,0.,1.));
#16918 = ORIENTED_EDGE('',*,*,#9326,.F.);
#16919 = ORIENTED_EDGE('',*,*,#16913,.F.);
#16920 = CYLINDRICAL_SURFACE('',#16921,0.875);
#16921 = AXIS2_PLACEMENT_3D('',#16922,#16923,#16924);
#16922 = CARTESIAN_POINT('',(173.5475,-121.675,-4.6E-02));
#16923 = DIRECTION('',(-0.,-0.,-1.));
#16924 = DIRECTION('',(-0.,-1.,0.));
#16925 = ADVANCED_FACE('',(#16926),#16937,.F.);
#16926 = FACE_BOUND('',#16927,.T.);
#16927 = EDGE_LOOP('',(#16928,#16929,#16935,#16936));
#16928 = ORIENTED_EDGE('',*,*,#3856,.T.);
#16929 = ORIENTED_EDGE('',*,*,#16930,.T.);
#16930 = EDGE_CURVE('',#3857,#9338,#16931,.T.);
#16931 = LINE('',#16932,#16933);
#16932 = CARTESIAN_POINT('',(174.8175,-120.635,-4.6E-02));
#16933 = VECTOR('',#16934,1.);
#16934 = DIRECTION('',(0.,0.,1.));
#16935 = ORIENTED_EDGE('',*,*,#9337,.F.);
#16936 = ORIENTED_EDGE('',*,*,#16930,.F.);
#16937 = CYLINDRICAL_SURFACE('',#16938,1.5);
#16938 = AXIS2_PLACEMENT_3D('',#16939,#16940,#16941);
#16939 = CARTESIAN_POINT('',(174.8175,-119.135,-4.6E-02));
#16940 = DIRECTION('',(-0.,-0.,-1.));
#16941 = DIRECTION('',(-0.,-1.,0.));
#16942 = ADVANCED_FACE('',(#16943),#16954,.F.);
#16943 = FACE_BOUND('',#16944,.T.);
#16944 = EDGE_LOOP('',(#16945,#16946,#16952,#16953));
#16945 = ORIENTED_EDGE('',*,*,#3867,.T.);
#16946 = ORIENTED_EDGE('',*,*,#16947,.T.);
#16947 = EDGE_CURVE('',#3868,#9349,#16948,.T.);
#16948 = LINE('',#16949,#16950);
#16949 = CARTESIAN_POINT('',(178.6275,-123.6689,-4.6E-02));
#16950 = VECTOR('',#16951,1.);
#16951 = DIRECTION('',(0.,0.,1.));
#16952 = ORIENTED_EDGE('',*,*,#9348,.F.);
#16953 = ORIENTED_EDGE('',*,*,#16947,.F.);
#16954 = CYLINDRICAL_SURFACE('',#16955,1.9939);
#16955 = AXIS2_PLACEMENT_3D('',#16956,#16957,#16958);
#16956 = CARTESIAN_POINT('',(178.6275,-121.675,-4.6E-02));
#16957 = DIRECTION('',(-0.,-0.,-1.));
#16958 = DIRECTION('',(-0.,-1.,0.));
#16959 = ADVANCED_FACE('',(#16960),#16971,.F.);
#16960 = FACE_BOUND('',#16961,.T.);
#16961 = EDGE_LOOP('',(#16962,#16963,#16969,#16970));
#16962 = ORIENTED_EDGE('',*,*,#3878,.T.);
#16963 = ORIENTED_EDGE('',*,*,#16964,.T.);
#16964 = EDGE_CURVE('',#3879,#9360,#16965,.T.);
#16965 = LINE('',#16966,#16967);
#16966 = CARTESIAN_POINT('',(183.7075,-122.55,-4.6E-02));
#16967 = VECTOR('',#16968,1.);
#16968 = DIRECTION('',(0.,0.,1.));
#16969 = ORIENTED_EDGE('',*,*,#9359,.F.);
#16970 = ORIENTED_EDGE('',*,*,#16964,.F.);
#16971 = CYLINDRICAL_SURFACE('',#16972,0.875);
#16972 = AXIS2_PLACEMENT_3D('',#16973,#16974,#16975);
#16973 = CARTESIAN_POINT('',(183.7075,-121.675,-4.6E-02));
#16974 = DIRECTION('',(-0.,-0.,-1.));
#16975 = DIRECTION('',(-0.,-1.,0.));
#16976 = ADVANCED_FACE('',(#16977),#16988,.F.);
#16977 = FACE_BOUND('',#16978,.T.);
#16978 = EDGE_LOOP('',(#16979,#16980,#16986,#16987));
#16979 = ORIENTED_EDGE('',*,*,#3889,.T.);
#16980 = ORIENTED_EDGE('',*,*,#16981,.T.);
#16981 = EDGE_CURVE('',#3890,#9371,#16982,.T.);
#16982 = LINE('',#16983,#16984);
#16983 = CARTESIAN_POINT('',(188.1475,-122.865,-4.6E-02));
#16984 = VECTOR('',#16985,1.);
#16985 = DIRECTION('',(0.,0.,1.));
#16986 = ORIENTED_EDGE('',*,*,#9370,.F.);
#16987 = ORIENTED_EDGE('',*,*,#16981,.F.);
#16988 = CYLINDRICAL_SURFACE('',#16989,0.4);
#16989 = AXIS2_PLACEMENT_3D('',#16990,#16991,#16992);
#16990 = CARTESIAN_POINT('',(188.1475,-122.465,-4.6E-02));
#16991 = DIRECTION('',(-0.,-0.,-1.));
#16992 = DIRECTION('',(-0.,-1.,0.));
#16993 = ADVANCED_FACE('',(#16994),#17005,.F.);
#16994 = FACE_BOUND('',#16995,.T.);
#16995 = EDGE_LOOP('',(#16996,#16997,#17003,#17004));
#16996 = ORIENTED_EDGE('',*,*,#3900,.T.);
#16997 = ORIENTED_EDGE('',*,*,#16998,.T.);
#16998 = EDGE_CURVE('',#3901,#9382,#16999,.T.);
#16999 = LINE('',#17000,#17001);
#17000 = CARTESIAN_POINT('',(192.5975,-122.55,-4.6E-02));
#17001 = VECTOR('',#17002,1.);
#17002 = DIRECTION('',(0.,0.,1.));
#17003 = ORIENTED_EDGE('',*,*,#9381,.F.);
#17004 = ORIENTED_EDGE('',*,*,#16998,.F.);
#17005 = CYLINDRICAL_SURFACE('',#17006,0.875);
#17006 = AXIS2_PLACEMENT_3D('',#17007,#17008,#17009);
#17007 = CARTESIAN_POINT('',(192.5975,-121.675,-4.6E-02));
#17008 = DIRECTION('',(-0.,-0.,-1.));
#17009 = DIRECTION('',(-0.,-1.,0.));
#17010 = ADVANCED_FACE('',(#17011),#17022,.F.);
#17011 = FACE_BOUND('',#17012,.T.);
#17012 = EDGE_LOOP('',(#17013,#17014,#17020,#17021));
#17013 = ORIENTED_EDGE('',*,*,#3911,.T.);
#17014 = ORIENTED_EDGE('',*,*,#17015,.T.);
#17015 = EDGE_CURVE('',#3912,#9393,#17016,.T.);
#17016 = LINE('',#17017,#17018);
#17017 = CARTESIAN_POINT('',(197.6775,-123.6689,-4.6E-02));
#17018 = VECTOR('',#17019,1.);
#17019 = DIRECTION('',(0.,0.,1.));
#17020 = ORIENTED_EDGE('',*,*,#9392,.F.);
#17021 = ORIENTED_EDGE('',*,*,#17015,.F.);
#17022 = CYLINDRICAL_SURFACE('',#17023,1.9939);
#17023 = AXIS2_PLACEMENT_3D('',#17024,#17025,#17026);
#17024 = CARTESIAN_POINT('',(197.6775,-121.675,-4.6E-02));
#17025 = DIRECTION('',(-0.,-0.,-1.));
#17026 = DIRECTION('',(-0.,-1.,0.));
#17027 = ADVANCED_FACE('',(#17028),#17039,.F.);
#17028 = FACE_BOUND('',#17029,.T.);
#17029 = EDGE_LOOP('',(#17030,#17031,#17037,#17038));
#17030 = ORIENTED_EDGE('',*,*,#3922,.T.);
#17031 = ORIENTED_EDGE('',*,*,#17032,.T.);
#17032 = EDGE_CURVE('',#3923,#9404,#17033,.T.);
#17033 = LINE('',#17034,#17035);
#17034 = CARTESIAN_POINT('',(193.8675,-120.635,-4.6E-02));
#17035 = VECTOR('',#17036,1.);
#17036 = DIRECTION('',(0.,0.,1.));
#17037 = ORIENTED_EDGE('',*,*,#9403,.F.);
#17038 = ORIENTED_EDGE('',*,*,#17032,.F.);
#17039 = CYLINDRICAL_SURFACE('',#17040,1.5);
#17040 = AXIS2_PLACEMENT_3D('',#17041,#17042,#17043);
#17041 = CARTESIAN_POINT('',(193.8675,-119.135,-4.6E-02));
#17042 = DIRECTION('',(-0.,-0.,-1.));
#17043 = DIRECTION('',(-0.,-1.,0.));
#17044 = ADVANCED_FACE('',(#17045),#17056,.F.);
#17045 = FACE_BOUND('',#17046,.T.);
#17046 = EDGE_LOOP('',(#17047,#17048,#17054,#17055));
#17047 = ORIENTED_EDGE('',*,*,#3933,.T.);
#17048 = ORIENTED_EDGE('',*,*,#17049,.T.);
#17049 = EDGE_CURVE('',#3934,#9415,#17050,.T.);
#17050 = LINE('',#17051,#17052);
#17051 = CARTESIAN_POINT('',(181.1675,-118.095,-4.6E-02));
#17052 = VECTOR('',#17053,1.);
#17053 = DIRECTION('',(0.,0.,1.));
#17054 = ORIENTED_EDGE('',*,*,#9414,.F.);
#17055 = ORIENTED_EDGE('',*,*,#17049,.F.);
#17056 = CYLINDRICAL_SURFACE('',#17057,1.5);
#17057 = AXIS2_PLACEMENT_3D('',#17058,#17059,#17060);
#17058 = CARTESIAN_POINT('',(181.1675,-116.595,-4.6E-02));
#17059 = DIRECTION('',(-0.,-0.,-1.));
#17060 = DIRECTION('',(-0.,-1.,0.));
#17061 = ADVANCED_FACE('',(#17062),#17073,.F.);
#17062 = FACE_BOUND('',#17063,.T.);
#17063 = EDGE_LOOP('',(#17064,#17065,#17071,#17072));
#17064 = ORIENTED_EDGE('',*,*,#3944,.T.);
#17065 = ORIENTED_EDGE('',*,*,#17066,.T.);
#17066 = EDGE_CURVE('',#3945,#9426,#17067,.T.);
#17067 = LINE('',#17068,#17069);
#17068 = CARTESIAN_POINT('',(200.2175,-118.095,-4.6E-02));
#17069 = VECTOR('',#17070,1.);
#17070 = DIRECTION('',(0.,0.,1.));
#17071 = ORIENTED_EDGE('',*,*,#9425,.F.);
#17072 = ORIENTED_EDGE('',*,*,#17066,.F.);
#17073 = CYLINDRICAL_SURFACE('',#17074,1.5);
#17074 = AXIS2_PLACEMENT_3D('',#17075,#17076,#17077);
#17075 = CARTESIAN_POINT('',(200.2175,-116.595,-4.6E-02));
#17076 = DIRECTION('',(-0.,-0.,-1.));
#17077 = DIRECTION('',(-0.,-1.,0.));
#17078 = ADVANCED_FACE('',(#17079),#17090,.F.);
#17079 = FACE_BOUND('',#17080,.T.);
#17080 = EDGE_LOOP('',(#17081,#17082,#17088,#17089));
#17081 = ORIENTED_EDGE('',*,*,#3955,.T.);
#17082 = ORIENTED_EDGE('',*,*,#17083,.T.);
#17083 = EDGE_CURVE('',#3956,#9437,#17084,.T.);
#17084 = LINE('',#17085,#17086);
#17085 = CARTESIAN_POINT('',(207.1975,-122.865,-4.6E-02));
#17086 = VECTOR('',#17087,1.);
#17087 = DIRECTION('',(0.,0.,1.));
#17088 = ORIENTED_EDGE('',*,*,#9436,.F.);
#17089 = ORIENTED_EDGE('',*,*,#17083,.F.);
#17090 = CYLINDRICAL_SURFACE('',#17091,0.4);
#17091 = AXIS2_PLACEMENT_3D('',#17092,#17093,#17094);
#17092 = CARTESIAN_POINT('',(207.1975,-122.465,-4.6E-02));
#17093 = DIRECTION('',(-0.,-0.,-1.));
#17094 = DIRECTION('',(-0.,-1.,0.));
#17095 = ADVANCED_FACE('',(#17096),#17107,.F.);
#17096 = FACE_BOUND('',#17097,.T.);
#17097 = EDGE_LOOP('',(#17098,#17099,#17105,#17106));
#17098 = ORIENTED_EDGE('',*,*,#3966,.T.);
#17099 = ORIENTED_EDGE('',*,*,#17100,.T.);
#17100 = EDGE_CURVE('',#3967,#9448,#17101,.T.);
#17101 = LINE('',#17102,#17103);
#17102 = CARTESIAN_POINT('',(202.7575,-122.55,-4.6E-02));
#17103 = VECTOR('',#17104,1.);
#17104 = DIRECTION('',(0.,0.,1.));
#17105 = ORIENTED_EDGE('',*,*,#9447,.F.);
#17106 = ORIENTED_EDGE('',*,*,#17100,.F.);
#17107 = CYLINDRICAL_SURFACE('',#17108,0.875);
#17108 = AXIS2_PLACEMENT_3D('',#17109,#17110,#17111);
#17109 = CARTESIAN_POINT('',(202.7575,-121.675,-4.6E-02));
#17110 = DIRECTION('',(-0.,-0.,-1.));
#17111 = DIRECTION('',(-0.,-1.,0.));
#17112 = ADVANCED_FACE('',(#17113),#17124,.F.);
#17113 = FACE_BOUND('',#17114,.T.);
#17114 = EDGE_LOOP('',(#17115,#17116,#17122,#17123));
#17115 = ORIENTED_EDGE('',*,*,#3977,.T.);
#17116 = ORIENTED_EDGE('',*,*,#17117,.T.);
#17117 = EDGE_CURVE('',#3978,#9459,#17118,.T.);
#17118 = LINE('',#17119,#17120);
#17119 = CARTESIAN_POINT('',(211.6475,-122.55,-4.6E-02));
#17120 = VECTOR('',#17121,1.);
#17121 = DIRECTION('',(0.,0.,1.));
#17122 = ORIENTED_EDGE('',*,*,#9458,.F.);
#17123 = ORIENTED_EDGE('',*,*,#17117,.F.);
#17124 = CYLINDRICAL_SURFACE('',#17125,0.875);
#17125 = AXIS2_PLACEMENT_3D('',#17126,#17127,#17128);
#17126 = CARTESIAN_POINT('',(211.6475,-121.675,-4.6E-02));
#17127 = DIRECTION('',(-0.,-0.,-1.));
#17128 = DIRECTION('',(-0.,-1.,0.));
#17129 = ADVANCED_FACE('',(#17130),#17141,.F.);
#17130 = FACE_BOUND('',#17131,.T.);
#17131 = EDGE_LOOP('',(#17132,#17133,#17139,#17140));
#17132 = ORIENTED_EDGE('',*,*,#3988,.T.);
#17133 = ORIENTED_EDGE('',*,*,#17134,.T.);
#17134 = EDGE_CURVE('',#3989,#9470,#17135,.T.);
#17135 = LINE('',#17136,#17137);
#17136 = CARTESIAN_POINT('',(216.7275,-123.6689,-4.6E-02));
#17137 = VECTOR('',#17138,1.);
#17138 = DIRECTION('',(0.,0.,1.));
#17139 = ORIENTED_EDGE('',*,*,#9469,.F.);
#17140 = ORIENTED_EDGE('',*,*,#17134,.F.);
#17141 = CYLINDRICAL_SURFACE('',#17142,1.9939);
#17142 = AXIS2_PLACEMENT_3D('',#17143,#17144,#17145);
#17143 = CARTESIAN_POINT('',(216.7275,-121.675,-4.6E-02));
#17144 = DIRECTION('',(-0.,-0.,-1.));
#17145 = DIRECTION('',(-0.,-1.,0.));
#17146 = ADVANCED_FACE('',(#17147),#17158,.F.);
#17147 = FACE_BOUND('',#17148,.T.);
#17148 = EDGE_LOOP('',(#17149,#17150,#17156,#17157));
#17149 = ORIENTED_EDGE('',*,*,#3999,.T.);
#17150 = ORIENTED_EDGE('',*,*,#17151,.T.);
#17151 = EDGE_CURVE('',#4000,#9481,#17152,.T.);
#17152 = LINE('',#17153,#17154);
#17153 = CARTESIAN_POINT('',(212.9175,-120.635,-4.6E-02));
#17154 = VECTOR('',#17155,1.);
#17155 = DIRECTION('',(0.,0.,1.));
#17156 = ORIENTED_EDGE('',*,*,#9480,.F.);
#17157 = ORIENTED_EDGE('',*,*,#17151,.F.);
#17158 = CYLINDRICAL_SURFACE('',#17159,1.5);
#17159 = AXIS2_PLACEMENT_3D('',#17160,#17161,#17162);
#17160 = CARTESIAN_POINT('',(212.9175,-119.135,-4.6E-02));
#17161 = DIRECTION('',(-0.,-0.,-1.));
#17162 = DIRECTION('',(-0.,-1.,0.));
#17163 = ADVANCED_FACE('',(#17164),#17175,.F.);
#17164 = FACE_BOUND('',#17165,.T.);
#17165 = EDGE_LOOP('',(#17166,#17167,#17173,#17174));
#17166 = ORIENTED_EDGE('',*,*,#4010,.T.);
#17167 = ORIENTED_EDGE('',*,*,#17168,.T.);
#17168 = EDGE_CURVE('',#4011,#9492,#17169,.T.);
#17169 = LINE('',#17170,#17171);
#17170 = CARTESIAN_POINT('',(226.2475,-122.865,-4.6E-02));
#17171 = VECTOR('',#17172,1.);
#17172 = DIRECTION('',(0.,0.,1.));
#17173 = ORIENTED_EDGE('',*,*,#9491,.F.);
#17174 = ORIENTED_EDGE('',*,*,#17168,.F.);
#17175 = CYLINDRICAL_SURFACE('',#17176,0.4);
#17176 = AXIS2_PLACEMENT_3D('',#17177,#17178,#17179);
#17177 = CARTESIAN_POINT('',(226.2475,-122.465,-4.6E-02));
#17178 = DIRECTION('',(-0.,-0.,-1.));
#17179 = DIRECTION('',(-0.,-1.,0.));
#17180 = ADVANCED_FACE('',(#17181),#17192,.F.);
#17181 = FACE_BOUND('',#17182,.T.);
#17182 = EDGE_LOOP('',(#17183,#17184,#17190,#17191));
#17183 = ORIENTED_EDGE('',*,*,#4021,.T.);
#17184 = ORIENTED_EDGE('',*,*,#17185,.T.);
#17185 = EDGE_CURVE('',#4022,#9503,#17186,.T.);
#17186 = LINE('',#17187,#17188);
#17187 = CARTESIAN_POINT('',(221.8075,-122.55,-4.6E-02));
#17188 = VECTOR('',#17189,1.);
#17189 = DIRECTION('',(0.,0.,1.));
#17190 = ORIENTED_EDGE('',*,*,#9502,.F.);
#17191 = ORIENTED_EDGE('',*,*,#17185,.F.);
#17192 = CYLINDRICAL_SURFACE('',#17193,0.875);
#17193 = AXIS2_PLACEMENT_3D('',#17194,#17195,#17196);
#17194 = CARTESIAN_POINT('',(221.8075,-121.675,-4.6E-02));
#17195 = DIRECTION('',(-0.,-0.,-1.));
#17196 = DIRECTION('',(-0.,-1.,0.));
#17197 = ADVANCED_FACE('',(#17198),#17209,.F.);
#17198 = FACE_BOUND('',#17199,.T.);
#17199 = EDGE_LOOP('',(#17200,#17201,#17207,#17208));
#17200 = ORIENTED_EDGE('',*,*,#4032,.T.);
#17201 = ORIENTED_EDGE('',*,*,#17202,.T.);
#17202 = EDGE_CURVE('',#4033,#9514,#17203,.T.);
#17203 = LINE('',#17204,#17205);
#17204 = CARTESIAN_POINT('',(230.6975,-122.55,-4.6E-02));
#17205 = VECTOR('',#17206,1.);
#17206 = DIRECTION('',(0.,0.,1.));
#17207 = ORIENTED_EDGE('',*,*,#9513,.F.);
#17208 = ORIENTED_EDGE('',*,*,#17202,.F.);
#17209 = CYLINDRICAL_SURFACE('',#17210,0.875);
#17210 = AXIS2_PLACEMENT_3D('',#17211,#17212,#17213);
#17211 = CARTESIAN_POINT('',(230.6975,-121.675,-4.6E-02));
#17212 = DIRECTION('',(-0.,-0.,-1.));
#17213 = DIRECTION('',(-0.,-1.,0.));
#17214 = ADVANCED_FACE('',(#17215),#17226,.F.);
#17215 = FACE_BOUND('',#17216,.T.);
#17216 = EDGE_LOOP('',(#17217,#17218,#17224,#17225));
#17217 = ORIENTED_EDGE('',*,*,#4043,.T.);
#17218 = ORIENTED_EDGE('',*,*,#17219,.T.);
#17219 = EDGE_CURVE('',#4044,#9525,#17220,.T.);
#17220 = LINE('',#17221,#17222);
#17221 = CARTESIAN_POINT('',(235.7775,-123.6689,-4.6E-02));
#17222 = VECTOR('',#17223,1.);
#17223 = DIRECTION('',(0.,0.,1.));
#17224 = ORIENTED_EDGE('',*,*,#9524,.F.);
#17225 = ORIENTED_EDGE('',*,*,#17219,.F.);
#17226 = CYLINDRICAL_SURFACE('',#17227,1.9939);
#17227 = AXIS2_PLACEMENT_3D('',#17228,#17229,#17230);
#17228 = CARTESIAN_POINT('',(235.7775,-121.675,-4.6E-02));
#17229 = DIRECTION('',(-0.,-0.,-1.));
#17230 = DIRECTION('',(-0.,-1.,0.));
#17231 = ADVANCED_FACE('',(#17232),#17243,.F.);
#17232 = FACE_BOUND('',#17233,.T.);
#17233 = EDGE_LOOP('',(#17234,#17235,#17241,#17242));
#17234 = ORIENTED_EDGE('',*,*,#4054,.T.);
#17235 = ORIENTED_EDGE('',*,*,#17236,.T.);
#17236 = EDGE_CURVE('',#4055,#9536,#17237,.T.);
#17237 = LINE('',#17238,#17239);
#17238 = CARTESIAN_POINT('',(231.9675,-120.635,-4.6E-02));
#17239 = VECTOR('',#17240,1.);
#17240 = DIRECTION('',(0.,0.,1.));
#17241 = ORIENTED_EDGE('',*,*,#9535,.F.);
#17242 = ORIENTED_EDGE('',*,*,#17236,.F.);
#17243 = CYLINDRICAL_SURFACE('',#17244,1.5);
#17244 = AXIS2_PLACEMENT_3D('',#17245,#17246,#17247);
#17245 = CARTESIAN_POINT('',(231.9675,-119.135,-4.6E-02));
#17246 = DIRECTION('',(-0.,-0.,-1.));
#17247 = DIRECTION('',(-0.,-1.,0.));
#17248 = ADVANCED_FACE('',(#17249),#17260,.F.);
#17249 = FACE_BOUND('',#17250,.T.);
#17250 = EDGE_LOOP('',(#17251,#17252,#17258,#17259));
#17251 = ORIENTED_EDGE('',*,*,#4065,.T.);
#17252 = ORIENTED_EDGE('',*,*,#17253,.T.);
#17253 = EDGE_CURVE('',#4066,#9547,#17254,.T.);
#17254 = LINE('',#17255,#17256);
#17255 = CARTESIAN_POINT('',(219.2675,-118.095,-4.6E-02));
#17256 = VECTOR('',#17257,1.);
#17257 = DIRECTION('',(0.,0.,1.));
#17258 = ORIENTED_EDGE('',*,*,#9546,.F.);
#17259 = ORIENTED_EDGE('',*,*,#17253,.F.);
#17260 = CYLINDRICAL_SURFACE('',#17261,1.5);
#17261 = AXIS2_PLACEMENT_3D('',#17262,#17263,#17264);
#17262 = CARTESIAN_POINT('',(219.2675,-116.595,-4.6E-02));
#17263 = DIRECTION('',(-0.,-0.,-1.));
#17264 = DIRECTION('',(-0.,-1.,0.));
#17265 = ADVANCED_FACE('',(#17266),#17277,.F.);
#17266 = FACE_BOUND('',#17267,.T.);
#17267 = EDGE_LOOP('',(#17268,#17269,#17275,#17276));
#17268 = ORIENTED_EDGE('',*,*,#4076,.T.);
#17269 = ORIENTED_EDGE('',*,*,#17270,.T.);
#17270 = EDGE_CURVE('',#4077,#9558,#17271,.T.);
#17271 = LINE('',#17272,#17273);
#17272 = CARTESIAN_POINT('',(240.5375,-160.975,-4.6E-02));
#17273 = VECTOR('',#17274,1.);
#17274 = DIRECTION('',(0.,0.,1.));
#17275 = ORIENTED_EDGE('',*,*,#9557,.F.);
#17276 = ORIENTED_EDGE('',*,*,#17270,.F.);
#17277 = CYLINDRICAL_SURFACE('',#17278,0.4);
#17278 = AXIS2_PLACEMENT_3D('',#17279,#17280,#17281);
#17279 = CARTESIAN_POINT('',(240.5375,-160.575,-4.6E-02));
#17280 = DIRECTION('',(-0.,-0.,-1.));
#17281 = DIRECTION('',(-0.,-1.,0.));
#17282 = ADVANCED_FACE('',(#17283),#17294,.F.);
#17283 = FACE_BOUND('',#17284,.T.);
#17284 = EDGE_LOOP('',(#17285,#17286,#17292,#17293));
#17285 = ORIENTED_EDGE('',*,*,#4087,.T.);
#17286 = ORIENTED_EDGE('',*,*,#17287,.T.);
#17287 = EDGE_CURVE('',#4088,#9569,#17288,.T.);
#17288 = LINE('',#17289,#17290);
#17289 = CARTESIAN_POINT('',(244.985,-160.65,-4.6E-02));
#17290 = VECTOR('',#17291,1.);
#17291 = DIRECTION('',(0.,0.,1.));
#17292 = ORIENTED_EDGE('',*,*,#9568,.F.);
#17293 = ORIENTED_EDGE('',*,*,#17287,.F.);
#17294 = CYLINDRICAL_SURFACE('',#17295,0.875);
#17295 = AXIS2_PLACEMENT_3D('',#17296,#17297,#17298);
#17296 = CARTESIAN_POINT('',(244.985,-159.775,-4.6E-02));
#17297 = DIRECTION('',(-0.,-0.,-1.));
#17298 = DIRECTION('',(-0.,-1.,0.));
#17299 = ADVANCED_FACE('',(#17300),#17311,.F.);
#17300 = FACE_BOUND('',#17301,.T.);
#17301 = EDGE_LOOP('',(#17302,#17303,#17309,#17310));
#17302 = ORIENTED_EDGE('',*,*,#4098,.T.);
#17303 = ORIENTED_EDGE('',*,*,#17304,.T.);
#17304 = EDGE_CURVE('',#4099,#9580,#17305,.T.);
#17305 = LINE('',#17306,#17307);
#17306 = CARTESIAN_POINT('',(250.065,-161.7689,-4.6E-02));
#17307 = VECTOR('',#17308,1.);
#17308 = DIRECTION('',(0.,0.,1.));
#17309 = ORIENTED_EDGE('',*,*,#9579,.F.);
#17310 = ORIENTED_EDGE('',*,*,#17304,.F.);
#17311 = CYLINDRICAL_SURFACE('',#17312,1.9939);
#17312 = AXIS2_PLACEMENT_3D('',#17313,#17314,#17315);
#17313 = CARTESIAN_POINT('',(250.065,-159.775,-4.6E-02));
#17314 = DIRECTION('',(-0.,-0.,-1.));
#17315 = DIRECTION('',(-0.,-1.,0.));
#17316 = ADVANCED_FACE('',(#17317),#17328,.F.);
#17317 = FACE_BOUND('',#17318,.T.);
#17318 = EDGE_LOOP('',(#17319,#17320,#17326,#17327));
#17319 = ORIENTED_EDGE('',*,*,#4109,.T.);
#17320 = ORIENTED_EDGE('',*,*,#17321,.T.);
#17321 = EDGE_CURVE('',#4110,#9591,#17322,.T.);
#17322 = LINE('',#17323,#17324);
#17323 = CARTESIAN_POINT('',(246.255,-158.735,-4.6E-02));
#17324 = VECTOR('',#17325,1.);
#17325 = DIRECTION('',(0.,0.,1.));
#17326 = ORIENTED_EDGE('',*,*,#9590,.F.);
#17327 = ORIENTED_EDGE('',*,*,#17321,.F.);
#17328 = CYLINDRICAL_SURFACE('',#17329,1.5);
#17329 = AXIS2_PLACEMENT_3D('',#17330,#17331,#17332);
#17330 = CARTESIAN_POINT('',(246.255,-157.235,-4.6E-02));
#17331 = DIRECTION('',(-0.,-0.,-1.));
#17332 = DIRECTION('',(-0.,-1.,0.));
#17333 = ADVANCED_FACE('',(#17334),#17345,.F.);
#17334 = FACE_BOUND('',#17335,.T.);
#17335 = EDGE_LOOP('',(#17336,#17337,#17343,#17344));
#17336 = ORIENTED_EDGE('',*,*,#4120,.T.);
#17337 = ORIENTED_EDGE('',*,*,#17338,.T.);
#17338 = EDGE_CURVE('',#4121,#9602,#17339,.T.);
#17339 = LINE('',#17340,#17341);
#17340 = CARTESIAN_POINT('',(255.145,-160.65,-4.6E-02));
#17341 = VECTOR('',#17342,1.);
#17342 = DIRECTION('',(0.,0.,1.));
#17343 = ORIENTED_EDGE('',*,*,#9601,.F.);
#17344 = ORIENTED_EDGE('',*,*,#17338,.F.);
#17345 = CYLINDRICAL_SURFACE('',#17346,0.875);
#17346 = AXIS2_PLACEMENT_3D('',#17347,#17348,#17349);
#17347 = CARTESIAN_POINT('',(255.145,-159.775,-4.6E-02));
#17348 = DIRECTION('',(-0.,0.,-1.));
#17349 = DIRECTION('',(3.248195363475E-14,-1.,-0.));
#17350 = ADVANCED_FACE('',(#17351),#17362,.F.);
#17351 = FACE_BOUND('',#17352,.T.);
#17352 = EDGE_LOOP('',(#17353,#17354,#17360,#17361));
#17353 = ORIENTED_EDGE('',*,*,#4131,.T.);
#17354 = ORIENTED_EDGE('',*,*,#17355,.T.);
#17355 = EDGE_CURVE('',#4132,#9613,#17356,.T.);
#17356 = LINE('',#17357,#17358);
#17357 = CARTESIAN_POINT('',(259.5875,-160.975,-4.6E-02));
#17358 = VECTOR('',#17359,1.);
#17359 = DIRECTION('',(0.,0.,1.));
#17360 = ORIENTED_EDGE('',*,*,#9612,.F.);
#17361 = ORIENTED_EDGE('',*,*,#17355,.F.);
#17362 = CYLINDRICAL_SURFACE('',#17363,0.4);
#17363 = AXIS2_PLACEMENT_3D('',#17364,#17365,#17366);
#17364 = CARTESIAN_POINT('',(259.5875,-160.575,-4.6E-02));
#17365 = DIRECTION('',(-0.,-0.,-1.));
#17366 = DIRECTION('',(-0.,-1.,0.));
#17367 = ADVANCED_FACE('',(#17368),#17379,.F.);
#17368 = FACE_BOUND('',#17369,.T.);
#17369 = EDGE_LOOP('',(#17370,#17371,#17377,#17378));
#17370 = ORIENTED_EDGE('',*,*,#4142,.T.);
#17371 = ORIENTED_EDGE('',*,*,#17372,.T.);
#17372 = EDGE_CURVE('',#4143,#9624,#17373,.T.);
#17373 = LINE('',#17374,#17375);
#17374 = CARTESIAN_POINT('',(264.035,-160.65,-4.6E-02));
#17375 = VECTOR('',#17376,1.);
#17376 = DIRECTION('',(0.,0.,1.));
#17377 = ORIENTED_EDGE('',*,*,#9623,.F.);
#17378 = ORIENTED_EDGE('',*,*,#17372,.F.);
#17379 = CYLINDRICAL_SURFACE('',#17380,0.875);
#17380 = AXIS2_PLACEMENT_3D('',#17381,#17382,#17383);
#17381 = CARTESIAN_POINT('',(264.035,-159.775,-4.6E-02));
#17382 = DIRECTION('',(-0.,-0.,-1.));
#17383 = DIRECTION('',(-0.,-1.,0.));
#17384 = ADVANCED_FACE('',(#17385),#17396,.F.);
#17385 = FACE_BOUND('',#17386,.T.);
#17386 = EDGE_LOOP('',(#17387,#17388,#17394,#17395));
#17387 = ORIENTED_EDGE('',*,*,#4153,.T.);
#17388 = ORIENTED_EDGE('',*,*,#17389,.T.);
#17389 = EDGE_CURVE('',#4154,#9635,#17390,.T.);
#17390 = LINE('',#17391,#17392);
#17391 = CARTESIAN_POINT('',(269.115,-161.7689,-4.6E-02));
#17392 = VECTOR('',#17393,1.);
#17393 = DIRECTION('',(0.,0.,1.));
#17394 = ORIENTED_EDGE('',*,*,#9634,.F.);
#17395 = ORIENTED_EDGE('',*,*,#17389,.F.);
#17396 = CYLINDRICAL_SURFACE('',#17397,1.9939);
#17397 = AXIS2_PLACEMENT_3D('',#17398,#17399,#17400);
#17398 = CARTESIAN_POINT('',(269.115,-159.775,-4.6E-02));
#17399 = DIRECTION('',(-0.,-0.,-1.));
#17400 = DIRECTION('',(-0.,-1.,0.));
#17401 = ADVANCED_FACE('',(#17402),#17413,.F.);
#17402 = FACE_BOUND('',#17403,.T.);
#17403 = EDGE_LOOP('',(#17404,#17405,#17411,#17412));
#17404 = ORIENTED_EDGE('',*,*,#4164,.T.);
#17405 = ORIENTED_EDGE('',*,*,#17406,.T.);
#17406 = EDGE_CURVE('',#4165,#9646,#17407,.T.);
#17407 = LINE('',#17408,#17409);
#17408 = CARTESIAN_POINT('',(265.305,-158.735,-4.6E-02));
#17409 = VECTOR('',#17410,1.);
#17410 = DIRECTION('',(0.,0.,1.));
#17411 = ORIENTED_EDGE('',*,*,#9645,.F.);
#17412 = ORIENTED_EDGE('',*,*,#17406,.F.);
#17413 = CYLINDRICAL_SURFACE('',#17414,1.5);
#17414 = AXIS2_PLACEMENT_3D('',#17415,#17416,#17417);
#17415 = CARTESIAN_POINT('',(265.305,-157.235,-4.6E-02));
#17416 = DIRECTION('',(-0.,-0.,-1.));
#17417 = DIRECTION('',(-0.,-1.,0.));
#17418 = ADVANCED_FACE('',(#17419),#17430,.F.);
#17419 = FACE_BOUND('',#17420,.T.);
#17420 = EDGE_LOOP('',(#17421,#17422,#17428,#17429));
#17421 = ORIENTED_EDGE('',*,*,#4175,.T.);
#17422 = ORIENTED_EDGE('',*,*,#17423,.T.);
#17423 = EDGE_CURVE('',#4176,#9657,#17424,.T.);
#17424 = LINE('',#17425,#17426);
#17425 = CARTESIAN_POINT('',(252.605,-156.195,-4.6E-02));
#17426 = VECTOR('',#17427,1.);
#17427 = DIRECTION('',(0.,0.,1.));
#17428 = ORIENTED_EDGE('',*,*,#9656,.F.);
#17429 = ORIENTED_EDGE('',*,*,#17423,.F.);
#17430 = CYLINDRICAL_SURFACE('',#17431,1.5);
#17431 = AXIS2_PLACEMENT_3D('',#17432,#17433,#17434);
#17432 = CARTESIAN_POINT('',(252.605,-154.695,-4.6E-02));
#17433 = DIRECTION('',(-0.,-0.,-1.));
#17434 = DIRECTION('',(-0.,-1.,0.));
#17435 = ADVANCED_FACE('',(#17436),#17447,.F.);
#17436 = FACE_BOUND('',#17437,.T.);
#17437 = EDGE_LOOP('',(#17438,#17439,#17445,#17446));
#17438 = ORIENTED_EDGE('',*,*,#4186,.T.);
#17439 = ORIENTED_EDGE('',*,*,#17440,.T.);
#17440 = EDGE_CURVE('',#4187,#9668,#17441,.T.);
#17441 = LINE('',#17442,#17443);
#17442 = CARTESIAN_POINT('',(271.655,-156.195,-4.6E-02));
#17443 = VECTOR('',#17444,1.);
#17444 = DIRECTION('',(0.,0.,1.));
#17445 = ORIENTED_EDGE('',*,*,#9667,.F.);
#17446 = ORIENTED_EDGE('',*,*,#17440,.F.);
#17447 = CYLINDRICAL_SURFACE('',#17448,1.5);
#17448 = AXIS2_PLACEMENT_3D('',#17449,#17450,#17451);
#17449 = CARTESIAN_POINT('',(271.655,-154.695,-4.6E-02));
#17450 = DIRECTION('',(-0.,-0.,-1.));
#17451 = DIRECTION('',(-0.,-1.,0.));
#17452 = ADVANCED_FACE('',(#17453),#17464,.F.);
#17453 = FACE_BOUND('',#17454,.T.);
#17454 = EDGE_LOOP('',(#17455,#17456,#17462,#17463));
#17455 = ORIENTED_EDGE('',*,*,#4197,.T.);
#17456 = ORIENTED_EDGE('',*,*,#17457,.T.);
#17457 = EDGE_CURVE('',#4198,#9679,#17458,.T.);
#17458 = LINE('',#17459,#17460);
#17459 = CARTESIAN_POINT('',(254.8275,-149.535,-4.6E-02));
#17460 = VECTOR('',#17461,1.);
#17461 = DIRECTION('',(0.,0.,1.));
#17462 = ORIENTED_EDGE('',*,*,#9678,.F.);
#17463 = ORIENTED_EDGE('',*,*,#17457,.F.);
#17464 = CYLINDRICAL_SURFACE('',#17465,0.4);
#17465 = AXIS2_PLACEMENT_3D('',#17466,#17467,#17468);
#17466 = CARTESIAN_POINT('',(254.8275,-149.135,-4.6E-02));
#17467 = DIRECTION('',(-0.,-0.,-1.));
#17468 = DIRECTION('',(-0.,-1.,0.));
#17469 = ADVANCED_FACE('',(#17470),#17481,.F.);
#17470 = FACE_BOUND('',#17471,.T.);
#17471 = EDGE_LOOP('',(#17472,#17473,#17479,#17480));
#17472 = ORIENTED_EDGE('',*,*,#4208,.T.);
#17473 = ORIENTED_EDGE('',*,*,#17474,.T.);
#17474 = EDGE_CURVE('',#4209,#9690,#17475,.T.);
#17475 = LINE('',#17476,#17477);
#17476 = CARTESIAN_POINT('',(274.195,-160.65,-4.6E-02));
#17477 = VECTOR('',#17478,1.);
#17478 = DIRECTION('',(0.,0.,1.));
#17479 = ORIENTED_EDGE('',*,*,#9689,.F.);
#17480 = ORIENTED_EDGE('',*,*,#17474,.F.);
#17481 = CYLINDRICAL_SURFACE('',#17482,0.875);
#17482 = AXIS2_PLACEMENT_3D('',#17483,#17484,#17485);
#17483 = CARTESIAN_POINT('',(274.195,-159.775,-4.6E-02));
#17484 = DIRECTION('',(-0.,-0.,-1.));
#17485 = DIRECTION('',(-0.,-1.,0.));
#17486 = ADVANCED_FACE('',(#17487),#17498,.F.);
#17487 = FACE_BOUND('',#17488,.T.);
#17488 = EDGE_LOOP('',(#17489,#17490,#17496,#17497));
#17489 = ORIENTED_EDGE('',*,*,#4219,.T.);
#17490 = ORIENTED_EDGE('',*,*,#17491,.T.);
#17491 = EDGE_CURVE('',#4220,#9701,#17492,.T.);
#17492 = LINE('',#17493,#17494);
#17493 = CARTESIAN_POINT('',(278.6375,-160.975,-4.6E-02));
#17494 = VECTOR('',#17495,1.);
#17495 = DIRECTION('',(0.,0.,1.));
#17496 = ORIENTED_EDGE('',*,*,#9700,.F.);
#17497 = ORIENTED_EDGE('',*,*,#17491,.F.);
#17498 = CYLINDRICAL_SURFACE('',#17499,0.4);
#17499 = AXIS2_PLACEMENT_3D('',#17500,#17501,#17502);
#17500 = CARTESIAN_POINT('',(278.6375,-160.575,-4.6E-02));
#17501 = DIRECTION('',(-0.,-0.,-1.));
#17502 = DIRECTION('',(-1.42108547152E-13,-1.,0.));
#17503 = ADVANCED_FACE('',(#17504),#17515,.F.);
#17504 = FACE_BOUND('',#17505,.T.);
#17505 = EDGE_LOOP('',(#17506,#17507,#17513,#17514));
#17506 = ORIENTED_EDGE('',*,*,#4230,.T.);
#17507 = ORIENTED_EDGE('',*,*,#17508,.T.);
#17508 = EDGE_CURVE('',#4231,#9712,#17509,.T.);
#17509 = LINE('',#17510,#17511);
#17510 = CARTESIAN_POINT('',(283.085,-160.65,-4.6E-02));
#17511 = VECTOR('',#17512,1.);
#17512 = DIRECTION('',(0.,0.,1.));
#17513 = ORIENTED_EDGE('',*,*,#9711,.F.);
#17514 = ORIENTED_EDGE('',*,*,#17508,.F.);
#17515 = CYLINDRICAL_SURFACE('',#17516,0.875);
#17516 = AXIS2_PLACEMENT_3D('',#17517,#17518,#17519);
#17517 = CARTESIAN_POINT('',(283.085,-159.775,-4.6E-02));
#17518 = DIRECTION('',(-0.,-0.,-1.));
#17519 = DIRECTION('',(-0.,-1.,0.));
#17520 = ADVANCED_FACE('',(#17521),#17532,.F.);
#17521 = FACE_BOUND('',#17522,.T.);
#17522 = EDGE_LOOP('',(#17523,#17524,#17530,#17531));
#17523 = ORIENTED_EDGE('',*,*,#4241,.T.);
#17524 = ORIENTED_EDGE('',*,*,#17525,.T.);
#17525 = EDGE_CURVE('',#4242,#9723,#17526,.T.);
#17526 = LINE('',#17527,#17528);
#17527 = CARTESIAN_POINT('',(288.165,-161.7689,-4.6E-02));
#17528 = VECTOR('',#17529,1.);
#17529 = DIRECTION('',(0.,0.,1.));
#17530 = ORIENTED_EDGE('',*,*,#9722,.F.);
#17531 = ORIENTED_EDGE('',*,*,#17525,.F.);
#17532 = CYLINDRICAL_SURFACE('',#17533,1.9939);
#17533 = AXIS2_PLACEMENT_3D('',#17534,#17535,#17536);
#17534 = CARTESIAN_POINT('',(288.165,-159.775,-4.6E-02));
#17535 = DIRECTION('',(-0.,-0.,-1.));
#17536 = DIRECTION('',(-0.,-1.,0.));
#17537 = ADVANCED_FACE('',(#17538),#17549,.F.);
#17538 = FACE_BOUND('',#17539,.T.);
#17539 = EDGE_LOOP('',(#17540,#17541,#17547,#17548));
#17540 = ORIENTED_EDGE('',*,*,#4252,.T.);
#17541 = ORIENTED_EDGE('',*,*,#17542,.T.);
#17542 = EDGE_CURVE('',#4253,#9734,#17543,.T.);
#17543 = LINE('',#17544,#17545);
#17544 = CARTESIAN_POINT('',(284.355,-158.735,-4.6E-02));
#17545 = VECTOR('',#17546,1.);
#17546 = DIRECTION('',(0.,0.,1.));
#17547 = ORIENTED_EDGE('',*,*,#9733,.F.);
#17548 = ORIENTED_EDGE('',*,*,#17542,.F.);
#17549 = CYLINDRICAL_SURFACE('',#17550,1.5);
#17550 = AXIS2_PLACEMENT_3D('',#17551,#17552,#17553);
#17551 = CARTESIAN_POINT('',(284.355,-157.235,-4.6E-02));
#17552 = DIRECTION('',(-0.,-0.,-1.));
#17553 = DIRECTION('',(-0.,-1.,0.));
#17554 = ADVANCED_FACE('',(#17555),#17566,.F.);
#17555 = FACE_BOUND('',#17556,.T.);
#17556 = EDGE_LOOP('',(#17557,#17558,#17564,#17565));
#17557 = ORIENTED_EDGE('',*,*,#4263,.T.);
#17558 = ORIENTED_EDGE('',*,*,#17559,.T.);
#17559 = EDGE_CURVE('',#4264,#9745,#17560,.T.);
#17560 = LINE('',#17561,#17562);
#17561 = CARTESIAN_POINT('',(293.245,-160.65,-4.6E-02));
#17562 = VECTOR('',#17563,1.);
#17563 = DIRECTION('',(0.,0.,1.));
#17564 = ORIENTED_EDGE('',*,*,#9744,.F.);
#17565 = ORIENTED_EDGE('',*,*,#17559,.F.);
#17566 = CYLINDRICAL_SURFACE('',#17567,0.875);
#17567 = AXIS2_PLACEMENT_3D('',#17568,#17569,#17570);
#17568 = CARTESIAN_POINT('',(293.245,-159.775,-4.6E-02));
#17569 = DIRECTION('',(-0.,-0.,-1.));
#17570 = DIRECTION('',(-0.,-1.,0.));
#17571 = ADVANCED_FACE('',(#17572),#17583,.F.);
#17572 = FACE_BOUND('',#17573,.T.);
#17573 = EDGE_LOOP('',(#17574,#17575,#17581,#17582));
#17574 = ORIENTED_EDGE('',*,*,#4274,.T.);
#17575 = ORIENTED_EDGE('',*,*,#17576,.T.);
#17576 = EDGE_CURVE('',#4275,#9756,#17577,.T.);
#17577 = LINE('',#17578,#17579);
#17578 = CARTESIAN_POINT('',(297.6875,-160.975,-4.6E-02));
#17579 = VECTOR('',#17580,1.);
#17580 = DIRECTION('',(0.,0.,1.));
#17581 = ORIENTED_EDGE('',*,*,#9755,.F.);
#17582 = ORIENTED_EDGE('',*,*,#17576,.F.);
#17583 = CYLINDRICAL_SURFACE('',#17584,0.4);
#17584 = AXIS2_PLACEMENT_3D('',#17585,#17586,#17587);
#17585 = CARTESIAN_POINT('',(297.6875,-160.575,-4.6E-02));
#17586 = DIRECTION('',(-0.,-0.,-1.));
#17587 = DIRECTION('',(-0.,-1.,0.));
#17588 = ADVANCED_FACE('',(#17589),#17600,.F.);
#17589 = FACE_BOUND('',#17590,.T.);
#17590 = EDGE_LOOP('',(#17591,#17592,#17598,#17599));
#17591 = ORIENTED_EDGE('',*,*,#4285,.T.);
#17592 = ORIENTED_EDGE('',*,*,#17593,.T.);
#17593 = EDGE_CURVE('',#4286,#9767,#17594,.T.);
#17594 = LINE('',#17595,#17596);
#17595 = CARTESIAN_POINT('',(302.135,-160.65,-4.6E-02));
#17596 = VECTOR('',#17597,1.);
#17597 = DIRECTION('',(0.,0.,1.));
#17598 = ORIENTED_EDGE('',*,*,#9766,.F.);
#17599 = ORIENTED_EDGE('',*,*,#17593,.F.);
#17600 = CYLINDRICAL_SURFACE('',#17601,0.875);
#17601 = AXIS2_PLACEMENT_3D('',#17602,#17603,#17604);
#17602 = CARTESIAN_POINT('',(302.135,-159.775,-4.6E-02));
#17603 = DIRECTION('',(-0.,-0.,-1.));
#17604 = DIRECTION('',(-0.,-1.,0.));
#17605 = ADVANCED_FACE('',(#17606),#17617,.F.);
#17606 = FACE_BOUND('',#17607,.T.);
#17607 = EDGE_LOOP('',(#17608,#17609,#17615,#17616));
#17608 = ORIENTED_EDGE('',*,*,#4296,.T.);
#17609 = ORIENTED_EDGE('',*,*,#17610,.T.);
#17610 = EDGE_CURVE('',#4297,#9778,#17611,.T.);
#17611 = LINE('',#17612,#17613);
#17612 = CARTESIAN_POINT('',(303.405,-158.735,-4.6E-02));
#17613 = VECTOR('',#17614,1.);
#17614 = DIRECTION('',(0.,0.,1.));
#17615 = ORIENTED_EDGE('',*,*,#9777,.F.);
#17616 = ORIENTED_EDGE('',*,*,#17610,.F.);
#17617 = CYLINDRICAL_SURFACE('',#17618,1.5);
#17618 = AXIS2_PLACEMENT_3D('',#17619,#17620,#17621);
#17619 = CARTESIAN_POINT('',(303.405,-157.235,-4.6E-02));
#17620 = DIRECTION('',(-0.,-0.,-1.));
#17621 = DIRECTION('',(-0.,-1.,0.));
#17622 = ADVANCED_FACE('',(#17623),#17634,.F.);
#17623 = FACE_BOUND('',#17624,.T.);
#17624 = EDGE_LOOP('',(#17625,#17626,#17632,#17633));
#17625 = ORIENTED_EDGE('',*,*,#4307,.T.);
#17626 = ORIENTED_EDGE('',*,*,#17627,.T.);
#17627 = EDGE_CURVE('',#4308,#9789,#17628,.T.);
#17628 = LINE('',#17629,#17630);
#17629 = CARTESIAN_POINT('',(278.638,-152.48,-4.6E-02));
#17630 = VECTOR('',#17631,1.);
#17631 = DIRECTION('',(0.,0.,1.));
#17632 = ORIENTED_EDGE('',*,*,#9788,.F.);
#17633 = ORIENTED_EDGE('',*,*,#17627,.F.);
#17634 = CYLINDRICAL_SURFACE('',#17635,1.35);
#17635 = AXIS2_PLACEMENT_3D('',#17636,#17637,#17638);
#17636 = CARTESIAN_POINT('',(278.638,-151.13,-4.6E-02));
#17637 = DIRECTION('',(-0.,-0.,-1.));
#17638 = DIRECTION('',(-4.210623619319E-14,-1.,0.));
#17639 = ADVANCED_FACE('',(#17640),#17651,.F.);
#17640 = FACE_BOUND('',#17641,.T.);
#17641 = EDGE_LOOP('',(#17642,#17643,#17649,#17650));
#17642 = ORIENTED_EDGE('',*,*,#4318,.T.);
#17643 = ORIENTED_EDGE('',*,*,#17644,.T.);
#17644 = EDGE_CURVE('',#4319,#9800,#17645,.T.);
#17645 = LINE('',#17646,#17647);
#17646 = CARTESIAN_POINT('',(273.8775,-149.535,-4.6E-02));
#17647 = VECTOR('',#17648,1.);
#17648 = DIRECTION('',(0.,0.,1.));
#17649 = ORIENTED_EDGE('',*,*,#9799,.F.);
#17650 = ORIENTED_EDGE('',*,*,#17644,.F.);
#17651 = CYLINDRICAL_SURFACE('',#17652,0.4);
#17652 = AXIS2_PLACEMENT_3D('',#17653,#17654,#17655);
#17653 = CARTESIAN_POINT('',(273.8775,-149.135,-4.6E-02));
#17654 = DIRECTION('',(-0.,-0.,-1.));
#17655 = DIRECTION('',(-0.,-1.,0.));
#17656 = ADVANCED_FACE('',(#17657),#17668,.F.);
#17657 = FACE_BOUND('',#17658,.T.);
#17658 = EDGE_LOOP('',(#17659,#17660,#17666,#17667));
#17659 = ORIENTED_EDGE('',*,*,#4329,.T.);
#17660 = ORIENTED_EDGE('',*,*,#17661,.T.);
#17661 = EDGE_CURVE('',#4330,#9811,#17662,.T.);
#17662 = LINE('',#17663,#17664);
#17663 = CARTESIAN_POINT('',(290.705,-156.195,-4.6E-02));
#17664 = VECTOR('',#17665,1.);
#17665 = DIRECTION('',(0.,0.,1.));
#17666 = ORIENTED_EDGE('',*,*,#9810,.F.);
#17667 = ORIENTED_EDGE('',*,*,#17661,.F.);
#17668 = CYLINDRICAL_SURFACE('',#17669,1.5);
#17669 = AXIS2_PLACEMENT_3D('',#17670,#17671,#17672);
#17670 = CARTESIAN_POINT('',(290.705,-154.695,-4.6E-02));
#17671 = DIRECTION('',(-0.,-0.,-1.));
#17672 = DIRECTION('',(-0.,-1.,0.));
#17673 = ADVANCED_FACE('',(#17674),#17685,.F.);
#17674 = FACE_BOUND('',#17675,.T.);
#17675 = EDGE_LOOP('',(#17676,#17677,#17683,#17684));
#17676 = ORIENTED_EDGE('',*,*,#4340,.T.);
#17677 = ORIENTED_EDGE('',*,*,#17678,.T.);
#17678 = EDGE_CURVE('',#4341,#9822,#17679,.T.);
#17679 = LINE('',#17680,#17681);
#17680 = CARTESIAN_POINT('',(292.9275,-149.535,-4.6E-02));
#17681 = VECTOR('',#17682,1.);
#17682 = DIRECTION('',(0.,0.,1.));
#17683 = ORIENTED_EDGE('',*,*,#9821,.F.);
#17684 = ORIENTED_EDGE('',*,*,#17678,.F.);
#17685 = CYLINDRICAL_SURFACE('',#17686,0.4);
#17686 = AXIS2_PLACEMENT_3D('',#17687,#17688,#17689);
#17687 = CARTESIAN_POINT('',(292.9275,-149.135,-4.6E-02));
#17688 = DIRECTION('',(-0.,-0.,-1.));
#17689 = DIRECTION('',(-0.,-1.,0.));
#17690 = ADVANCED_FACE('',(#17691),#17702,.F.);
#17691 = FACE_BOUND('',#17692,.T.);
#17692 = EDGE_LOOP('',(#17693,#17694,#17700,#17701));
#17693 = ORIENTED_EDGE('',*,*,#4351,.T.);
#17694 = ORIENTED_EDGE('',*,*,#17695,.T.);
#17695 = EDGE_CURVE('',#4352,#9833,#17696,.T.);
#17696 = LINE('',#17697,#17698);
#17697 = CARTESIAN_POINT('',(240.2225,-141.6,-4.6E-02));
#17698 = VECTOR('',#17699,1.);
#17699 = DIRECTION('',(0.,0.,1.));
#17700 = ORIENTED_EDGE('',*,*,#9832,.F.);
#17701 = ORIENTED_EDGE('',*,*,#17695,.F.);
#17702 = CYLINDRICAL_SURFACE('',#17703,0.875);
#17703 = AXIS2_PLACEMENT_3D('',#17704,#17705,#17706);
#17704 = CARTESIAN_POINT('',(240.2225,-140.725,-4.6E-02));
#17705 = DIRECTION('',(-0.,-0.,-1.));
#17706 = DIRECTION('',(-0.,-1.,0.));
#17707 = ADVANCED_FACE('',(#17708),#17719,.F.);
#17708 = FACE_BOUND('',#17709,.T.);
#17709 = EDGE_LOOP('',(#17710,#17711,#17717,#17718));
#17710 = ORIENTED_EDGE('',*,*,#4362,.T.);
#17711 = ORIENTED_EDGE('',*,*,#17712,.T.);
#17712 = EDGE_CURVE('',#4363,#9844,#17713,.T.);
#17713 = LINE('',#17714,#17715);
#17714 = CARTESIAN_POINT('',(245.3025,-142.7189,-4.6E-02));
#17715 = VECTOR('',#17716,1.);
#17716 = DIRECTION('',(0.,0.,1.));
#17717 = ORIENTED_EDGE('',*,*,#9843,.F.);
#17718 = ORIENTED_EDGE('',*,*,#17712,.F.);
#17719 = CYLINDRICAL_SURFACE('',#17720,1.9939);
#17720 = AXIS2_PLACEMENT_3D('',#17721,#17722,#17723);
#17721 = CARTESIAN_POINT('',(245.3025,-140.725,-4.6E-02));
#17722 = DIRECTION('',(-0.,-0.,-1.));
#17723 = DIRECTION('',(-0.,-1.,0.));
#17724 = ADVANCED_FACE('',(#17725),#17736,.F.);
#17725 = FACE_BOUND('',#17726,.T.);
#17726 = EDGE_LOOP('',(#17727,#17728,#17734,#17735));
#17727 = ORIENTED_EDGE('',*,*,#4373,.T.);
#17728 = ORIENTED_EDGE('',*,*,#17729,.T.);
#17729 = EDGE_CURVE('',#4374,#9855,#17730,.T.);
#17730 = LINE('',#17731,#17732);
#17731 = CARTESIAN_POINT('',(250.3825,-141.6,-4.6E-02));
#17732 = VECTOR('',#17733,1.);
#17733 = DIRECTION('',(0.,0.,1.));
#17734 = ORIENTED_EDGE('',*,*,#9854,.F.);
#17735 = ORIENTED_EDGE('',*,*,#17729,.F.);
#17736 = CYLINDRICAL_SURFACE('',#17737,0.875);
#17737 = AXIS2_PLACEMENT_3D('',#17738,#17739,#17740);
#17738 = CARTESIAN_POINT('',(250.3825,-140.725,-4.6E-02));
#17739 = DIRECTION('',(-0.,-0.,-1.));
#17740 = DIRECTION('',(-0.,-1.,0.));
#17741 = ADVANCED_FACE('',(#17742),#17753,.F.);
#17742 = FACE_BOUND('',#17743,.T.);
#17743 = EDGE_LOOP('',(#17744,#17745,#17751,#17752));
#17744 = ORIENTED_EDGE('',*,*,#4384,.T.);
#17745 = ORIENTED_EDGE('',*,*,#17746,.T.);
#17746 = EDGE_CURVE('',#4385,#9866,#17747,.T.);
#17747 = LINE('',#17748,#17749);
#17748 = CARTESIAN_POINT('',(241.4925,-139.685,-4.6E-02));
#17749 = VECTOR('',#17750,1.);
#17750 = DIRECTION('',(0.,0.,1.));
#17751 = ORIENTED_EDGE('',*,*,#9865,.F.);
#17752 = ORIENTED_EDGE('',*,*,#17746,.F.);
#17753 = CYLINDRICAL_SURFACE('',#17754,1.5);
#17754 = AXIS2_PLACEMENT_3D('',#17755,#17756,#17757);
#17755 = CARTESIAN_POINT('',(241.4925,-138.185,-4.6E-02));
#17756 = DIRECTION('',(-0.,-0.,-1.));
#17757 = DIRECTION('',(-0.,-1.,0.));
#17758 = ADVANCED_FACE('',(#17759),#17770,.F.);
#17759 = FACE_BOUND('',#17760,.T.);
#17760 = EDGE_LOOP('',(#17761,#17762,#17768,#17769));
#17761 = ORIENTED_EDGE('',*,*,#4395,.T.);
#17762 = ORIENTED_EDGE('',*,*,#17763,.T.);
#17763 = EDGE_CURVE('',#4396,#9877,#17764,.T.);
#17764 = LINE('',#17765,#17766);
#17765 = CARTESIAN_POINT('',(254.8275,-141.915,-4.6E-02));
#17766 = VECTOR('',#17767,1.);
#17767 = DIRECTION('',(0.,0.,1.));
#17768 = ORIENTED_EDGE('',*,*,#9876,.F.);
#17769 = ORIENTED_EDGE('',*,*,#17763,.F.);
#17770 = CYLINDRICAL_SURFACE('',#17771,0.4);
#17771 = AXIS2_PLACEMENT_3D('',#17772,#17773,#17774);
#17772 = CARTESIAN_POINT('',(254.8275,-141.515,-4.6E-02));
#17773 = DIRECTION('',(-0.,-0.,-1.));
#17774 = DIRECTION('',(-0.,-1.,0.));
#17775 = ADVANCED_FACE('',(#17776),#17787,.F.);
#17776 = FACE_BOUND('',#17777,.T.);
#17777 = EDGE_LOOP('',(#17778,#17779,#17785,#17786));
#17778 = ORIENTED_EDGE('',*,*,#4406,.T.);
#17779 = ORIENTED_EDGE('',*,*,#17780,.T.);
#17780 = EDGE_CURVE('',#4407,#9888,#17781,.T.);
#17781 = LINE('',#17782,#17783);
#17782 = CARTESIAN_POINT('',(259.2725,-141.6,-4.6E-02));
#17783 = VECTOR('',#17784,1.);
#17784 = DIRECTION('',(0.,0.,1.));
#17785 = ORIENTED_EDGE('',*,*,#9887,.F.);
#17786 = ORIENTED_EDGE('',*,*,#17780,.F.);
#17787 = CYLINDRICAL_SURFACE('',#17788,0.875);
#17788 = AXIS2_PLACEMENT_3D('',#17789,#17790,#17791);
#17789 = CARTESIAN_POINT('',(259.2725,-140.725,-4.6E-02));
#17790 = DIRECTION('',(-0.,-0.,-1.));
#17791 = DIRECTION('',(-0.,-1.,0.));
#17792 = ADVANCED_FACE('',(#17793),#17804,.F.);
#17793 = FACE_BOUND('',#17794,.T.);
#17794 = EDGE_LOOP('',(#17795,#17796,#17802,#17803));
#17795 = ORIENTED_EDGE('',*,*,#4417,.T.);
#17796 = ORIENTED_EDGE('',*,*,#17797,.T.);
#17797 = EDGE_CURVE('',#4418,#9899,#17798,.T.);
#17798 = LINE('',#17799,#17800);
#17799 = CARTESIAN_POINT('',(264.3525,-142.7189,-4.6E-02));
#17800 = VECTOR('',#17801,1.);
#17801 = DIRECTION('',(0.,0.,1.));
#17802 = ORIENTED_EDGE('',*,*,#9898,.F.);
#17803 = ORIENTED_EDGE('',*,*,#17797,.F.);
#17804 = CYLINDRICAL_SURFACE('',#17805,1.9939);
#17805 = AXIS2_PLACEMENT_3D('',#17806,#17807,#17808);
#17806 = CARTESIAN_POINT('',(264.3525,-140.725,-4.6E-02));
#17807 = DIRECTION('',(-0.,-0.,-1.));
#17808 = DIRECTION('',(-0.,-1.,0.));
#17809 = ADVANCED_FACE('',(#17810),#17821,.F.);
#17810 = FACE_BOUND('',#17811,.T.);
#17811 = EDGE_LOOP('',(#17812,#17813,#17819,#17820));
#17812 = ORIENTED_EDGE('',*,*,#4428,.T.);
#17813 = ORIENTED_EDGE('',*,*,#17814,.T.);
#17814 = EDGE_CURVE('',#4429,#9910,#17815,.T.);
#17815 = LINE('',#17816,#17817);
#17816 = CARTESIAN_POINT('',(269.4325,-141.6,-4.6E-02));
#17817 = VECTOR('',#17818,1.);
#17818 = DIRECTION('',(0.,0.,1.));
#17819 = ORIENTED_EDGE('',*,*,#9909,.F.);
#17820 = ORIENTED_EDGE('',*,*,#17814,.F.);
#17821 = CYLINDRICAL_SURFACE('',#17822,0.875);
#17822 = AXIS2_PLACEMENT_3D('',#17823,#17824,#17825);
#17823 = CARTESIAN_POINT('',(269.4325,-140.725,-4.6E-02));
#17824 = DIRECTION('',(-0.,-0.,-1.));
#17825 = DIRECTION('',(-0.,-1.,0.));
#17826 = ADVANCED_FACE('',(#17827),#17838,.F.);
#17827 = FACE_BOUND('',#17828,.T.);
#17828 = EDGE_LOOP('',(#17829,#17830,#17836,#17837));
#17829 = ORIENTED_EDGE('',*,*,#4439,.T.);
#17830 = ORIENTED_EDGE('',*,*,#17831,.T.);
#17831 = EDGE_CURVE('',#4440,#9921,#17832,.T.);
#17832 = LINE('',#17833,#17834);
#17833 = CARTESIAN_POINT('',(260.5425,-139.685,-4.6E-02));
#17834 = VECTOR('',#17835,1.);
#17835 = DIRECTION('',(0.,0.,1.));
#17836 = ORIENTED_EDGE('',*,*,#9920,.F.);
#17837 = ORIENTED_EDGE('',*,*,#17831,.F.);
#17838 = CYLINDRICAL_SURFACE('',#17839,1.5);
#17839 = AXIS2_PLACEMENT_3D('',#17840,#17841,#17842);
#17840 = CARTESIAN_POINT('',(260.5425,-138.185,-4.6E-02));
#17841 = DIRECTION('',(-0.,-0.,-1.));
#17842 = DIRECTION('',(-0.,-1.,0.));
#17843 = ADVANCED_FACE('',(#17844),#17855,.F.);
#17844 = FACE_BOUND('',#17845,.T.);
#17845 = EDGE_LOOP('',(#17846,#17847,#17853,#17854));
#17846 = ORIENTED_EDGE('',*,*,#4450,.T.);
#17847 = ORIENTED_EDGE('',*,*,#17848,.T.);
#17848 = EDGE_CURVE('',#4451,#9932,#17849,.T.);
#17849 = LINE('',#17850,#17851);
#17850 = CARTESIAN_POINT('',(273.8775,-141.915,-4.6E-02));
#17851 = VECTOR('',#17852,1.);
#17852 = DIRECTION('',(0.,0.,1.));
#17853 = ORIENTED_EDGE('',*,*,#9931,.F.);
#17854 = ORIENTED_EDGE('',*,*,#17848,.F.);
#17855 = CYLINDRICAL_SURFACE('',#17856,0.4);
#17856 = AXIS2_PLACEMENT_3D('',#17857,#17858,#17859);
#17857 = CARTESIAN_POINT('',(273.8775,-141.515,-4.6E-02));
#17858 = DIRECTION('',(-0.,-0.,-1.));
#17859 = DIRECTION('',(-0.,-1.,0.));
#17860 = ADVANCED_FACE('',(#17861),#17872,.F.);
#17861 = FACE_BOUND('',#17862,.T.);
#17862 = EDGE_LOOP('',(#17863,#17864,#17870,#17871));
#17863 = ORIENTED_EDGE('',*,*,#4461,.T.);
#17864 = ORIENTED_EDGE('',*,*,#17865,.T.);
#17865 = EDGE_CURVE('',#4462,#9943,#17866,.T.);
#17866 = LINE('',#17867,#17868);
#17867 = CARTESIAN_POINT('',(278.3225,-141.6,-4.6E-02));
#17868 = VECTOR('',#17869,1.);
#17869 = DIRECTION('',(0.,0.,1.));
#17870 = ORIENTED_EDGE('',*,*,#9942,.F.);
#17871 = ORIENTED_EDGE('',*,*,#17865,.F.);
#17872 = CYLINDRICAL_SURFACE('',#17873,0.875);
#17873 = AXIS2_PLACEMENT_3D('',#17874,#17875,#17876);
#17874 = CARTESIAN_POINT('',(278.3225,-140.725,-4.6E-02));
#17875 = DIRECTION('',(-0.,-0.,-1.));
#17876 = DIRECTION('',(-0.,-1.,0.));
#17877 = ADVANCED_FACE('',(#17878),#17889,.F.);
#17878 = FACE_BOUND('',#17879,.T.);
#17879 = EDGE_LOOP('',(#17880,#17881,#17887,#17888));
#17880 = ORIENTED_EDGE('',*,*,#4472,.T.);
#17881 = ORIENTED_EDGE('',*,*,#17882,.T.);
#17882 = EDGE_CURVE('',#4473,#9954,#17883,.T.);
#17883 = LINE('',#17884,#17885);
#17884 = CARTESIAN_POINT('',(283.4025,-142.7189,-4.6E-02));
#17885 = VECTOR('',#17886,1.);
#17886 = DIRECTION('',(0.,0.,1.));
#17887 = ORIENTED_EDGE('',*,*,#9953,.F.);
#17888 = ORIENTED_EDGE('',*,*,#17882,.F.);
#17889 = CYLINDRICAL_SURFACE('',#17890,1.9939);
#17890 = AXIS2_PLACEMENT_3D('',#17891,#17892,#17893);
#17891 = CARTESIAN_POINT('',(283.4025,-140.725,-4.6E-02));
#17892 = DIRECTION('',(-0.,-0.,-1.));
#17893 = DIRECTION('',(-2.850866084598E-14,-1.,0.));
#17894 = ADVANCED_FACE('',(#17895),#17906,.F.);
#17895 = FACE_BOUND('',#17896,.T.);
#17896 = EDGE_LOOP('',(#17897,#17898,#17904,#17905));
#17897 = ORIENTED_EDGE('',*,*,#4483,.T.);
#17898 = ORIENTED_EDGE('',*,*,#17899,.T.);
#17899 = EDGE_CURVE('',#4484,#9965,#17900,.T.);
#17900 = LINE('',#17901,#17902);
#17901 = CARTESIAN_POINT('',(288.4825,-141.6,-4.6E-02));
#17902 = VECTOR('',#17903,1.);
#17903 = DIRECTION('',(0.,0.,1.));
#17904 = ORIENTED_EDGE('',*,*,#9964,.F.);
#17905 = ORIENTED_EDGE('',*,*,#17899,.F.);
#17906 = CYLINDRICAL_SURFACE('',#17907,0.875);
#17907 = AXIS2_PLACEMENT_3D('',#17908,#17909,#17910);
#17908 = CARTESIAN_POINT('',(288.4825,-140.725,-4.6E-02));
#17909 = DIRECTION('',(-0.,-0.,-1.));
#17910 = DIRECTION('',(-0.,-1.,0.));
#17911 = ADVANCED_FACE('',(#17912),#17923,.F.);
#17912 = FACE_BOUND('',#17913,.T.);
#17913 = EDGE_LOOP('',(#17914,#17915,#17921,#17922));
#17914 = ORIENTED_EDGE('',*,*,#4494,.T.);
#17915 = ORIENTED_EDGE('',*,*,#17916,.T.);
#17916 = EDGE_CURVE('',#4495,#9976,#17917,.T.);
#17917 = LINE('',#17918,#17919);
#17918 = CARTESIAN_POINT('',(279.5925,-139.685,-4.6E-02));
#17919 = VECTOR('',#17920,1.);
#17920 = DIRECTION('',(0.,0.,1.));
#17921 = ORIENTED_EDGE('',*,*,#9975,.F.);
#17922 = ORIENTED_EDGE('',*,*,#17916,.F.);
#17923 = CYLINDRICAL_SURFACE('',#17924,1.5);
#17924 = AXIS2_PLACEMENT_3D('',#17925,#17926,#17927);
#17925 = CARTESIAN_POINT('',(279.5925,-138.185,-4.6E-02));
#17926 = DIRECTION('',(-0.,-0.,-1.));
#17927 = DIRECTION('',(-0.,-1.,0.));
#17928 = ADVANCED_FACE('',(#17929),#17940,.F.);
#17929 = FACE_BOUND('',#17930,.T.);
#17930 = EDGE_LOOP('',(#17931,#17932,#17938,#17939));
#17931 = ORIENTED_EDGE('',*,*,#4505,.T.);
#17932 = ORIENTED_EDGE('',*,*,#17933,.T.);
#17933 = EDGE_CURVE('',#4506,#9987,#17934,.T.);
#17934 = LINE('',#17935,#17936);
#17935 = CARTESIAN_POINT('',(292.9275,-141.915,-4.6E-02));
#17936 = VECTOR('',#17937,1.);
#17937 = DIRECTION('',(0.,0.,1.));
#17938 = ORIENTED_EDGE('',*,*,#9986,.F.);
#17939 = ORIENTED_EDGE('',*,*,#17933,.F.);
#17940 = CYLINDRICAL_SURFACE('',#17941,0.4);
#17941 = AXIS2_PLACEMENT_3D('',#17942,#17943,#17944);
#17942 = CARTESIAN_POINT('',(292.9275,-141.515,-4.6E-02));
#17943 = DIRECTION('',(-0.,-0.,-1.));
#17944 = DIRECTION('',(-0.,-1.,0.));
#17945 = ADVANCED_FACE('',(#17946),#17957,.F.);
#17946 = FACE_BOUND('',#17947,.T.);
#17947 = EDGE_LOOP('',(#17948,#17949,#17955,#17956));
#17948 = ORIENTED_EDGE('',*,*,#4516,.T.);
#17949 = ORIENTED_EDGE('',*,*,#17950,.T.);
#17950 = EDGE_CURVE('',#4517,#9998,#17951,.T.);
#17951 = LINE('',#17952,#17953);
#17952 = CARTESIAN_POINT('',(297.3725,-141.6,-4.6E-02));
#17953 = VECTOR('',#17954,1.);
#17954 = DIRECTION('',(0.,0.,1.));
#17955 = ORIENTED_EDGE('',*,*,#9997,.F.);
#17956 = ORIENTED_EDGE('',*,*,#17950,.F.);
#17957 = CYLINDRICAL_SURFACE('',#17958,0.875);
#17958 = AXIS2_PLACEMENT_3D('',#17959,#17960,#17961);
#17959 = CARTESIAN_POINT('',(297.3725,-140.725,-4.6E-02));
#17960 = DIRECTION('',(-0.,-0.,-1.));
#17961 = DIRECTION('',(-0.,-1.,0.));
#17962 = ADVANCED_FACE('',(#17963),#17974,.F.);
#17963 = FACE_BOUND('',#17964,.T.);
#17964 = EDGE_LOOP('',(#17965,#17966,#17972,#17973));
#17965 = ORIENTED_EDGE('',*,*,#4527,.T.);
#17966 = ORIENTED_EDGE('',*,*,#17967,.T.);
#17967 = EDGE_CURVE('',#4528,#10009,#17968,.T.);
#17968 = LINE('',#17969,#17970);
#17969 = CARTESIAN_POINT('',(302.4525,-142.7189,-4.6E-02));
#17970 = VECTOR('',#17971,1.);
#17971 = DIRECTION('',(0.,0.,1.));
#17972 = ORIENTED_EDGE('',*,*,#10008,.F.);
#17973 = ORIENTED_EDGE('',*,*,#17967,.F.);
#17974 = CYLINDRICAL_SURFACE('',#17975,1.9939);
#17975 = AXIS2_PLACEMENT_3D('',#17976,#17977,#17978);
#17976 = CARTESIAN_POINT('',(302.4525,-140.725,-4.6E-02));
#17977 = DIRECTION('',(-0.,-0.,-1.));
#17978 = DIRECTION('',(-0.,-1.,0.));
#17979 = ADVANCED_FACE('',(#17980),#17991,.F.);
#17980 = FACE_BOUND('',#17981,.T.);
#17981 = EDGE_LOOP('',(#17982,#17983,#17989,#17990));
#17982 = ORIENTED_EDGE('',*,*,#4538,.T.);
#17983 = ORIENTED_EDGE('',*,*,#17984,.T.);
#17984 = EDGE_CURVE('',#4539,#10020,#17985,.T.);
#17985 = LINE('',#17986,#17987);
#17986 = CARTESIAN_POINT('',(298.6425,-139.685,-4.6E-02));
#17987 = VECTOR('',#17988,1.);
#17988 = DIRECTION('',(0.,0.,1.));
#17989 = ORIENTED_EDGE('',*,*,#10019,.F.);
#17990 = ORIENTED_EDGE('',*,*,#17984,.F.);
#17991 = CYLINDRICAL_SURFACE('',#17992,1.5);
#17992 = AXIS2_PLACEMENT_3D('',#17993,#17994,#17995);
#17993 = CARTESIAN_POINT('',(298.6425,-138.185,-4.6E-02));
#17994 = DIRECTION('',(-0.,-0.,-1.));
#17995 = DIRECTION('',(-0.,-1.,0.));
#17996 = ADVANCED_FACE('',(#17997),#18008,.F.);
#17997 = FACE_BOUND('',#17998,.T.);
#17998 = EDGE_LOOP('',(#17999,#18000,#18006,#18007));
#17999 = ORIENTED_EDGE('',*,*,#4549,.T.);
#18000 = ORIENTED_EDGE('',*,*,#18001,.T.);
#18001 = EDGE_CURVE('',#4550,#10031,#18002,.T.);
#18002 = LINE('',#18003,#18004);
#18003 = CARTESIAN_POINT('',(307.215,-161.7689,-4.6E-02));
#18004 = VECTOR('',#18005,1.);
#18005 = DIRECTION('',(0.,0.,1.));
#18006 = ORIENTED_EDGE('',*,*,#10030,.F.);
#18007 = ORIENTED_EDGE('',*,*,#18001,.F.);
#18008 = CYLINDRICAL_SURFACE('',#18009,1.9939);
#18009 = AXIS2_PLACEMENT_3D('',#18010,#18011,#18012);
#18010 = CARTESIAN_POINT('',(307.215,-159.775,-4.6E-02));
#18011 = DIRECTION('',(-0.,-0.,-1.));
#18012 = DIRECTION('',(-2.850866084598E-14,-1.,0.));
#18013 = ADVANCED_FACE('',(#18014),#18025,.F.);
#18014 = FACE_BOUND('',#18015,.T.);
#18015 = EDGE_LOOP('',(#18016,#18017,#18023,#18024));
#18016 = ORIENTED_EDGE('',*,*,#4560,.T.);
#18017 = ORIENTED_EDGE('',*,*,#18018,.T.);
#18018 = EDGE_CURVE('',#4561,#10042,#18019,.T.);
#18019 = LINE('',#18020,#18021);
#18020 = CARTESIAN_POINT('',(312.295,-160.65,-4.6E-02));
#18021 = VECTOR('',#18022,1.);
#18022 = DIRECTION('',(0.,0.,1.));
#18023 = ORIENTED_EDGE('',*,*,#10041,.F.);
#18024 = ORIENTED_EDGE('',*,*,#18018,.F.);
#18025 = CYLINDRICAL_SURFACE('',#18026,0.875);
#18026 = AXIS2_PLACEMENT_3D('',#18027,#18028,#18029);
#18027 = CARTESIAN_POINT('',(312.295,-159.775,-4.6E-02));
#18028 = DIRECTION('',(-0.,-0.,-1.));
#18029 = DIRECTION('',(-0.,-1.,0.));
#18030 = ADVANCED_FACE('',(#18031),#18042,.F.);
#18031 = FACE_BOUND('',#18032,.T.);
#18032 = EDGE_LOOP('',(#18033,#18034,#18040,#18041));
#18033 = ORIENTED_EDGE('',*,*,#4571,.T.);
#18034 = ORIENTED_EDGE('',*,*,#18035,.T.);
#18035 = EDGE_CURVE('',#4572,#10053,#18036,.T.);
#18036 = LINE('',#18037,#18038);
#18037 = CARTESIAN_POINT('',(316.7375,-160.975,-4.6E-02));
#18038 = VECTOR('',#18039,1.);
#18039 = DIRECTION('',(0.,0.,1.));
#18040 = ORIENTED_EDGE('',*,*,#10052,.F.);
#18041 = ORIENTED_EDGE('',*,*,#18035,.F.);
#18042 = CYLINDRICAL_SURFACE('',#18043,0.4);
#18043 = AXIS2_PLACEMENT_3D('',#18044,#18045,#18046);
#18044 = CARTESIAN_POINT('',(316.7375,-160.575,-4.6E-02));
#18045 = DIRECTION('',(-0.,0.,-1.));
#18046 = DIRECTION('',(1.42108547152E-13,-1.,-0.));
#18047 = ADVANCED_FACE('',(#18048),#18059,.F.);
#18048 = FACE_BOUND('',#18049,.T.);
#18049 = EDGE_LOOP('',(#18050,#18051,#18057,#18058));
#18050 = ORIENTED_EDGE('',*,*,#4582,.T.);
#18051 = ORIENTED_EDGE('',*,*,#18052,.T.);
#18052 = EDGE_CURVE('',#4583,#10064,#18053,.T.);
#18053 = LINE('',#18054,#18055);
#18054 = CARTESIAN_POINT('',(321.185,-160.65,-4.6E-02));
#18055 = VECTOR('',#18056,1.);
#18056 = DIRECTION('',(0.,0.,1.));
#18057 = ORIENTED_EDGE('',*,*,#10063,.F.);
#18058 = ORIENTED_EDGE('',*,*,#18052,.F.);
#18059 = CYLINDRICAL_SURFACE('',#18060,0.875);
#18060 = AXIS2_PLACEMENT_3D('',#18061,#18062,#18063);
#18061 = CARTESIAN_POINT('',(321.185,-159.775,-4.6E-02));
#18062 = DIRECTION('',(-0.,-0.,-1.));
#18063 = DIRECTION('',(-0.,-1.,0.));
#18064 = ADVANCED_FACE('',(#18065),#18076,.F.);
#18065 = FACE_BOUND('',#18066,.T.);
#18066 = EDGE_LOOP('',(#18067,#18068,#18074,#18075));
#18067 = ORIENTED_EDGE('',*,*,#4593,.T.);
#18068 = ORIENTED_EDGE('',*,*,#18069,.T.);
#18069 = EDGE_CURVE('',#4594,#10075,#18070,.T.);
#18070 = LINE('',#18071,#18072);
#18071 = CARTESIAN_POINT('',(322.455,-158.735,-4.6E-02));
#18072 = VECTOR('',#18073,1.);
#18073 = DIRECTION('',(0.,0.,1.));
#18074 = ORIENTED_EDGE('',*,*,#10074,.F.);
#18075 = ORIENTED_EDGE('',*,*,#18069,.F.);
#18076 = CYLINDRICAL_SURFACE('',#18077,1.5);
#18077 = AXIS2_PLACEMENT_3D('',#18078,#18079,#18080);
#18078 = CARTESIAN_POINT('',(322.455,-157.235,-4.6E-02));
#18079 = DIRECTION('',(-0.,-0.,-1.));
#18080 = DIRECTION('',(-0.,-1.,0.));
#18081 = ADVANCED_FACE('',(#18082),#18093,.F.);
#18082 = FACE_BOUND('',#18083,.T.);
#18083 = EDGE_LOOP('',(#18084,#18085,#18091,#18092));
#18084 = ORIENTED_EDGE('',*,*,#4604,.T.);
#18085 = ORIENTED_EDGE('',*,*,#18086,.T.);
#18086 = EDGE_CURVE('',#4605,#10086,#18087,.T.);
#18087 = LINE('',#18088,#18089);
#18088 = CARTESIAN_POINT('',(326.265,-161.7689,-4.6E-02));
#18089 = VECTOR('',#18090,1.);
#18090 = DIRECTION('',(0.,0.,1.));
#18091 = ORIENTED_EDGE('',*,*,#10085,.F.);
#18092 = ORIENTED_EDGE('',*,*,#18086,.F.);
#18093 = CYLINDRICAL_SURFACE('',#18094,1.9939);
#18094 = AXIS2_PLACEMENT_3D('',#18095,#18096,#18097);
#18095 = CARTESIAN_POINT('',(326.265,-159.775,-4.6E-02));
#18096 = DIRECTION('',(-0.,-0.,-1.));
#18097 = DIRECTION('',(-0.,-1.,0.));
#18098 = ADVANCED_FACE('',(#18099),#18110,.F.);
#18099 = FACE_BOUND('',#18100,.T.);
#18100 = EDGE_LOOP('',(#18101,#18102,#18108,#18109));
#18101 = ORIENTED_EDGE('',*,*,#4615,.T.);
#18102 = ORIENTED_EDGE('',*,*,#18103,.T.);
#18103 = EDGE_CURVE('',#4616,#10097,#18104,.T.);
#18104 = LINE('',#18105,#18106);
#18105 = CARTESIAN_POINT('',(331.345,-160.65,-4.6E-02));
#18106 = VECTOR('',#18107,1.);
#18107 = DIRECTION('',(0.,0.,1.));
#18108 = ORIENTED_EDGE('',*,*,#10096,.F.);
#18109 = ORIENTED_EDGE('',*,*,#18103,.F.);
#18110 = CYLINDRICAL_SURFACE('',#18111,0.875);
#18111 = AXIS2_PLACEMENT_3D('',#18112,#18113,#18114);
#18112 = CARTESIAN_POINT('',(331.345,-159.775,-4.6E-02));
#18113 = DIRECTION('',(-0.,-0.,-1.));
#18114 = DIRECTION('',(-0.,-1.,0.));
#18115 = ADVANCED_FACE('',(#18116),#18127,.F.);
#18116 = FACE_BOUND('',#18117,.T.);
#18117 = EDGE_LOOP('',(#18118,#18119,#18125,#18126));
#18118 = ORIENTED_EDGE('',*,*,#4626,.T.);
#18119 = ORIENTED_EDGE('',*,*,#18120,.T.);
#18120 = EDGE_CURVE('',#4627,#10108,#18121,.T.);
#18121 = LINE('',#18122,#18123);
#18122 = CARTESIAN_POINT('',(335.7875,-160.975,-4.6E-02));
#18123 = VECTOR('',#18124,1.);
#18124 = DIRECTION('',(0.,0.,1.));
#18125 = ORIENTED_EDGE('',*,*,#10107,.F.);
#18126 = ORIENTED_EDGE('',*,*,#18120,.F.);
#18127 = CYLINDRICAL_SURFACE('',#18128,0.4);
#18128 = AXIS2_PLACEMENT_3D('',#18129,#18130,#18131);
#18129 = CARTESIAN_POINT('',(335.7875,-160.575,-4.6E-02));
#18130 = DIRECTION('',(-0.,-0.,-1.));
#18131 = DIRECTION('',(-0.,-1.,0.));
#18132 = ADVANCED_FACE('',(#18133),#18144,.F.);
#18133 = FACE_BOUND('',#18134,.T.);
#18134 = EDGE_LOOP('',(#18135,#18136,#18142,#18143));
#18135 = ORIENTED_EDGE('',*,*,#4637,.T.);
#18136 = ORIENTED_EDGE('',*,*,#18137,.T.);
#18137 = EDGE_CURVE('',#4638,#10119,#18138,.T.);
#18138 = LINE('',#18139,#18140);
#18139 = CARTESIAN_POINT('',(309.755,-156.195,-4.6E-02));
#18140 = VECTOR('',#18141,1.);
#18141 = DIRECTION('',(0.,0.,1.));
#18142 = ORIENTED_EDGE('',*,*,#10118,.F.);
#18143 = ORIENTED_EDGE('',*,*,#18137,.F.);
#18144 = CYLINDRICAL_SURFACE('',#18145,1.5);
#18145 = AXIS2_PLACEMENT_3D('',#18146,#18147,#18148);
#18146 = CARTESIAN_POINT('',(309.755,-154.695,-4.6E-02));
#18147 = DIRECTION('',(-0.,-0.,-1.));
#18148 = DIRECTION('',(-0.,-1.,0.));
#18149 = ADVANCED_FACE('',(#18150),#18161,.F.);
#18150 = FACE_BOUND('',#18151,.T.);
#18151 = EDGE_LOOP('',(#18152,#18153,#18159,#18160));
#18152 = ORIENTED_EDGE('',*,*,#4648,.T.);
#18153 = ORIENTED_EDGE('',*,*,#18154,.T.);
#18154 = EDGE_CURVE('',#4649,#10130,#18155,.T.);
#18155 = LINE('',#18156,#18157);
#18156 = CARTESIAN_POINT('',(311.9775,-149.535,-4.6E-02));
#18157 = VECTOR('',#18158,1.);
#18158 = DIRECTION('',(0.,0.,1.));
#18159 = ORIENTED_EDGE('',*,*,#10129,.F.);
#18160 = ORIENTED_EDGE('',*,*,#18154,.F.);
#18161 = CYLINDRICAL_SURFACE('',#18162,0.4);
#18162 = AXIS2_PLACEMENT_3D('',#18163,#18164,#18165);
#18163 = CARTESIAN_POINT('',(311.9775,-149.135,-4.6E-02));
#18164 = DIRECTION('',(-0.,0.,-1.));
#18165 = DIRECTION('',(1.42108547152E-13,-1.,-0.));
#18166 = ADVANCED_FACE('',(#18167),#18178,.F.);
#18167 = FACE_BOUND('',#18168,.T.);
#18168 = EDGE_LOOP('',(#18169,#18170,#18176,#18177));
#18169 = ORIENTED_EDGE('',*,*,#4659,.T.);
#18170 = ORIENTED_EDGE('',*,*,#18171,.T.);
#18171 = EDGE_CURVE('',#4660,#10141,#18172,.T.);
#18172 = LINE('',#18173,#18174);
#18173 = CARTESIAN_POINT('',(328.805,-156.195,-4.6E-02));
#18174 = VECTOR('',#18175,1.);
#18175 = DIRECTION('',(0.,0.,1.));
#18176 = ORIENTED_EDGE('',*,*,#10140,.F.);
#18177 = ORIENTED_EDGE('',*,*,#18171,.F.);
#18178 = CYLINDRICAL_SURFACE('',#18179,1.5);
#18179 = AXIS2_PLACEMENT_3D('',#18180,#18181,#18182);
#18180 = CARTESIAN_POINT('',(328.805,-154.695,-4.6E-02));
#18181 = DIRECTION('',(-0.,-0.,-1.));
#18182 = DIRECTION('',(-0.,-1.,0.));
#18183 = ADVANCED_FACE('',(#18184),#18195,.F.);
#18184 = FACE_BOUND('',#18185,.T.);
#18185 = EDGE_LOOP('',(#18186,#18187,#18193,#18194));
#18186 = ORIENTED_EDGE('',*,*,#4670,.T.);
#18187 = ORIENTED_EDGE('',*,*,#18188,.T.);
#18188 = EDGE_CURVE('',#4671,#10152,#18189,.T.);
#18189 = LINE('',#18190,#18191);
#18190 = CARTESIAN_POINT('',(331.0275,-149.535,-4.6E-02));
#18191 = VECTOR('',#18192,1.);
#18192 = DIRECTION('',(0.,0.,1.));
#18193 = ORIENTED_EDGE('',*,*,#10151,.F.);
#18194 = ORIENTED_EDGE('',*,*,#18188,.F.);
#18195 = CYLINDRICAL_SURFACE('',#18196,0.4);
#18196 = AXIS2_PLACEMENT_3D('',#18197,#18198,#18199);
#18197 = CARTESIAN_POINT('',(331.0275,-149.135,-4.6E-02));
#18198 = DIRECTION('',(-0.,-0.,-1.));
#18199 = DIRECTION('',(-1.42108547152E-13,-1.,0.));
#18200 = ADVANCED_FACE('',(#18201),#18212,.F.);
#18201 = FACE_BOUND('',#18202,.T.);
#18202 = EDGE_LOOP('',(#18203,#18204,#18210,#18211));
#18203 = ORIENTED_EDGE('',*,*,#4681,.T.);
#18204 = ORIENTED_EDGE('',*,*,#18205,.T.);
#18205 = EDGE_CURVE('',#4682,#10163,#18206,.T.);
#18206 = LINE('',#18207,#18208);
#18207 = CARTESIAN_POINT('',(352.14125,-160.65,-4.6E-02));
#18208 = VECTOR('',#18209,1.);
#18209 = DIRECTION('',(0.,0.,1.));
#18210 = ORIENTED_EDGE('',*,*,#10162,.F.);
#18211 = ORIENTED_EDGE('',*,*,#18205,.F.);
#18212 = CYLINDRICAL_SURFACE('',#18213,0.875);
#18213 = AXIS2_PLACEMENT_3D('',#18214,#18215,#18216);
#18214 = CARTESIAN_POINT('',(352.14125,-159.775,-4.6E-02));
#18215 = DIRECTION('',(-0.,-0.,-1.));
#18216 = DIRECTION('',(-0.,-1.,0.));
#18217 = ADVANCED_FACE('',(#18218),#18229,.F.);
#18218 = FACE_BOUND('',#18219,.T.);
#18219 = EDGE_LOOP('',(#18220,#18221,#18227,#18228));
#18220 = ORIENTED_EDGE('',*,*,#4692,.T.);
#18221 = ORIENTED_EDGE('',*,*,#18222,.T.);
#18222 = EDGE_CURVE('',#4693,#10174,#18223,.T.);
#18223 = LINE('',#18224,#18225);
#18224 = CARTESIAN_POINT('',(357.22125,-161.7689,-4.6E-02));
#18225 = VECTOR('',#18226,1.);
#18226 = DIRECTION('',(0.,0.,1.));
#18227 = ORIENTED_EDGE('',*,*,#10173,.F.);
#18228 = ORIENTED_EDGE('',*,*,#18222,.F.);
#18229 = CYLINDRICAL_SURFACE('',#18230,1.9939);
#18230 = AXIS2_PLACEMENT_3D('',#18231,#18232,#18233);
#18231 = CARTESIAN_POINT('',(357.22125,-159.775,-4.6E-02));
#18232 = DIRECTION('',(-0.,-0.,-1.));
#18233 = DIRECTION('',(-0.,-1.,0.));
#18234 = ADVANCED_FACE('',(#18235),#18246,.F.);
#18235 = FACE_BOUND('',#18236,.T.);
#18236 = EDGE_LOOP('',(#18237,#18238,#18244,#18245));
#18237 = ORIENTED_EDGE('',*,*,#4703,.T.);
#18238 = ORIENTED_EDGE('',*,*,#18239,.T.);
#18239 = EDGE_CURVE('',#4704,#10185,#18240,.T.);
#18240 = LINE('',#18241,#18242);
#18241 = CARTESIAN_POINT('',(353.41125,-158.735,-4.6E-02));
#18242 = VECTOR('',#18243,1.);
#18243 = DIRECTION('',(0.,0.,1.));
#18244 = ORIENTED_EDGE('',*,*,#10184,.F.);
#18245 = ORIENTED_EDGE('',*,*,#18239,.F.);
#18246 = CYLINDRICAL_SURFACE('',#18247,1.5);
#18247 = AXIS2_PLACEMENT_3D('',#18248,#18249,#18250);
#18248 = CARTESIAN_POINT('',(353.41125,-157.235,-4.6E-02));
#18249 = DIRECTION('',(-0.,-0.,-1.));
#18250 = DIRECTION('',(-0.,-1.,0.));
#18251 = ADVANCED_FACE('',(#18252),#18263,.F.);
#18252 = FACE_BOUND('',#18253,.T.);
#18253 = EDGE_LOOP('',(#18254,#18255,#18261,#18262));
#18254 = ORIENTED_EDGE('',*,*,#4714,.T.);
#18255 = ORIENTED_EDGE('',*,*,#18256,.T.);
#18256 = EDGE_CURVE('',#4715,#10196,#18257,.T.);
#18257 = LINE('',#18258,#18259);
#18258 = CARTESIAN_POINT('',(362.30125,-160.65,-4.6E-02));
#18259 = VECTOR('',#18260,1.);
#18260 = DIRECTION('',(0.,0.,1.));
#18261 = ORIENTED_EDGE('',*,*,#10195,.F.);
#18262 = ORIENTED_EDGE('',*,*,#18256,.F.);
#18263 = CYLINDRICAL_SURFACE('',#18264,0.875);
#18264 = AXIS2_PLACEMENT_3D('',#18265,#18266,#18267);
#18265 = CARTESIAN_POINT('',(362.30125,-159.775,-4.6E-02));
#18266 = DIRECTION('',(-0.,-0.,-1.));
#18267 = DIRECTION('',(-0.,-1.,0.));
#18268 = ADVANCED_FACE('',(#18269),#18280,.F.);
#18269 = FACE_BOUND('',#18270,.T.);
#18270 = EDGE_LOOP('',(#18271,#18272,#18278,#18279));
#18271 = ORIENTED_EDGE('',*,*,#4725,.T.);
#18272 = ORIENTED_EDGE('',*,*,#18273,.T.);
#18273 = EDGE_CURVE('',#4726,#10207,#18274,.T.);
#18274 = LINE('',#18275,#18276);
#18275 = CARTESIAN_POINT('',(373.41875,-160.975,-4.6E-02));
#18276 = VECTOR('',#18277,1.);
#18277 = DIRECTION('',(0.,0.,1.));
#18278 = ORIENTED_EDGE('',*,*,#10206,.F.);
#18279 = ORIENTED_EDGE('',*,*,#18273,.F.);
#18280 = CYLINDRICAL_SURFACE('',#18281,0.4);
#18281 = AXIS2_PLACEMENT_3D('',#18282,#18283,#18284);
#18282 = CARTESIAN_POINT('',(373.41875,-160.575,-4.6E-02));
#18283 = DIRECTION('',(-0.,-0.,-1.));
#18284 = DIRECTION('',(-1.42108547152E-13,-1.,0.));
#18285 = ADVANCED_FACE('',(#18286),#18297,.F.);
#18286 = FACE_BOUND('',#18287,.T.);
#18287 = EDGE_LOOP('',(#18288,#18289,#18295,#18296));
#18288 = ORIENTED_EDGE('',*,*,#4736,.T.);
#18289 = ORIENTED_EDGE('',*,*,#18290,.T.);
#18290 = EDGE_CURVE('',#4737,#10218,#18291,.T.);
#18291 = LINE('',#18292,#18293);
#18292 = CARTESIAN_POINT('',(345.315,-154.314,-4.6E-02));
#18293 = VECTOR('',#18294,1.);
#18294 = DIRECTION('',(0.,0.,1.));
#18295 = ORIENTED_EDGE('',*,*,#10217,.F.);
#18296 = ORIENTED_EDGE('',*,*,#18290,.F.);
#18297 = CYLINDRICAL_SURFACE('',#18298,1.524);
#18298 = AXIS2_PLACEMENT_3D('',#18299,#18300,#18301);
#18299 = CARTESIAN_POINT('',(345.315,-152.79,-4.6E-02));
#18300 = DIRECTION('',(-0.,-0.,-1.));
#18301 = DIRECTION('',(-0.,-1.,0.));
#18302 = ADVANCED_FACE('',(#18303),#18314,.F.);
#18303 = FACE_BOUND('',#18304,.T.);
#18304 = EDGE_LOOP('',(#18305,#18306,#18312,#18313));
#18305 = ORIENTED_EDGE('',*,*,#4747,.T.);
#18306 = ORIENTED_EDGE('',*,*,#18307,.T.);
#18307 = EDGE_CURVE('',#4748,#10229,#18308,.T.);
#18308 = LINE('',#18309,#18310);
#18309 = CARTESIAN_POINT('',(350.0775,-149.535,-4.6E-02));
#18310 = VECTOR('',#18311,1.);
#18311 = DIRECTION('',(0.,0.,1.));
#18312 = ORIENTED_EDGE('',*,*,#10228,.F.);
#18313 = ORIENTED_EDGE('',*,*,#18307,.F.);
#18314 = CYLINDRICAL_SURFACE('',#18315,0.4);
#18315 = AXIS2_PLACEMENT_3D('',#18316,#18317,#18318);
#18316 = CARTESIAN_POINT('',(350.0775,-149.135,-4.6E-02));
#18317 = DIRECTION('',(-0.,-0.,-1.));
#18318 = DIRECTION('',(-0.,-1.,0.));
#18319 = ADVANCED_FACE('',(#18320),#18331,.F.);
#18320 = FACE_BOUND('',#18321,.T.);
#18321 = EDGE_LOOP('',(#18322,#18323,#18329,#18330));
#18322 = ORIENTED_EDGE('',*,*,#4758,.T.);
#18323 = ORIENTED_EDGE('',*,*,#18324,.T.);
#18324 = EDGE_CURVE('',#4759,#10240,#18325,.T.);
#18325 = LINE('',#18326,#18327);
#18326 = CARTESIAN_POINT('',(359.76125,-156.195,-4.6E-02));
#18327 = VECTOR('',#18328,1.);
#18328 = DIRECTION('',(0.,0.,1.));
#18329 = ORIENTED_EDGE('',*,*,#10239,.F.);
#18330 = ORIENTED_EDGE('',*,*,#18324,.F.);
#18331 = CYLINDRICAL_SURFACE('',#18332,1.5);
#18332 = AXIS2_PLACEMENT_3D('',#18333,#18334,#18335);
#18333 = CARTESIAN_POINT('',(359.76125,-154.695,-4.6E-02));
#18334 = DIRECTION('',(-0.,-0.,-1.));
#18335 = DIRECTION('',(-0.,-1.,0.));
#18336 = ADVANCED_FACE('',(#18337),#18348,.F.);
#18337 = FACE_BOUND('',#18338,.T.);
#18338 = EDGE_LOOP('',(#18339,#18340,#18346,#18347));
#18339 = ORIENTED_EDGE('',*,*,#4769,.T.);
#18340 = ORIENTED_EDGE('',*,*,#18341,.T.);
#18341 = EDGE_CURVE('',#4770,#10251,#18342,.T.);
#18342 = LINE('',#18343,#18344);
#18343 = CARTESIAN_POINT('',(369.1275,-154.314,-4.6E-02));
#18344 = VECTOR('',#18345,1.);
#18345 = DIRECTION('',(0.,0.,1.));
#18346 = ORIENTED_EDGE('',*,*,#10250,.F.);
#18347 = ORIENTED_EDGE('',*,*,#18341,.F.);
#18348 = CYLINDRICAL_SURFACE('',#18349,1.524);
#18349 = AXIS2_PLACEMENT_3D('',#18350,#18351,#18352);
#18350 = CARTESIAN_POINT('',(369.1275,-152.79,-4.6E-02));
#18351 = DIRECTION('',(-0.,-0.,-1.));
#18352 = DIRECTION('',(-0.,-1.,0.));
#18353 = ADVANCED_FACE('',(#18354),#18365,.F.);
#18354 = FACE_BOUND('',#18355,.T.);
#18355 = EDGE_LOOP('',(#18356,#18357,#18363,#18364));
#18356 = ORIENTED_EDGE('',*,*,#4780,.T.);
#18357 = ORIENTED_EDGE('',*,*,#18358,.T.);
#18358 = EDGE_CURVE('',#4781,#10262,#18359,.T.);
#18359 = LINE('',#18360,#18361);
#18360 = CARTESIAN_POINT('',(373.89,-149.535,-4.6E-02));
#18361 = VECTOR('',#18362,1.);
#18362 = DIRECTION('',(0.,0.,1.));
#18363 = ORIENTED_EDGE('',*,*,#10261,.F.);
#18364 = ORIENTED_EDGE('',*,*,#18358,.F.);
#18365 = CYLINDRICAL_SURFACE('',#18366,0.4);
#18366 = AXIS2_PLACEMENT_3D('',#18367,#18368,#18369);
#18367 = CARTESIAN_POINT('',(373.89,-149.135,-4.6E-02));
#18368 = DIRECTION('',(-0.,-0.,-1.));
#18369 = DIRECTION('',(-0.,-1.,0.));
#18370 = ADVANCED_FACE('',(#18371),#18382,.F.);
#18371 = FACE_BOUND('',#18372,.T.);
#18372 = EDGE_LOOP('',(#18373,#18374,#18380,#18381));
#18373 = ORIENTED_EDGE('',*,*,#4791,.T.);
#18374 = ORIENTED_EDGE('',*,*,#18375,.T.);
#18375 = EDGE_CURVE('',#4792,#10273,#18376,.T.);
#18376 = LINE('',#18377,#18378);
#18377 = CARTESIAN_POINT('',(311.9775,-141.915,-4.6E-02));
#18378 = VECTOR('',#18379,1.);
#18379 = DIRECTION('',(0.,0.,1.));
#18380 = ORIENTED_EDGE('',*,*,#10272,.F.);
#18381 = ORIENTED_EDGE('',*,*,#18375,.F.);
#18382 = CYLINDRICAL_SURFACE('',#18383,0.4);
#18383 = AXIS2_PLACEMENT_3D('',#18384,#18385,#18386);
#18384 = CARTESIAN_POINT('',(311.9775,-141.515,-4.6E-02));
#18385 = DIRECTION('',(-0.,0.,-1.));
#18386 = DIRECTION('',(1.42108547152E-13,-1.,-0.));
#18387 = ADVANCED_FACE('',(#18388),#18399,.F.);
#18388 = FACE_BOUND('',#18389,.T.);
#18389 = EDGE_LOOP('',(#18390,#18391,#18397,#18398));
#18390 = ORIENTED_EDGE('',*,*,#4802,.T.);
#18391 = ORIENTED_EDGE('',*,*,#18392,.T.);
#18392 = EDGE_CURVE('',#4803,#10284,#18393,.T.);
#18393 = LINE('',#18394,#18395);
#18394 = CARTESIAN_POINT('',(307.5325,-141.6,-4.6E-02));
#18395 = VECTOR('',#18396,1.);
#18396 = DIRECTION('',(0.,0.,1.));
#18397 = ORIENTED_EDGE('',*,*,#10283,.F.);
#18398 = ORIENTED_EDGE('',*,*,#18392,.F.);
#18399 = CYLINDRICAL_SURFACE('',#18400,0.875);
#18400 = AXIS2_PLACEMENT_3D('',#18401,#18402,#18403);
#18401 = CARTESIAN_POINT('',(307.5325,-140.725,-4.6E-02));
#18402 = DIRECTION('',(-0.,-0.,-1.));
#18403 = DIRECTION('',(-0.,-1.,0.));
#18404 = ADVANCED_FACE('',(#18405),#18416,.F.);
#18405 = FACE_BOUND('',#18406,.T.);
#18406 = EDGE_LOOP('',(#18407,#18408,#18414,#18415));
#18407 = ORIENTED_EDGE('',*,*,#4813,.T.);
#18408 = ORIENTED_EDGE('',*,*,#18409,.T.);
#18409 = EDGE_CURVE('',#4814,#10295,#18410,.T.);
#18410 = LINE('',#18411,#18412);
#18411 = CARTESIAN_POINT('',(316.4225,-141.6,-4.6E-02));
#18412 = VECTOR('',#18413,1.);
#18413 = DIRECTION('',(0.,0.,1.));
#18414 = ORIENTED_EDGE('',*,*,#10294,.F.);
#18415 = ORIENTED_EDGE('',*,*,#18409,.F.);
#18416 = CYLINDRICAL_SURFACE('',#18417,0.875);
#18417 = AXIS2_PLACEMENT_3D('',#18418,#18419,#18420);
#18418 = CARTESIAN_POINT('',(316.4225,-140.725,-4.6E-02));
#18419 = DIRECTION('',(-0.,-0.,-1.));
#18420 = DIRECTION('',(-0.,-1.,0.));
#18421 = ADVANCED_FACE('',(#18422),#18433,.F.);
#18422 = FACE_BOUND('',#18423,.T.);
#18423 = EDGE_LOOP('',(#18424,#18425,#18431,#18432));
#18424 = ORIENTED_EDGE('',*,*,#4824,.T.);
#18425 = ORIENTED_EDGE('',*,*,#18426,.T.);
#18426 = EDGE_CURVE('',#4825,#10306,#18427,.T.);
#18427 = LINE('',#18428,#18429);
#18428 = CARTESIAN_POINT('',(321.5025,-142.7189,-4.6E-02));
#18429 = VECTOR('',#18430,1.);
#18430 = DIRECTION('',(0.,0.,1.));
#18431 = ORIENTED_EDGE('',*,*,#10305,.F.);
#18432 = ORIENTED_EDGE('',*,*,#18426,.F.);
#18433 = CYLINDRICAL_SURFACE('',#18434,1.9939);
#18434 = AXIS2_PLACEMENT_3D('',#18435,#18436,#18437);
#18435 = CARTESIAN_POINT('',(321.5025,-140.725,-4.6E-02));
#18436 = DIRECTION('',(-0.,-0.,-1.));
#18437 = DIRECTION('',(-0.,-1.,0.));
#18438 = ADVANCED_FACE('',(#18439),#18450,.F.);
#18439 = FACE_BOUND('',#18440,.T.);
#18440 = EDGE_LOOP('',(#18441,#18442,#18448,#18449));
#18441 = ORIENTED_EDGE('',*,*,#4835,.T.);
#18442 = ORIENTED_EDGE('',*,*,#18443,.T.);
#18443 = EDGE_CURVE('',#4836,#10317,#18444,.T.);
#18444 = LINE('',#18445,#18446);
#18445 = CARTESIAN_POINT('',(317.6925,-139.685,-4.6E-02));
#18446 = VECTOR('',#18447,1.);
#18447 = DIRECTION('',(0.,0.,1.));
#18448 = ORIENTED_EDGE('',*,*,#10316,.F.);
#18449 = ORIENTED_EDGE('',*,*,#18443,.F.);
#18450 = CYLINDRICAL_SURFACE('',#18451,1.5);
#18451 = AXIS2_PLACEMENT_3D('',#18452,#18453,#18454);
#18452 = CARTESIAN_POINT('',(317.6925,-138.185,-4.6E-02));
#18453 = DIRECTION('',(-0.,-0.,-1.));
#18454 = DIRECTION('',(-0.,-1.,0.));
#18455 = ADVANCED_FACE('',(#18456),#18467,.F.);
#18456 = FACE_BOUND('',#18457,.T.);
#18457 = EDGE_LOOP('',(#18458,#18459,#18465,#18466));
#18458 = ORIENTED_EDGE('',*,*,#4846,.T.);
#18459 = ORIENTED_EDGE('',*,*,#18460,.T.);
#18460 = EDGE_CURVE('',#4847,#10328,#18461,.T.);
#18461 = LINE('',#18462,#18463);
#18462 = CARTESIAN_POINT('',(331.0275,-141.915,-4.6E-02));
#18463 = VECTOR('',#18464,1.);
#18464 = DIRECTION('',(0.,0.,1.));
#18465 = ORIENTED_EDGE('',*,*,#10327,.F.);
#18466 = ORIENTED_EDGE('',*,*,#18460,.F.);
#18467 = CYLINDRICAL_SURFACE('',#18468,0.4);
#18468 = AXIS2_PLACEMENT_3D('',#18469,#18470,#18471);
#18469 = CARTESIAN_POINT('',(331.0275,-141.515,-4.6E-02));
#18470 = DIRECTION('',(-0.,-0.,-1.));
#18471 = DIRECTION('',(-1.42108547152E-13,-1.,0.));
#18472 = ADVANCED_FACE('',(#18473),#18484,.F.);
#18473 = FACE_BOUND('',#18474,.T.);
#18474 = EDGE_LOOP('',(#18475,#18476,#18482,#18483));
#18475 = ORIENTED_EDGE('',*,*,#4857,.T.);
#18476 = ORIENTED_EDGE('',*,*,#18477,.T.);
#18477 = EDGE_CURVE('',#4858,#10339,#18478,.T.);
#18478 = LINE('',#18479,#18480);
#18479 = CARTESIAN_POINT('',(326.5825,-141.6,-4.6E-02));
#18480 = VECTOR('',#18481,1.);
#18481 = DIRECTION('',(0.,0.,1.));
#18482 = ORIENTED_EDGE('',*,*,#10338,.F.);
#18483 = ORIENTED_EDGE('',*,*,#18477,.F.);
#18484 = CYLINDRICAL_SURFACE('',#18485,0.875);
#18485 = AXIS2_PLACEMENT_3D('',#18486,#18487,#18488);
#18486 = CARTESIAN_POINT('',(326.5825,-140.725,-4.6E-02));
#18487 = DIRECTION('',(-0.,-0.,-1.));
#18488 = DIRECTION('',(-0.,-1.,0.));
#18489 = ADVANCED_FACE('',(#18490),#18501,.F.);
#18490 = FACE_BOUND('',#18491,.T.);
#18491 = EDGE_LOOP('',(#18492,#18493,#18499,#18500));
#18492 = ORIENTED_EDGE('',*,*,#4868,.T.);
#18493 = ORIENTED_EDGE('',*,*,#18494,.T.);
#18494 = EDGE_CURVE('',#4869,#10350,#18495,.T.);
#18495 = LINE('',#18496,#18497);
#18496 = CARTESIAN_POINT('',(335.4725,-141.6,-4.6E-02));
#18497 = VECTOR('',#18498,1.);
#18498 = DIRECTION('',(0.,0.,1.));
#18499 = ORIENTED_EDGE('',*,*,#10349,.F.);
#18500 = ORIENTED_EDGE('',*,*,#18494,.F.);
#18501 = CYLINDRICAL_SURFACE('',#18502,0.875);
#18502 = AXIS2_PLACEMENT_3D('',#18503,#18504,#18505);
#18503 = CARTESIAN_POINT('',(335.4725,-140.725,-4.6E-02));
#18504 = DIRECTION('',(-0.,-0.,-1.));
#18505 = DIRECTION('',(-0.,-1.,0.));
#18506 = ADVANCED_FACE('',(#18507),#18518,.F.);
#18507 = FACE_BOUND('',#18508,.T.);
#18508 = EDGE_LOOP('',(#18509,#18510,#18516,#18517));
#18509 = ORIENTED_EDGE('',*,*,#4879,.T.);
#18510 = ORIENTED_EDGE('',*,*,#18511,.T.);
#18511 = EDGE_CURVE('',#4880,#10361,#18512,.T.);
#18512 = LINE('',#18513,#18514);
#18513 = CARTESIAN_POINT('',(340.5525,-142.7189,-4.6E-02));
#18514 = VECTOR('',#18515,1.);
#18515 = DIRECTION('',(0.,0.,1.));
#18516 = ORIENTED_EDGE('',*,*,#10360,.F.);
#18517 = ORIENTED_EDGE('',*,*,#18511,.F.);
#18518 = CYLINDRICAL_SURFACE('',#18519,1.9939);
#18519 = AXIS2_PLACEMENT_3D('',#18520,#18521,#18522);
#18520 = CARTESIAN_POINT('',(340.5525,-140.725,-4.6E-02));
#18521 = DIRECTION('',(-0.,-0.,-1.));
#18522 = DIRECTION('',(-0.,-1.,0.));
#18523 = ADVANCED_FACE('',(#18524),#18535,.F.);
#18524 = FACE_BOUND('',#18525,.T.);
#18525 = EDGE_LOOP('',(#18526,#18527,#18533,#18534));
#18526 = ORIENTED_EDGE('',*,*,#4890,.T.);
#18527 = ORIENTED_EDGE('',*,*,#18528,.T.);
#18528 = EDGE_CURVE('',#4891,#10372,#18529,.T.);
#18529 = LINE('',#18530,#18531);
#18530 = CARTESIAN_POINT('',(336.7425,-139.685,-4.6E-02));
#18531 = VECTOR('',#18532,1.);
#18532 = DIRECTION('',(0.,0.,1.));
#18533 = ORIENTED_EDGE('',*,*,#10371,.F.);
#18534 = ORIENTED_EDGE('',*,*,#18528,.F.);
#18535 = CYLINDRICAL_SURFACE('',#18536,1.5);
#18536 = AXIS2_PLACEMENT_3D('',#18537,#18538,#18539);
#18537 = CARTESIAN_POINT('',(336.7425,-138.185,-4.6E-02));
#18538 = DIRECTION('',(-0.,-0.,-1.));
#18539 = DIRECTION('',(-0.,-1.,0.));
#18540 = ADVANCED_FACE('',(#18541),#18552,.F.);
#18541 = FACE_BOUND('',#18542,.T.);
#18542 = EDGE_LOOP('',(#18543,#18544,#18550,#18551));
#18543 = ORIENTED_EDGE('',*,*,#4901,.T.);
#18544 = ORIENTED_EDGE('',*,*,#18545,.T.);
#18545 = EDGE_CURVE('',#4902,#10383,#18546,.T.);
#18546 = LINE('',#18547,#18548);
#18547 = CARTESIAN_POINT('',(350.0775,-141.915,-4.6E-02));
#18548 = VECTOR('',#18549,1.);
#18549 = DIRECTION('',(0.,0.,1.));
#18550 = ORIENTED_EDGE('',*,*,#10382,.F.);
#18551 = ORIENTED_EDGE('',*,*,#18545,.F.);
#18552 = CYLINDRICAL_SURFACE('',#18553,0.4);
#18553 = AXIS2_PLACEMENT_3D('',#18554,#18555,#18556);
#18554 = CARTESIAN_POINT('',(350.0775,-141.515,-4.6E-02));
#18555 = DIRECTION('',(-0.,-0.,-1.));
#18556 = DIRECTION('',(-0.,-1.,0.));
#18557 = ADVANCED_FACE('',(#18558),#18569,.F.);
#18558 = FACE_BOUND('',#18559,.T.);
#18559 = EDGE_LOOP('',(#18560,#18561,#18567,#18568));
#18560 = ORIENTED_EDGE('',*,*,#4912,.T.);
#18561 = ORIENTED_EDGE('',*,*,#18562,.T.);
#18562 = EDGE_CURVE('',#4913,#10394,#18563,.T.);
#18563 = LINE('',#18564,#18565);
#18564 = CARTESIAN_POINT('',(345.6325,-141.6,-4.6E-02));
#18565 = VECTOR('',#18566,1.);
#18566 = DIRECTION('',(0.,0.,1.));
#18567 = ORIENTED_EDGE('',*,*,#10393,.F.);
#18568 = ORIENTED_EDGE('',*,*,#18562,.F.);
#18569 = CYLINDRICAL_SURFACE('',#18570,0.875);
#18570 = AXIS2_PLACEMENT_3D('',#18571,#18572,#18573);
#18571 = CARTESIAN_POINT('',(345.6325,-140.725,-4.6E-02));
#18572 = DIRECTION('',(-0.,-0.,-1.));
#18573 = DIRECTION('',(-0.,-1.,0.));
#18574 = ADVANCED_FACE('',(#18575),#18586,.F.);
#18575 = FACE_BOUND('',#18576,.T.);
#18576 = EDGE_LOOP('',(#18577,#18578,#18584,#18585));
#18577 = ORIENTED_EDGE('',*,*,#4923,.T.);
#18578 = ORIENTED_EDGE('',*,*,#18579,.T.);
#18579 = EDGE_CURVE('',#4924,#10405,#18580,.T.);
#18580 = LINE('',#18581,#18582);
#18581 = CARTESIAN_POINT('',(359.285,-141.6,-4.6E-02));
#18582 = VECTOR('',#18583,1.);
#18583 = DIRECTION('',(0.,0.,1.));
#18584 = ORIENTED_EDGE('',*,*,#10404,.F.);
#18585 = ORIENTED_EDGE('',*,*,#18579,.F.);
#18586 = CYLINDRICAL_SURFACE('',#18587,0.875);
#18587 = AXIS2_PLACEMENT_3D('',#18588,#18589,#18590);
#18588 = CARTESIAN_POINT('',(359.285,-140.725,-4.6E-02));
#18589 = DIRECTION('',(-0.,-0.,-1.));
#18590 = DIRECTION('',(-0.,-1.,0.));
#18591 = ADVANCED_FACE('',(#18592),#18603,.F.);
#18592 = FACE_BOUND('',#18593,.T.);
#18593 = EDGE_LOOP('',(#18594,#18595,#18601,#18602));
#18594 = ORIENTED_EDGE('',*,*,#4934,.T.);
#18595 = ORIENTED_EDGE('',*,*,#18596,.T.);
#18596 = EDGE_CURVE('',#4935,#10416,#18597,.T.);
#18597 = LINE('',#18598,#18599);
#18598 = CARTESIAN_POINT('',(351.918,-138.436,-4.6E-02));
#18599 = VECTOR('',#18600,1.);
#18600 = DIRECTION('',(0.,0.,1.));
#18601 = ORIENTED_EDGE('',*,*,#10415,.F.);
#18602 = ORIENTED_EDGE('',*,*,#18596,.F.);
#18603 = CYLINDRICAL_SURFACE('',#18604,1.35);
#18604 = AXIS2_PLACEMENT_3D('',#18605,#18606,#18607);
#18605 = CARTESIAN_POINT('',(351.918,-137.086,-4.6E-02));
#18606 = DIRECTION('',(-0.,-0.,-1.));
#18607 = DIRECTION('',(-0.,-1.,0.));
#18608 = ADVANCED_FACE('',(#18609),#18620,.F.);
#18609 = FACE_BOUND('',#18610,.T.);
#18610 = EDGE_LOOP('',(#18611,#18612,#18618,#18619));
#18611 = ORIENTED_EDGE('',*,*,#4945,.T.);
#18612 = ORIENTED_EDGE('',*,*,#18613,.T.);
#18613 = EDGE_CURVE('',#4946,#10427,#18614,.T.);
#18614 = LINE('',#18615,#18616);
#18615 = CARTESIAN_POINT('',(364.365,-142.7189,-4.6E-02));
#18616 = VECTOR('',#18617,1.);
#18617 = DIRECTION('',(0.,0.,1.));
#18618 = ORIENTED_EDGE('',*,*,#10426,.F.);
#18619 = ORIENTED_EDGE('',*,*,#18613,.F.);
#18620 = CYLINDRICAL_SURFACE('',#18621,1.9939);
#18621 = AXIS2_PLACEMENT_3D('',#18622,#18623,#18624);
#18622 = CARTESIAN_POINT('',(364.365,-140.725,-4.6E-02));
#18623 = DIRECTION('',(-0.,-0.,-1.));
#18624 = DIRECTION('',(-0.,-1.,0.));
#18625 = ADVANCED_FACE('',(#18626),#18637,.F.);
#18626 = FACE_BOUND('',#18627,.T.);
#18627 = EDGE_LOOP('',(#18628,#18629,#18635,#18636));
#18628 = ORIENTED_EDGE('',*,*,#4956,.T.);
#18629 = ORIENTED_EDGE('',*,*,#18630,.T.);
#18630 = EDGE_CURVE('',#4957,#10438,#18631,.T.);
#18631 = LINE('',#18632,#18633);
#18632 = CARTESIAN_POINT('',(373.89,-141.915,-4.6E-02));
#18633 = VECTOR('',#18634,1.);
#18634 = DIRECTION('',(0.,0.,1.));
#18635 = ORIENTED_EDGE('',*,*,#10437,.F.);
#18636 = ORIENTED_EDGE('',*,*,#18630,.F.);
#18637 = CYLINDRICAL_SURFACE('',#18638,0.4);
#18638 = AXIS2_PLACEMENT_3D('',#18639,#18640,#18641);
#18639 = CARTESIAN_POINT('',(373.89,-141.515,-4.6E-02));
#18640 = DIRECTION('',(-0.,-0.,-1.));
#18641 = DIRECTION('',(-0.,-1.,0.));
#18642 = ADVANCED_FACE('',(#18643),#18654,.F.);
#18643 = FACE_BOUND('',#18644,.T.);
#18644 = EDGE_LOOP('',(#18645,#18646,#18652,#18653));
#18645 = ORIENTED_EDGE('',*,*,#4967,.T.);
#18646 = ORIENTED_EDGE('',*,*,#18647,.T.);
#18647 = EDGE_CURVE('',#4968,#10449,#18648,.T.);
#18648 = LINE('',#18649,#18650);
#18649 = CARTESIAN_POINT('',(369.445,-141.6,-4.6E-02));
#18650 = VECTOR('',#18651,1.);
#18651 = DIRECTION('',(0.,0.,1.));
#18652 = ORIENTED_EDGE('',*,*,#10448,.F.);
#18653 = ORIENTED_EDGE('',*,*,#18647,.F.);
#18654 = CYLINDRICAL_SURFACE('',#18655,0.875);
#18655 = AXIS2_PLACEMENT_3D('',#18656,#18657,#18658);
#18656 = CARTESIAN_POINT('',(369.445,-140.725,-4.6E-02));
#18657 = DIRECTION('',(-0.,-0.,-1.));
#18658 = DIRECTION('',(-0.,-1.,0.));
#18659 = ADVANCED_FACE('',(#18660),#18671,.F.);
#18660 = FACE_BOUND('',#18661,.T.);
#18661 = EDGE_LOOP('',(#18662,#18663,#18669,#18670));
#18662 = ORIENTED_EDGE('',*,*,#4978,.T.);
#18663 = ORIENTED_EDGE('',*,*,#18664,.T.);
#18664 = EDGE_CURVE('',#4979,#10460,#18665,.T.);
#18665 = LINE('',#18666,#18667);
#18666 = CARTESIAN_POINT('',(360.555,-139.685,-4.6E-02));
#18667 = VECTOR('',#18668,1.);
#18668 = DIRECTION('',(0.,0.,1.));
#18669 = ORIENTED_EDGE('',*,*,#10459,.F.);
#18670 = ORIENTED_EDGE('',*,*,#18664,.F.);
#18671 = CYLINDRICAL_SURFACE('',#18672,1.5);
#18672 = AXIS2_PLACEMENT_3D('',#18673,#18674,#18675);
#18673 = CARTESIAN_POINT('',(360.555,-138.185,-4.6E-02));
#18674 = DIRECTION('',(-0.,-0.,-1.));
#18675 = DIRECTION('',(-0.,-1.,0.));
#18676 = ADVANCED_FACE('',(#18677),#18688,.F.);
#18677 = FACE_BOUND('',#18678,.T.);
#18678 = EDGE_LOOP('',(#18679,#18680,#18686,#18687));
#18679 = ORIENTED_EDGE('',*,*,#4989,.T.);
#18680 = ORIENTED_EDGE('',*,*,#18681,.T.);
#18681 = EDGE_CURVE('',#4990,#10471,#18682,.T.);
#18682 = LINE('',#18683,#18684);
#18683 = CARTESIAN_POINT('',(247.8425,-137.145,-4.6E-02));
#18684 = VECTOR('',#18685,1.);
#18685 = DIRECTION('',(0.,0.,1.));
#18686 = ORIENTED_EDGE('',*,*,#10470,.F.);
#18687 = ORIENTED_EDGE('',*,*,#18681,.F.);
#18688 = CYLINDRICAL_SURFACE('',#18689,1.5);
#18689 = AXIS2_PLACEMENT_3D('',#18690,#18691,#18692);
#18690 = CARTESIAN_POINT('',(247.8425,-135.645,-4.6E-02));
#18691 = DIRECTION('',(-0.,-0.,-1.));
#18692 = DIRECTION('',(-0.,-1.,0.));
#18693 = ADVANCED_FACE('',(#18694),#18705,.F.);
#18694 = FACE_BOUND('',#18695,.T.);
#18695 = EDGE_LOOP('',(#18696,#18697,#18703,#18704));
#18696 = ORIENTED_EDGE('',*,*,#5000,.T.);
#18697 = ORIENTED_EDGE('',*,*,#18698,.T.);
#18698 = EDGE_CURVE('',#5001,#10482,#18699,.T.);
#18699 = LINE('',#18700,#18701);
#18700 = CARTESIAN_POINT('',(266.8925,-137.145,-4.6E-02));
#18701 = VECTOR('',#18702,1.);
#18702 = DIRECTION('',(0.,0.,1.));
#18703 = ORIENTED_EDGE('',*,*,#10481,.F.);
#18704 = ORIENTED_EDGE('',*,*,#18698,.F.);
#18705 = CYLINDRICAL_SURFACE('',#18706,1.5);
#18706 = AXIS2_PLACEMENT_3D('',#18707,#18708,#18709);
#18707 = CARTESIAN_POINT('',(266.8925,-135.645,-4.6E-02));
#18708 = DIRECTION('',(-0.,-0.,-1.));
#18709 = DIRECTION('',(-0.,-1.,0.));
#18710 = ADVANCED_FACE('',(#18711),#18722,.F.);
#18711 = FACE_BOUND('',#18712,.T.);
#18712 = EDGE_LOOP('',(#18713,#18714,#18720,#18721));
#18713 = ORIENTED_EDGE('',*,*,#5011,.T.);
#18714 = ORIENTED_EDGE('',*,*,#18715,.T.);
#18715 = EDGE_CURVE('',#5012,#10493,#18716,.T.);
#18716 = LINE('',#18717,#18718);
#18717 = CARTESIAN_POINT('',(245.2975,-130.485,-4.6E-02));
#18718 = VECTOR('',#18719,1.);
#18719 = DIRECTION('',(0.,0.,1.));
#18720 = ORIENTED_EDGE('',*,*,#10492,.F.);
#18721 = ORIENTED_EDGE('',*,*,#18715,.F.);
#18722 = CYLINDRICAL_SURFACE('',#18723,0.4);
#18723 = AXIS2_PLACEMENT_3D('',#18724,#18725,#18726);
#18724 = CARTESIAN_POINT('',(245.2975,-130.085,-4.6E-02));
#18725 = DIRECTION('',(-0.,-0.,-1.));
#18726 = DIRECTION('',(-0.,-1.,0.));
#18727 = ADVANCED_FACE('',(#18728),#18739,.F.);
#18728 = FACE_BOUND('',#18729,.T.);
#18729 = EDGE_LOOP('',(#18730,#18731,#18737,#18738));
#18730 = ORIENTED_EDGE('',*,*,#5022,.T.);
#18731 = ORIENTED_EDGE('',*,*,#18732,.T.);
#18732 = EDGE_CURVE('',#5023,#10504,#18733,.T.);
#18733 = LINE('',#18734,#18735);
#18734 = CARTESIAN_POINT('',(264.3475,-130.485,-4.6E-02));
#18735 = VECTOR('',#18736,1.);
#18736 = DIRECTION('',(0.,0.,1.));
#18737 = ORIENTED_EDGE('',*,*,#10503,.F.);
#18738 = ORIENTED_EDGE('',*,*,#18732,.F.);
#18739 = CYLINDRICAL_SURFACE('',#18740,0.4);
#18740 = AXIS2_PLACEMENT_3D('',#18741,#18742,#18743);
#18741 = CARTESIAN_POINT('',(264.3475,-130.085,-4.6E-02));
#18742 = DIRECTION('',(-0.,0.,-1.));
#18743 = DIRECTION('',(1.42108547152E-13,-1.,-0.));
#18744 = ADVANCED_FACE('',(#18745),#18756,.F.);
#18745 = FACE_BOUND('',#18746,.T.);
#18746 = EDGE_LOOP('',(#18747,#18748,#18754,#18755));
#18747 = ORIENTED_EDGE('',*,*,#5033,.T.);
#18748 = ORIENTED_EDGE('',*,*,#18749,.T.);
#18749 = EDGE_CURVE('',#5034,#10515,#18750,.T.);
#18750 = LINE('',#18751,#18752);
#18751 = CARTESIAN_POINT('',(285.9425,-137.145,-4.6E-02));
#18752 = VECTOR('',#18753,1.);
#18753 = DIRECTION('',(0.,0.,1.));
#18754 = ORIENTED_EDGE('',*,*,#10514,.F.);
#18755 = ORIENTED_EDGE('',*,*,#18749,.F.);
#18756 = CYLINDRICAL_SURFACE('',#18757,1.5);
#18757 = AXIS2_PLACEMENT_3D('',#18758,#18759,#18760);
#18758 = CARTESIAN_POINT('',(285.9425,-135.645,-4.6E-02));
#18759 = DIRECTION('',(-0.,-0.,-1.));
#18760 = DIRECTION('',(-0.,-1.,0.));
#18761 = ADVANCED_FACE('',(#18762),#18773,.F.);
#18762 = FACE_BOUND('',#18763,.T.);
#18763 = EDGE_LOOP('',(#18764,#18765,#18771,#18772));
#18764 = ORIENTED_EDGE('',*,*,#5044,.T.);
#18765 = ORIENTED_EDGE('',*,*,#18766,.T.);
#18766 = EDGE_CURVE('',#5045,#10526,#18767,.T.);
#18767 = LINE('',#18768,#18769);
#18768 = CARTESIAN_POINT('',(304.9925,-137.145,-4.6E-02));
#18769 = VECTOR('',#18770,1.);
#18770 = DIRECTION('',(0.,0.,1.));
#18771 = ORIENTED_EDGE('',*,*,#10525,.F.);
#18772 = ORIENTED_EDGE('',*,*,#18766,.F.);
#18773 = CYLINDRICAL_SURFACE('',#18774,1.5);
#18774 = AXIS2_PLACEMENT_3D('',#18775,#18776,#18777);
#18775 = CARTESIAN_POINT('',(304.9925,-135.645,-4.6E-02));
#18776 = DIRECTION('',(-0.,-0.,-1.));
#18777 = DIRECTION('',(-0.,-1.,0.));
#18778 = ADVANCED_FACE('',(#18779),#18790,.F.);
#18779 = FACE_BOUND('',#18780,.T.);
#18780 = EDGE_LOOP('',(#18781,#18782,#18788,#18789));
#18781 = ORIENTED_EDGE('',*,*,#5055,.T.);
#18782 = ORIENTED_EDGE('',*,*,#18783,.T.);
#18783 = EDGE_CURVE('',#5056,#10537,#18784,.T.);
#18784 = LINE('',#18785,#18786);
#18785 = CARTESIAN_POINT('',(283.3975,-130.485,-4.6E-02));
#18786 = VECTOR('',#18787,1.);
#18787 = DIRECTION('',(0.,0.,1.));
#18788 = ORIENTED_EDGE('',*,*,#10536,.F.);
#18789 = ORIENTED_EDGE('',*,*,#18783,.F.);
#18790 = CYLINDRICAL_SURFACE('',#18791,0.4);
#18791 = AXIS2_PLACEMENT_3D('',#18792,#18793,#18794);
#18792 = CARTESIAN_POINT('',(283.3975,-130.085,-4.6E-02));
#18793 = DIRECTION('',(-0.,-0.,-1.));
#18794 = DIRECTION('',(-1.42108547152E-13,-1.,0.));
#18795 = ADVANCED_FACE('',(#18796),#18807,.F.);
#18796 = FACE_BOUND('',#18797,.T.);
#18797 = EDGE_LOOP('',(#18798,#18799,#18805,#18806));
#18798 = ORIENTED_EDGE('',*,*,#5066,.T.);
#18799 = ORIENTED_EDGE('',*,*,#18800,.T.);
#18800 = EDGE_CURVE('',#5067,#10548,#18801,.T.);
#18801 = LINE('',#18802,#18803);
#18802 = CARTESIAN_POINT('',(302.4475,-130.485,-4.6E-02));
#18803 = VECTOR('',#18804,1.);
#18804 = DIRECTION('',(0.,0.,1.));
#18805 = ORIENTED_EDGE('',*,*,#10547,.F.);
#18806 = ORIENTED_EDGE('',*,*,#18800,.F.);
#18807 = CYLINDRICAL_SURFACE('',#18808,0.4);
#18808 = AXIS2_PLACEMENT_3D('',#18809,#18810,#18811);
#18809 = CARTESIAN_POINT('',(302.4475,-130.085,-4.6E-02));
#18810 = DIRECTION('',(-0.,-0.,-1.));
#18811 = DIRECTION('',(-0.,-1.,0.));
#18812 = ADVANCED_FACE('',(#18813),#18824,.F.);
#18813 = FACE_BOUND('',#18814,.T.);
#18814 = EDGE_LOOP('',(#18815,#18816,#18822,#18823));
#18815 = ORIENTED_EDGE('',*,*,#5077,.T.);
#18816 = ORIENTED_EDGE('',*,*,#18817,.T.);
#18817 = EDGE_CURVE('',#5078,#10559,#18818,.T.);
#18818 = LINE('',#18819,#18820);
#18819 = CARTESIAN_POINT('',(245.2975,-122.865,-4.6E-02));
#18820 = VECTOR('',#18821,1.);
#18821 = DIRECTION('',(0.,0.,1.));
#18822 = ORIENTED_EDGE('',*,*,#10558,.F.);
#18823 = ORIENTED_EDGE('',*,*,#18817,.F.);
#18824 = CYLINDRICAL_SURFACE('',#18825,0.4);
#18825 = AXIS2_PLACEMENT_3D('',#18826,#18827,#18828);
#18826 = CARTESIAN_POINT('',(245.2975,-122.465,-4.6E-02));
#18827 = DIRECTION('',(-0.,-0.,-1.));
#18828 = DIRECTION('',(-0.,-1.,0.));
#18829 = ADVANCED_FACE('',(#18830),#18841,.F.);
#18830 = FACE_BOUND('',#18831,.T.);
#18831 = EDGE_LOOP('',(#18832,#18833,#18839,#18840));
#18832 = ORIENTED_EDGE('',*,*,#5088,.T.);
#18833 = ORIENTED_EDGE('',*,*,#18834,.T.);
#18834 = EDGE_CURVE('',#5089,#10570,#18835,.T.);
#18835 = LINE('',#18836,#18837);
#18836 = CARTESIAN_POINT('',(240.8575,-122.55,-4.6E-02));
#18837 = VECTOR('',#18838,1.);
#18838 = DIRECTION('',(0.,0.,1.));
#18839 = ORIENTED_EDGE('',*,*,#10569,.F.);
#18840 = ORIENTED_EDGE('',*,*,#18834,.F.);
#18841 = CYLINDRICAL_SURFACE('',#18842,0.875);
#18842 = AXIS2_PLACEMENT_3D('',#18843,#18844,#18845);
#18843 = CARTESIAN_POINT('',(240.8575,-121.675,-4.6E-02));
#18844 = DIRECTION('',(-0.,-0.,-1.));
#18845 = DIRECTION('',(-0.,-1.,0.));
#18846 = ADVANCED_FACE('',(#18847),#18858,.F.);
#18847 = FACE_BOUND('',#18848,.T.);
#18848 = EDGE_LOOP('',(#18849,#18850,#18856,#18857));
#18849 = ORIENTED_EDGE('',*,*,#5099,.T.);
#18850 = ORIENTED_EDGE('',*,*,#18851,.T.);
#18851 = EDGE_CURVE('',#5100,#10581,#18852,.T.);
#18852 = LINE('',#18853,#18854);
#18853 = CARTESIAN_POINT('',(249.7475,-122.55,-4.6E-02));
#18854 = VECTOR('',#18855,1.);
#18855 = DIRECTION('',(0.,0.,1.));
#18856 = ORIENTED_EDGE('',*,*,#10580,.F.);
#18857 = ORIENTED_EDGE('',*,*,#18851,.F.);
#18858 = CYLINDRICAL_SURFACE('',#18859,0.875);
#18859 = AXIS2_PLACEMENT_3D('',#18860,#18861,#18862);
#18860 = CARTESIAN_POINT('',(249.7475,-121.675,-4.6E-02));
#18861 = DIRECTION('',(-0.,-0.,-1.));
#18862 = DIRECTION('',(-0.,-1.,0.));
#18863 = ADVANCED_FACE('',(#18864),#18875,.F.);
#18864 = FACE_BOUND('',#18865,.T.);
#18865 = EDGE_LOOP('',(#18866,#18867,#18873,#18874));
#18866 = ORIENTED_EDGE('',*,*,#5110,.T.);
#18867 = ORIENTED_EDGE('',*,*,#18868,.T.);
#18868 = EDGE_CURVE('',#5111,#10592,#18869,.T.);
#18869 = LINE('',#18870,#18871);
#18870 = CARTESIAN_POINT('',(251.0175,-120.635,-4.6E-02));
#18871 = VECTOR('',#18872,1.);
#18872 = DIRECTION('',(0.,0.,1.));
#18873 = ORIENTED_EDGE('',*,*,#10591,.F.);
#18874 = ORIENTED_EDGE('',*,*,#18868,.F.);
#18875 = CYLINDRICAL_SURFACE('',#18876,1.5);
#18876 = AXIS2_PLACEMENT_3D('',#18877,#18878,#18879);
#18877 = CARTESIAN_POINT('',(251.0175,-119.135,-4.6E-02));
#18878 = DIRECTION('',(-0.,-0.,-1.));
#18879 = DIRECTION('',(-0.,-1.,0.));
#18880 = ADVANCED_FACE('',(#18881),#18892,.F.);
#18881 = FACE_BOUND('',#18882,.T.);
#18882 = EDGE_LOOP('',(#18883,#18884,#18890,#18891));
#18883 = ORIENTED_EDGE('',*,*,#5121,.T.);
#18884 = ORIENTED_EDGE('',*,*,#18885,.T.);
#18885 = EDGE_CURVE('',#5122,#10603,#18886,.T.);
#18886 = LINE('',#18887,#18888);
#18887 = CARTESIAN_POINT('',(264.3475,-122.865,-4.6E-02));
#18888 = VECTOR('',#18889,1.);
#18889 = DIRECTION('',(0.,0.,1.));
#18890 = ORIENTED_EDGE('',*,*,#10602,.F.);
#18891 = ORIENTED_EDGE('',*,*,#18885,.F.);
#18892 = CYLINDRICAL_SURFACE('',#18893,0.4);
#18893 = AXIS2_PLACEMENT_3D('',#18894,#18895,#18896);
#18894 = CARTESIAN_POINT('',(264.3475,-122.465,-4.6E-02));
#18895 = DIRECTION('',(-0.,0.,-1.));
#18896 = DIRECTION('',(1.42108547152E-13,-1.,-0.));
#18897 = ADVANCED_FACE('',(#18898),#18909,.F.);
#18898 = FACE_BOUND('',#18899,.T.);
#18899 = EDGE_LOOP('',(#18900,#18901,#18907,#18908));
#18900 = ORIENTED_EDGE('',*,*,#5132,.T.);
#18901 = ORIENTED_EDGE('',*,*,#18902,.T.);
#18902 = EDGE_CURVE('',#5133,#10614,#18903,.T.);
#18903 = LINE('',#18904,#18905);
#18904 = CARTESIAN_POINT('',(254.8275,-123.6689,-4.6E-02));
#18905 = VECTOR('',#18906,1.);
#18906 = DIRECTION('',(0.,0.,1.));
#18907 = ORIENTED_EDGE('',*,*,#10613,.F.);
#18908 = ORIENTED_EDGE('',*,*,#18902,.F.);
#18909 = CYLINDRICAL_SURFACE('',#18910,1.9939);
#18910 = AXIS2_PLACEMENT_3D('',#18911,#18912,#18913);
#18911 = CARTESIAN_POINT('',(254.8275,-121.675,-4.6E-02));
#18912 = DIRECTION('',(-0.,-0.,-1.));
#18913 = DIRECTION('',(-0.,-1.,0.));
#18914 = ADVANCED_FACE('',(#18915),#18926,.F.);
#18915 = FACE_BOUND('',#18916,.T.);
#18916 = EDGE_LOOP('',(#18917,#18918,#18924,#18925));
#18917 = ORIENTED_EDGE('',*,*,#5143,.T.);
#18918 = ORIENTED_EDGE('',*,*,#18919,.T.);
#18919 = EDGE_CURVE('',#5144,#10625,#18920,.T.);
#18920 = LINE('',#18921,#18922);
#18921 = CARTESIAN_POINT('',(259.9075,-122.55,-4.6E-02));
#18922 = VECTOR('',#18923,1.);
#18923 = DIRECTION('',(0.,0.,1.));
#18924 = ORIENTED_EDGE('',*,*,#10624,.F.);
#18925 = ORIENTED_EDGE('',*,*,#18919,.F.);
#18926 = CYLINDRICAL_SURFACE('',#18927,0.875);
#18927 = AXIS2_PLACEMENT_3D('',#18928,#18929,#18930);
#18928 = CARTESIAN_POINT('',(259.9075,-121.675,-4.6E-02));
#18929 = DIRECTION('',(-0.,-0.,-1.));
#18930 = DIRECTION('',(-0.,-1.,0.));
#18931 = ADVANCED_FACE('',(#18932),#18943,.F.);
#18932 = FACE_BOUND('',#18933,.T.);
#18933 = EDGE_LOOP('',(#18934,#18935,#18941,#18942));
#18934 = ORIENTED_EDGE('',*,*,#5154,.T.);
#18935 = ORIENTED_EDGE('',*,*,#18936,.T.);
#18936 = EDGE_CURVE('',#5155,#10636,#18937,.T.);
#18937 = LINE('',#18938,#18939);
#18938 = CARTESIAN_POINT('',(268.7975,-122.55,-4.6E-02));
#18939 = VECTOR('',#18940,1.);
#18940 = DIRECTION('',(0.,0.,1.));
#18941 = ORIENTED_EDGE('',*,*,#10635,.F.);
#18942 = ORIENTED_EDGE('',*,*,#18936,.F.);
#18943 = CYLINDRICAL_SURFACE('',#18944,0.875);
#18944 = AXIS2_PLACEMENT_3D('',#18945,#18946,#18947);
#18945 = CARTESIAN_POINT('',(268.7975,-121.675,-4.6E-02));
#18946 = DIRECTION('',(-0.,-0.,-1.));
#18947 = DIRECTION('',(-0.,-1.,0.));
#18948 = ADVANCED_FACE('',(#18949),#18960,.F.);
#18949 = FACE_BOUND('',#18950,.T.);
#18950 = EDGE_LOOP('',(#18951,#18952,#18958,#18959));
#18951 = ORIENTED_EDGE('',*,*,#5165,.T.);
#18952 = ORIENTED_EDGE('',*,*,#18953,.T.);
#18953 = EDGE_CURVE('',#5166,#10647,#18954,.T.);
#18954 = LINE('',#18955,#18956);
#18955 = CARTESIAN_POINT('',(270.0675,-120.635,-4.6E-02));
#18956 = VECTOR('',#18957,1.);
#18957 = DIRECTION('',(0.,0.,1.));
#18958 = ORIENTED_EDGE('',*,*,#10646,.F.);
#18959 = ORIENTED_EDGE('',*,*,#18953,.F.);
#18960 = CYLINDRICAL_SURFACE('',#18961,1.5);
#18961 = AXIS2_PLACEMENT_3D('',#18962,#18963,#18964);
#18962 = CARTESIAN_POINT('',(270.0675,-119.135,-4.6E-02));
#18963 = DIRECTION('',(-0.,-0.,-1.));
#18964 = DIRECTION('',(-0.,-1.,0.));
#18965 = ADVANCED_FACE('',(#18966),#18977,.F.);
#18966 = FACE_BOUND('',#18967,.T.);
#18967 = EDGE_LOOP('',(#18968,#18969,#18975,#18976));
#18968 = ORIENTED_EDGE('',*,*,#5176,.T.);
#18969 = ORIENTED_EDGE('',*,*,#18970,.T.);
#18970 = EDGE_CURVE('',#5177,#10658,#18971,.T.);
#18971 = LINE('',#18972,#18973);
#18972 = CARTESIAN_POINT('',(238.3175,-118.095,-4.6E-02));
#18973 = VECTOR('',#18974,1.);
#18974 = DIRECTION('',(0.,0.,1.));
#18975 = ORIENTED_EDGE('',*,*,#10657,.F.);
#18976 = ORIENTED_EDGE('',*,*,#18970,.F.);
#18977 = CYLINDRICAL_SURFACE('',#18978,1.5);
#18978 = AXIS2_PLACEMENT_3D('',#18979,#18980,#18981);
#18979 = CARTESIAN_POINT('',(238.3175,-116.595,-4.6E-02));
#18980 = DIRECTION('',(-0.,-0.,-1.));
#18981 = DIRECTION('',(-0.,-1.,0.));
#18982 = ADVANCED_FACE('',(#18983),#18994,.F.);
#18983 = FACE_BOUND('',#18984,.T.);
#18984 = EDGE_LOOP('',(#18985,#18986,#18992,#18993));
#18985 = ORIENTED_EDGE('',*,*,#5187,.T.);
#18986 = ORIENTED_EDGE('',*,*,#18987,.T.);
#18987 = EDGE_CURVE('',#5188,#10669,#18988,.T.);
#18988 = LINE('',#18989,#18990);
#18989 = CARTESIAN_POINT('',(257.3675,-118.095,-4.6E-02));
#18990 = VECTOR('',#18991,1.);
#18991 = DIRECTION('',(0.,0.,1.));
#18992 = ORIENTED_EDGE('',*,*,#10668,.F.);
#18993 = ORIENTED_EDGE('',*,*,#18987,.F.);
#18994 = CYLINDRICAL_SURFACE('',#18995,1.5);
#18995 = AXIS2_PLACEMENT_3D('',#18996,#18997,#18998);
#18996 = CARTESIAN_POINT('',(257.3675,-116.595,-4.6E-02));
#18997 = DIRECTION('',(-0.,-0.,-1.));
#18998 = DIRECTION('',(-0.,-1.,0.));
#18999 = ADVANCED_FACE('',(#19000),#19011,.F.);
#19000 = FACE_BOUND('',#19001,.T.);
#19001 = EDGE_LOOP('',(#19002,#19003,#19009,#19010));
#19002 = ORIENTED_EDGE('',*,*,#5198,.T.);
#19003 = ORIENTED_EDGE('',*,*,#19004,.T.);
#19004 = EDGE_CURVE('',#5199,#10680,#19005,.T.);
#19005 = LINE('',#19006,#19007);
#19006 = CARTESIAN_POINT('',(283.3975,-122.865,-4.6E-02));
#19007 = VECTOR('',#19008,1.);
#19008 = DIRECTION('',(0.,0.,1.));
#19009 = ORIENTED_EDGE('',*,*,#10679,.F.);
#19010 = ORIENTED_EDGE('',*,*,#19004,.F.);
#19011 = CYLINDRICAL_SURFACE('',#19012,0.4);
#19012 = AXIS2_PLACEMENT_3D('',#19013,#19014,#19015);
#19013 = CARTESIAN_POINT('',(283.3975,-122.465,-4.6E-02));
#19014 = DIRECTION('',(-0.,-0.,-1.));
#19015 = DIRECTION('',(-1.42108547152E-13,-1.,0.));
#19016 = ADVANCED_FACE('',(#19017),#19028,.F.);
#19017 = FACE_BOUND('',#19018,.T.);
#19018 = EDGE_LOOP('',(#19019,#19020,#19026,#19027));
#19019 = ORIENTED_EDGE('',*,*,#5209,.T.);
#19020 = ORIENTED_EDGE('',*,*,#19021,.T.);
#19021 = EDGE_CURVE('',#5210,#10691,#19022,.T.);
#19022 = LINE('',#19023,#19024);
#19023 = CARTESIAN_POINT('',(273.8775,-123.6689,-4.6E-02));
#19024 = VECTOR('',#19025,1.);
#19025 = DIRECTION('',(0.,0.,1.));
#19026 = ORIENTED_EDGE('',*,*,#10690,.F.);
#19027 = ORIENTED_EDGE('',*,*,#19021,.F.);
#19028 = CYLINDRICAL_SURFACE('',#19029,1.9939);
#19029 = AXIS2_PLACEMENT_3D('',#19030,#19031,#19032);
#19030 = CARTESIAN_POINT('',(273.8775,-121.675,-4.6E-02));
#19031 = DIRECTION('',(-0.,-0.,-1.));
#19032 = DIRECTION('',(-0.,-1.,0.));
#19033 = ADVANCED_FACE('',(#19034),#19045,.F.);
#19034 = FACE_BOUND('',#19035,.T.);
#19035 = EDGE_LOOP('',(#19036,#19037,#19043,#19044));
#19036 = ORIENTED_EDGE('',*,*,#5220,.T.);
#19037 = ORIENTED_EDGE('',*,*,#19038,.T.);
#19038 = EDGE_CURVE('',#5221,#10702,#19039,.T.);
#19039 = LINE('',#19040,#19041);
#19040 = CARTESIAN_POINT('',(278.9575,-122.55,-4.6E-02));
#19041 = VECTOR('',#19042,1.);
#19042 = DIRECTION('',(0.,0.,1.));
#19043 = ORIENTED_EDGE('',*,*,#10701,.F.);
#19044 = ORIENTED_EDGE('',*,*,#19038,.F.);
#19045 = CYLINDRICAL_SURFACE('',#19046,0.875);
#19046 = AXIS2_PLACEMENT_3D('',#19047,#19048,#19049);
#19047 = CARTESIAN_POINT('',(278.9575,-121.675,-4.6E-02));
#19048 = DIRECTION('',(-0.,-0.,-1.));
#19049 = DIRECTION('',(-0.,-1.,0.));
#19050 = ADVANCED_FACE('',(#19051),#19062,.F.);
#19051 = FACE_BOUND('',#19052,.T.);
#19052 = EDGE_LOOP('',(#19053,#19054,#19060,#19061));
#19053 = ORIENTED_EDGE('',*,*,#5231,.T.);
#19054 = ORIENTED_EDGE('',*,*,#19055,.T.);
#19055 = EDGE_CURVE('',#5232,#10713,#19056,.T.);
#19056 = LINE('',#19057,#19058);
#19057 = CARTESIAN_POINT('',(287.8475,-122.55,-4.6E-02));
#19058 = VECTOR('',#19059,1.);
#19059 = DIRECTION('',(0.,0.,1.));
#19060 = ORIENTED_EDGE('',*,*,#10712,.F.);
#19061 = ORIENTED_EDGE('',*,*,#19055,.F.);
#19062 = CYLINDRICAL_SURFACE('',#19063,0.875);
#19063 = AXIS2_PLACEMENT_3D('',#19064,#19065,#19066);
#19064 = CARTESIAN_POINT('',(287.8475,-121.675,-4.6E-02));
#19065 = DIRECTION('',(-0.,-0.,-1.));
#19066 = DIRECTION('',(-0.,-1.,0.));
#19067 = ADVANCED_FACE('',(#19068),#19079,.F.);
#19068 = FACE_BOUND('',#19069,.T.);
#19069 = EDGE_LOOP('',(#19070,#19071,#19077,#19078));
#19070 = ORIENTED_EDGE('',*,*,#5242,.T.);
#19071 = ORIENTED_EDGE('',*,*,#19072,.T.);
#19072 = EDGE_CURVE('',#5243,#10724,#19073,.T.);
#19073 = LINE('',#19074,#19075);
#19074 = CARTESIAN_POINT('',(289.1175,-120.635,-4.6E-02));
#19075 = VECTOR('',#19076,1.);
#19076 = DIRECTION('',(0.,0.,1.));
#19077 = ORIENTED_EDGE('',*,*,#10723,.F.);
#19078 = ORIENTED_EDGE('',*,*,#19072,.F.);
#19079 = CYLINDRICAL_SURFACE('',#19080,1.5);
#19080 = AXIS2_PLACEMENT_3D('',#19081,#19082,#19083);
#19081 = CARTESIAN_POINT('',(289.1175,-119.135,-4.6E-02));
#19082 = DIRECTION('',(-0.,-0.,-1.));
#19083 = DIRECTION('',(-0.,-1.,0.));
#19084 = ADVANCED_FACE('',(#19085),#19096,.F.);
#19085 = FACE_BOUND('',#19086,.T.);
#19086 = EDGE_LOOP('',(#19087,#19088,#19094,#19095));
#19087 = ORIENTED_EDGE('',*,*,#5253,.T.);
#19088 = ORIENTED_EDGE('',*,*,#19089,.T.);
#19089 = EDGE_CURVE('',#5254,#10735,#19090,.T.);
#19090 = LINE('',#19091,#19092);
#19091 = CARTESIAN_POINT('',(302.4475,-122.865,-4.6E-02));
#19092 = VECTOR('',#19093,1.);
#19093 = DIRECTION('',(0.,0.,1.));
#19094 = ORIENTED_EDGE('',*,*,#10734,.F.);
#19095 = ORIENTED_EDGE('',*,*,#19089,.F.);
#19096 = CYLINDRICAL_SURFACE('',#19097,0.4);
#19097 = AXIS2_PLACEMENT_3D('',#19098,#19099,#19100);
#19098 = CARTESIAN_POINT('',(302.4475,-122.465,-4.6E-02));
#19099 = DIRECTION('',(-0.,-0.,-1.));
#19100 = DIRECTION('',(-0.,-1.,0.));
#19101 = ADVANCED_FACE('',(#19102),#19113,.F.);
#19102 = FACE_BOUND('',#19103,.T.);
#19103 = EDGE_LOOP('',(#19104,#19105,#19111,#19112));
#19104 = ORIENTED_EDGE('',*,*,#5264,.T.);
#19105 = ORIENTED_EDGE('',*,*,#19106,.T.);
#19106 = EDGE_CURVE('',#5265,#10746,#19107,.T.);
#19107 = LINE('',#19108,#19109);
#19108 = CARTESIAN_POINT('',(292.9275,-123.6689,-4.6E-02));
#19109 = VECTOR('',#19110,1.);
#19110 = DIRECTION('',(0.,0.,1.));
#19111 = ORIENTED_EDGE('',*,*,#10745,.F.);
#19112 = ORIENTED_EDGE('',*,*,#19106,.F.);
#19113 = CYLINDRICAL_SURFACE('',#19114,1.9939);
#19114 = AXIS2_PLACEMENT_3D('',#19115,#19116,#19117);
#19115 = CARTESIAN_POINT('',(292.9275,-121.675,-4.6E-02));
#19116 = DIRECTION('',(-0.,-0.,-1.));
#19117 = DIRECTION('',(-0.,-1.,0.));
#19118 = ADVANCED_FACE('',(#19119),#19130,.F.);
#19119 = FACE_BOUND('',#19120,.T.);
#19120 = EDGE_LOOP('',(#19121,#19122,#19128,#19129));
#19121 = ORIENTED_EDGE('',*,*,#5275,.T.);
#19122 = ORIENTED_EDGE('',*,*,#19123,.T.);
#19123 = EDGE_CURVE('',#5276,#10757,#19124,.T.);
#19124 = LINE('',#19125,#19126);
#19125 = CARTESIAN_POINT('',(298.0075,-122.55,-4.6E-02));
#19126 = VECTOR('',#19127,1.);
#19127 = DIRECTION('',(0.,0.,1.));
#19128 = ORIENTED_EDGE('',*,*,#10756,.F.);
#19129 = ORIENTED_EDGE('',*,*,#19123,.F.);
#19130 = CYLINDRICAL_SURFACE('',#19131,0.875);
#19131 = AXIS2_PLACEMENT_3D('',#19132,#19133,#19134);
#19132 = CARTESIAN_POINT('',(298.0075,-121.675,-4.6E-02));
#19133 = DIRECTION('',(-0.,-0.,-1.));
#19134 = DIRECTION('',(-0.,-1.,0.));
#19135 = ADVANCED_FACE('',(#19136),#19147,.F.);
#19136 = FACE_BOUND('',#19137,.T.);
#19137 = EDGE_LOOP('',(#19138,#19139,#19145,#19146));
#19138 = ORIENTED_EDGE('',*,*,#5286,.T.);
#19139 = ORIENTED_EDGE('',*,*,#19140,.T.);
#19140 = EDGE_CURVE('',#5287,#10768,#19141,.T.);
#19141 = LINE('',#19142,#19143);
#19142 = CARTESIAN_POINT('',(306.8975,-122.55,-4.6E-02));
#19143 = VECTOR('',#19144,1.);
#19144 = DIRECTION('',(0.,0.,1.));
#19145 = ORIENTED_EDGE('',*,*,#10767,.F.);
#19146 = ORIENTED_EDGE('',*,*,#19140,.F.);
#19147 = CYLINDRICAL_SURFACE('',#19148,0.875);
#19148 = AXIS2_PLACEMENT_3D('',#19149,#19150,#19151);
#19149 = CARTESIAN_POINT('',(306.8975,-121.675,-4.6E-02));
#19150 = DIRECTION('',(-0.,-0.,-1.));
#19151 = DIRECTION('',(-0.,-1.,0.));
#19152 = ADVANCED_FACE('',(#19153),#19164,.F.);
#19153 = FACE_BOUND('',#19154,.T.);
#19154 = EDGE_LOOP('',(#19155,#19156,#19162,#19163));
#19155 = ORIENTED_EDGE('',*,*,#5297,.T.);
#19156 = ORIENTED_EDGE('',*,*,#19157,.T.);
#19157 = EDGE_CURVE('',#5298,#10779,#19158,.T.);
#19158 = LINE('',#19159,#19160);
#19159 = CARTESIAN_POINT('',(276.4175,-118.095,-4.6E-02));
#19160 = VECTOR('',#19161,1.);
#19161 = DIRECTION('',(0.,0.,1.));
#19162 = ORIENTED_EDGE('',*,*,#10778,.F.);
#19163 = ORIENTED_EDGE('',*,*,#19157,.F.);
#19164 = CYLINDRICAL_SURFACE('',#19165,1.5);
#19165 = AXIS2_PLACEMENT_3D('',#19166,#19167,#19168);
#19166 = CARTESIAN_POINT('',(276.4175,-116.595,-4.6E-02));
#19167 = DIRECTION('',(-0.,-0.,-1.));
#19168 = DIRECTION('',(-0.,-1.,0.));
#19169 = ADVANCED_FACE('',(#19170),#19181,.F.);
#19170 = FACE_BOUND('',#19171,.T.);
#19171 = EDGE_LOOP('',(#19172,#19173,#19179,#19180));
#19172 = ORIENTED_EDGE('',*,*,#5308,.T.);
#19173 = ORIENTED_EDGE('',*,*,#19174,.T.);
#19174 = EDGE_CURVE('',#5309,#10790,#19175,.T.);
#19175 = LINE('',#19176,#19177);
#19176 = CARTESIAN_POINT('',(295.4675,-118.095,-4.6E-02));
#19177 = VECTOR('',#19178,1.);
#19178 = DIRECTION('',(0.,0.,1.));
#19179 = ORIENTED_EDGE('',*,*,#10789,.F.);
#19180 = ORIENTED_EDGE('',*,*,#19174,.F.);
#19181 = CYLINDRICAL_SURFACE('',#19182,1.5);
#19182 = AXIS2_PLACEMENT_3D('',#19183,#19184,#19185);
#19183 = CARTESIAN_POINT('',(295.4675,-116.595,-4.6E-02));
#19184 = DIRECTION('',(-0.,-0.,-1.));
#19185 = DIRECTION('',(-0.,-1.,0.));
#19186 = ADVANCED_FACE('',(#19187),#19198,.F.);
#19187 = FACE_BOUND('',#19188,.T.);
#19188 = EDGE_LOOP('',(#19189,#19190,#19196,#19197));
#19189 = ORIENTED_EDGE('',*,*,#5319,.T.);
#19190 = ORIENTED_EDGE('',*,*,#19191,.T.);
#19191 = EDGE_CURVE('',#5320,#10801,#19192,.T.);
#19192 = LINE('',#19193,#19194);
#19193 = CARTESIAN_POINT('',(324.0425,-137.145,-4.6E-02));
#19194 = VECTOR('',#19195,1.);
#19195 = DIRECTION('',(0.,0.,1.));
#19196 = ORIENTED_EDGE('',*,*,#10800,.F.);
#19197 = ORIENTED_EDGE('',*,*,#19191,.F.);
#19198 = CYLINDRICAL_SURFACE('',#19199,1.5);
#19199 = AXIS2_PLACEMENT_3D('',#19200,#19201,#19202);
#19200 = CARTESIAN_POINT('',(324.0425,-135.645,-4.6E-02));
#19201 = DIRECTION('',(-0.,-0.,-1.));
#19202 = DIRECTION('',(-0.,-1.,0.));
#19203 = ADVANCED_FACE('',(#19204),#19215,.F.);
#19204 = FACE_BOUND('',#19205,.T.);
#19205 = EDGE_LOOP('',(#19206,#19207,#19213,#19214));
#19206 = ORIENTED_EDGE('',*,*,#5330,.T.);
#19207 = ORIENTED_EDGE('',*,*,#19208,.T.);
#19208 = EDGE_CURVE('',#5331,#10812,#19209,.T.);
#19209 = LINE('',#19210,#19211);
#19210 = CARTESIAN_POINT('',(321.4975,-130.485,-4.6E-02));
#19211 = VECTOR('',#19212,1.);
#19212 = DIRECTION('',(0.,0.,1.));
#19213 = ORIENTED_EDGE('',*,*,#10811,.F.);
#19214 = ORIENTED_EDGE('',*,*,#19208,.F.);
#19215 = CYLINDRICAL_SURFACE('',#19216,0.4);
#19216 = AXIS2_PLACEMENT_3D('',#19217,#19218,#19219);
#19217 = CARTESIAN_POINT('',(321.4975,-130.085,-4.6E-02));
#19218 = DIRECTION('',(-0.,-0.,-1.));
#19219 = DIRECTION('',(-0.,-1.,0.));
#19220 = ADVANCED_FACE('',(#19221),#19232,.F.);
#19221 = FACE_BOUND('',#19222,.T.);
#19222 = EDGE_LOOP('',(#19223,#19224,#19230,#19231));
#19223 = ORIENTED_EDGE('',*,*,#5341,.T.);
#19224 = ORIENTED_EDGE('',*,*,#19225,.T.);
#19225 = EDGE_CURVE('',#5342,#10823,#19226,.T.);
#19226 = LINE('',#19227,#19228);
#19227 = CARTESIAN_POINT('',(340.5475,-130.485,-4.6E-02));
#19228 = VECTOR('',#19229,1.);
#19229 = DIRECTION('',(0.,0.,1.));
#19230 = ORIENTED_EDGE('',*,*,#10822,.F.);
#19231 = ORIENTED_EDGE('',*,*,#19225,.F.);
#19232 = CYLINDRICAL_SURFACE('',#19233,0.4);
#19233 = AXIS2_PLACEMENT_3D('',#19234,#19235,#19236);
#19234 = CARTESIAN_POINT('',(340.5475,-130.085,-4.6E-02));
#19235 = DIRECTION('',(-0.,-0.,-1.));
#19236 = DIRECTION('',(-0.,-1.,0.));
#19237 = ADVANCED_FACE('',(#19238),#19249,.F.);
#19238 = FACE_BOUND('',#19239,.T.);
#19239 = EDGE_LOOP('',(#19240,#19241,#19247,#19248));
#19240 = ORIENTED_EDGE('',*,*,#5352,.T.);
#19241 = ORIENTED_EDGE('',*,*,#19242,.T.);
#19242 = EDGE_CURVE('',#5353,#10834,#19243,.T.);
#19243 = LINE('',#19244,#19245);
#19244 = CARTESIAN_POINT('',(343.0925,-137.145,-4.6E-02));
#19245 = VECTOR('',#19246,1.);
#19246 = DIRECTION('',(0.,0.,1.));
#19247 = ORIENTED_EDGE('',*,*,#10833,.F.);
#19248 = ORIENTED_EDGE('',*,*,#19242,.F.);
#19249 = CYLINDRICAL_SURFACE('',#19250,1.5);
#19250 = AXIS2_PLACEMENT_3D('',#19251,#19252,#19253);
#19251 = CARTESIAN_POINT('',(343.0925,-135.645,-4.6E-02));
#19252 = DIRECTION('',(-0.,-0.,-1.));
#19253 = DIRECTION('',(-0.,-1.,0.));
#19254 = ADVANCED_FACE('',(#19255),#19266,.F.);
#19255 = FACE_BOUND('',#19256,.T.);
#19256 = EDGE_LOOP('',(#19257,#19258,#19264,#19265));
#19257 = ORIENTED_EDGE('',*,*,#5363,.T.);
#19258 = ORIENTED_EDGE('',*,*,#19259,.T.);
#19259 = EDGE_CURVE('',#5364,#10845,#19260,.T.);
#19260 = LINE('',#19261,#19262);
#19261 = CARTESIAN_POINT('',(366.905,-137.145,-4.6E-02));
#19262 = VECTOR('',#19263,1.);
#19263 = DIRECTION('',(0.,0.,1.));
#19264 = ORIENTED_EDGE('',*,*,#10844,.F.);
#19265 = ORIENTED_EDGE('',*,*,#19259,.F.);
#19266 = CYLINDRICAL_SURFACE('',#19267,1.5);
#19267 = AXIS2_PLACEMENT_3D('',#19268,#19269,#19270);
#19268 = CARTESIAN_POINT('',(366.905,-135.645,-4.6E-02));
#19269 = DIRECTION('',(-0.,-0.,-1.));
#19270 = DIRECTION('',(-0.,-1.,0.));
#19271 = ADVANCED_FACE('',(#19272),#19283,.F.);
#19272 = FACE_BOUND('',#19273,.T.);
#19273 = EDGE_LOOP('',(#19274,#19275,#19281,#19282));
#19274 = ORIENTED_EDGE('',*,*,#5374,.T.);
#19275 = ORIENTED_EDGE('',*,*,#19276,.T.);
#19276 = EDGE_CURVE('',#5375,#10856,#19277,.T.);
#19277 = LINE('',#19278,#19279);
#19278 = CARTESIAN_POINT('',(347.69625,-131.9239,-4.6E-02));
#19279 = VECTOR('',#19280,1.);
#19280 = DIRECTION('',(0.,0.,1.));
#19281 = ORIENTED_EDGE('',*,*,#10855,.F.);
#19282 = ORIENTED_EDGE('',*,*,#19276,.F.);
#19283 = CYLINDRICAL_SURFACE('',#19284,1.9939);
#19284 = AXIS2_PLACEMENT_3D('',#19285,#19286,#19287);
#19285 = CARTESIAN_POINT('',(347.69625,-129.93,-4.6E-02));
#19286 = DIRECTION('',(-0.,-0.,-1.));
#19287 = DIRECTION('',(-0.,-1.,0.));
#19288 = ADVANCED_FACE('',(#19289),#19300,.F.);
#19289 = FACE_BOUND('',#19290,.T.);
#19290 = EDGE_LOOP('',(#19291,#19292,#19298,#19299));
#19291 = ORIENTED_EDGE('',*,*,#5385,.T.);
#19292 = ORIENTED_EDGE('',*,*,#19293,.T.);
#19293 = EDGE_CURVE('',#5386,#10867,#19294,.T.);
#19294 = LINE('',#19295,#19296);
#19295 = CARTESIAN_POINT('',(371.50875,-131.9239,-4.6E-02));
#19296 = VECTOR('',#19297,1.);
#19297 = DIRECTION('',(0.,0.,1.));
#19298 = ORIENTED_EDGE('',*,*,#10866,.F.);
#19299 = ORIENTED_EDGE('',*,*,#19293,.F.);
#19300 = CYLINDRICAL_SURFACE('',#19301,1.9939);
#19301 = AXIS2_PLACEMENT_3D('',#19302,#19303,#19304);
#19302 = CARTESIAN_POINT('',(371.50875,-129.93,-4.6E-02));
#19303 = DIRECTION('',(-0.,-0.,-1.));
#19304 = DIRECTION('',(-0.,-1.,0.));
#19305 = ADVANCED_FACE('',(#19306),#19317,.F.);
#19306 = FACE_BOUND('',#19307,.T.);
#19307 = EDGE_LOOP('',(#19308,#19309,#19315,#19316));
#19308 = ORIENTED_EDGE('',*,*,#5396,.T.);
#19309 = ORIENTED_EDGE('',*,*,#19310,.T.);
#19310 = EDGE_CURVE('',#5397,#10878,#19311,.T.);
#19311 = LINE('',#19312,#19313);
#19312 = CARTESIAN_POINT('',(375.7975,-130.485,-4.6E-02));
#19313 = VECTOR('',#19314,1.);
#19314 = DIRECTION('',(0.,0.,1.));
#19315 = ORIENTED_EDGE('',*,*,#10877,.F.);
#19316 = ORIENTED_EDGE('',*,*,#19310,.F.);
#19317 = CYLINDRICAL_SURFACE('',#19318,0.4);
#19318 = AXIS2_PLACEMENT_3D('',#19319,#19320,#19321);
#19319 = CARTESIAN_POINT('',(375.7975,-130.085,-4.6E-02));
#19320 = DIRECTION('',(-0.,-0.,-1.));
#19321 = DIRECTION('',(-0.,-1.,0.));
#19322 = ADVANCED_FACE('',(#19323),#19334,.F.);
#19323 = FACE_BOUND('',#19324,.T.);
#19324 = EDGE_LOOP('',(#19325,#19326,#19332,#19333));
#19325 = ORIENTED_EDGE('',*,*,#5407,.T.);
#19326 = ORIENTED_EDGE('',*,*,#19327,.T.);
#19327 = EDGE_CURVE('',#5408,#10889,#19328,.T.);
#19328 = LINE('',#19329,#19330);
#19329 = CARTESIAN_POINT('',(321.4975,-122.865,-4.6E-02));
#19330 = VECTOR('',#19331,1.);
#19331 = DIRECTION('',(0.,0.,1.));
#19332 = ORIENTED_EDGE('',*,*,#10888,.F.);
#19333 = ORIENTED_EDGE('',*,*,#19327,.F.);
#19334 = CYLINDRICAL_SURFACE('',#19335,0.4);
#19335 = AXIS2_PLACEMENT_3D('',#19336,#19337,#19338);
#19336 = CARTESIAN_POINT('',(321.4975,-122.465,-4.6E-02));
#19337 = DIRECTION('',(-0.,-0.,-1.));
#19338 = DIRECTION('',(-0.,-1.,0.));
#19339 = ADVANCED_FACE('',(#19340),#19351,.F.);
#19340 = FACE_BOUND('',#19341,.T.);
#19341 = EDGE_LOOP('',(#19342,#19343,#19349,#19350));
#19342 = ORIENTED_EDGE('',*,*,#5418,.T.);
#19343 = ORIENTED_EDGE('',*,*,#19344,.T.);
#19344 = EDGE_CURVE('',#5419,#10900,#19345,.T.);
#19345 = LINE('',#19346,#19347);
#19346 = CARTESIAN_POINT('',(311.9775,-123.6689,-4.6E-02));
#19347 = VECTOR('',#19348,1.);
#19348 = DIRECTION('',(0.,0.,1.));
#19349 = ORIENTED_EDGE('',*,*,#10899,.F.);
#19350 = ORIENTED_EDGE('',*,*,#19344,.F.);
#19351 = CYLINDRICAL_SURFACE('',#19352,1.9939);
#19352 = AXIS2_PLACEMENT_3D('',#19353,#19354,#19355);
#19353 = CARTESIAN_POINT('',(311.9775,-121.675,-4.6E-02));
#19354 = DIRECTION('',(-0.,-0.,-1.));
#19355 = DIRECTION('',(-0.,-1.,0.));
#19356 = ADVANCED_FACE('',(#19357),#19368,.F.);
#19357 = FACE_BOUND('',#19358,.T.);
#19358 = EDGE_LOOP('',(#19359,#19360,#19366,#19367));
#19359 = ORIENTED_EDGE('',*,*,#5429,.T.);
#19360 = ORIENTED_EDGE('',*,*,#19361,.T.);
#19361 = EDGE_CURVE('',#5430,#10911,#19362,.T.);
#19362 = LINE('',#19363,#19364);
#19363 = CARTESIAN_POINT('',(308.1675,-120.635,-4.6E-02));
#19364 = VECTOR('',#19365,1.);
#19365 = DIRECTION('',(0.,0.,1.));
#19366 = ORIENTED_EDGE('',*,*,#10910,.F.);
#19367 = ORIENTED_EDGE('',*,*,#19361,.F.);
#19368 = CYLINDRICAL_SURFACE('',#19369,1.5);
#19369 = AXIS2_PLACEMENT_3D('',#19370,#19371,#19372);
#19370 = CARTESIAN_POINT('',(308.1675,-119.135,-4.6E-02));
#19371 = DIRECTION('',(-0.,-0.,-1.));
#19372 = DIRECTION('',(-0.,-1.,0.));
#19373 = ADVANCED_FACE('',(#19374),#19385,.F.);
#19374 = FACE_BOUND('',#19375,.T.);
#19375 = EDGE_LOOP('',(#19376,#19377,#19383,#19384));
#19376 = ORIENTED_EDGE('',*,*,#5440,.T.);
#19377 = ORIENTED_EDGE('',*,*,#19378,.T.);
#19378 = EDGE_CURVE('',#5441,#10922,#19379,.T.);
#19379 = LINE('',#19380,#19381);
#19380 = CARTESIAN_POINT('',(317.0575,-122.55,-4.6E-02));
#19381 = VECTOR('',#19382,1.);
#19382 = DIRECTION('',(0.,0.,1.));
#19383 = ORIENTED_EDGE('',*,*,#10921,.F.);
#19384 = ORIENTED_EDGE('',*,*,#19378,.F.);
#19385 = CYLINDRICAL_SURFACE('',#19386,0.875);
#19386 = AXIS2_PLACEMENT_3D('',#19387,#19388,#19389);
#19387 = CARTESIAN_POINT('',(317.0575,-121.675,-4.6E-02));
#19388 = DIRECTION('',(-0.,-0.,-1.));
#19389 = DIRECTION('',(-0.,-1.,0.));
#19390 = ADVANCED_FACE('',(#19391),#19402,.F.);
#19391 = FACE_BOUND('',#19392,.T.);
#19392 = EDGE_LOOP('',(#19393,#19394,#19400,#19401));
#19393 = ORIENTED_EDGE('',*,*,#5451,.T.);
#19394 = ORIENTED_EDGE('',*,*,#19395,.T.);
#19395 = EDGE_CURVE('',#5452,#10933,#19396,.T.);
#19396 = LINE('',#19397,#19398);
#19397 = CARTESIAN_POINT('',(340.5475,-122.865,-4.6E-02));
#19398 = VECTOR('',#19399,1.);
#19399 = DIRECTION('',(0.,0.,1.));
#19400 = ORIENTED_EDGE('',*,*,#10932,.F.);
#19401 = ORIENTED_EDGE('',*,*,#19395,.F.);
#19402 = CYLINDRICAL_SURFACE('',#19403,0.4);
#19403 = AXIS2_PLACEMENT_3D('',#19404,#19405,#19406);
#19404 = CARTESIAN_POINT('',(340.5475,-122.465,-4.6E-02));
#19405 = DIRECTION('',(-0.,-0.,-1.));
#19406 = DIRECTION('',(-0.,-1.,0.));
#19407 = ADVANCED_FACE('',(#19408),#19419,.F.);
#19408 = FACE_BOUND('',#19409,.T.);
#19409 = EDGE_LOOP('',(#19410,#19411,#19417,#19418));
#19410 = ORIENTED_EDGE('',*,*,#5462,.T.);
#19411 = ORIENTED_EDGE('',*,*,#19412,.T.);
#19412 = EDGE_CURVE('',#5463,#10944,#19413,.T.);
#19413 = LINE('',#19414,#19415);
#19414 = CARTESIAN_POINT('',(325.9475,-122.55,-4.6E-02));
#19415 = VECTOR('',#19416,1.);
#19416 = DIRECTION('',(0.,0.,1.));
#19417 = ORIENTED_EDGE('',*,*,#10943,.F.);
#19418 = ORIENTED_EDGE('',*,*,#19412,.F.);
#19419 = CYLINDRICAL_SURFACE('',#19420,0.875);
#19420 = AXIS2_PLACEMENT_3D('',#19421,#19422,#19423);
#19421 = CARTESIAN_POINT('',(325.9475,-121.675,-4.6E-02));
#19422 = DIRECTION('',(-0.,-0.,-1.));
#19423 = DIRECTION('',(-0.,-1.,0.));
#19424 = ADVANCED_FACE('',(#19425),#19436,.F.);
#19425 = FACE_BOUND('',#19426,.T.);
#19426 = EDGE_LOOP('',(#19427,#19428,#19434,#19435));
#19427 = ORIENTED_EDGE('',*,*,#5473,.T.);
#19428 = ORIENTED_EDGE('',*,*,#19429,.T.);
#19429 = EDGE_CURVE('',#5474,#10955,#19430,.T.);
#19430 = LINE('',#19431,#19432);
#19431 = CARTESIAN_POINT('',(331.0275,-123.6689,-4.6E-02));
#19432 = VECTOR('',#19433,1.);
#19433 = DIRECTION('',(0.,0.,1.));
#19434 = ORIENTED_EDGE('',*,*,#10954,.F.);
#19435 = ORIENTED_EDGE('',*,*,#19429,.F.);
#19436 = CYLINDRICAL_SURFACE('',#19437,1.9939);
#19437 = AXIS2_PLACEMENT_3D('',#19438,#19439,#19440);
#19438 = CARTESIAN_POINT('',(331.0275,-121.675,-4.6E-02));
#19439 = DIRECTION('',(-0.,-0.,-1.));
#19440 = DIRECTION('',(-2.850866084598E-14,-1.,0.));
#19441 = ADVANCED_FACE('',(#19442),#19453,.F.);
#19442 = FACE_BOUND('',#19443,.T.);
#19443 = EDGE_LOOP('',(#19444,#19445,#19451,#19452));
#19444 = ORIENTED_EDGE('',*,*,#5484,.T.);
#19445 = ORIENTED_EDGE('',*,*,#19446,.T.);
#19446 = EDGE_CURVE('',#5485,#10966,#19447,.T.);
#19447 = LINE('',#19448,#19449);
#19448 = CARTESIAN_POINT('',(327.2175,-120.635,-4.6E-02));
#19449 = VECTOR('',#19450,1.);
#19450 = DIRECTION('',(0.,0.,1.));
#19451 = ORIENTED_EDGE('',*,*,#10965,.F.);
#19452 = ORIENTED_EDGE('',*,*,#19446,.F.);
#19453 = CYLINDRICAL_SURFACE('',#19454,1.5);
#19454 = AXIS2_PLACEMENT_3D('',#19455,#19456,#19457);
#19455 = CARTESIAN_POINT('',(327.2175,-119.135,-4.6E-02));
#19456 = DIRECTION('',(-0.,-0.,-1.));
#19457 = DIRECTION('',(-0.,-1.,0.));
#19458 = ADVANCED_FACE('',(#19459),#19470,.F.);
#19459 = FACE_BOUND('',#19460,.T.);
#19460 = EDGE_LOOP('',(#19461,#19462,#19468,#19469));
#19461 = ORIENTED_EDGE('',*,*,#5495,.T.);
#19462 = ORIENTED_EDGE('',*,*,#19463,.T.);
#19463 = EDGE_CURVE('',#5496,#10977,#19464,.T.);
#19464 = LINE('',#19465,#19466);
#19465 = CARTESIAN_POINT('',(336.1075,-122.55,-4.6E-02));
#19466 = VECTOR('',#19467,1.);
#19467 = DIRECTION('',(0.,0.,1.));
#19468 = ORIENTED_EDGE('',*,*,#10976,.F.);
#19469 = ORIENTED_EDGE('',*,*,#19463,.F.);
#19470 = CYLINDRICAL_SURFACE('',#19471,0.875);
#19471 = AXIS2_PLACEMENT_3D('',#19472,#19473,#19474);
#19472 = CARTESIAN_POINT('',(336.1075,-121.675,-4.6E-02));
#19473 = DIRECTION('',(-0.,-0.,-1.));
#19474 = DIRECTION('',(-0.,-1.,0.));
#19475 = ADVANCED_FACE('',(#19476),#19487,.F.);
#19476 = FACE_BOUND('',#19477,.T.);
#19477 = EDGE_LOOP('',(#19478,#19479,#19485,#19486));
#19478 = ORIENTED_EDGE('',*,*,#5506,.T.);
#19479 = ORIENTED_EDGE('',*,*,#19480,.T.);
#19480 = EDGE_CURVE('',#5507,#10988,#19481,.T.);
#19481 = LINE('',#19482,#19483);
#19482 = CARTESIAN_POINT('',(314.5175,-118.095,-4.6E-02));
#19483 = VECTOR('',#19484,1.);
#19484 = DIRECTION('',(0.,0.,1.));
#19485 = ORIENTED_EDGE('',*,*,#10987,.F.);
#19486 = ORIENTED_EDGE('',*,*,#19480,.F.);
#19487 = CYLINDRICAL_SURFACE('',#19488,1.5);
#19488 = AXIS2_PLACEMENT_3D('',#19489,#19490,#19491);
#19489 = CARTESIAN_POINT('',(314.5175,-116.595,-4.6E-02));
#19490 = DIRECTION('',(-0.,-0.,-1.));
#19491 = DIRECTION('',(-0.,-1.,0.));
#19492 = ADVANCED_FACE('',(#19493),#19504,.F.);
#19493 = FACE_BOUND('',#19494,.T.);
#19494 = EDGE_LOOP('',(#19495,#19496,#19502,#19503));
#19495 = ORIENTED_EDGE('',*,*,#5517,.T.);
#19496 = ORIENTED_EDGE('',*,*,#19497,.T.);
#19497 = EDGE_CURVE('',#5518,#10999,#19498,.T.);
#19498 = LINE('',#19499,#19500);
#19499 = CARTESIAN_POINT('',(333.5675,-118.095,-4.6E-02));
#19500 = VECTOR('',#19501,1.);
#19501 = DIRECTION('',(0.,0.,1.));
#19502 = ORIENTED_EDGE('',*,*,#10998,.F.);
#19503 = ORIENTED_EDGE('',*,*,#19497,.F.);
#19504 = CYLINDRICAL_SURFACE('',#19505,1.5);
#19505 = AXIS2_PLACEMENT_3D('',#19506,#19507,#19508);
#19506 = CARTESIAN_POINT('',(333.5675,-116.595,-4.6E-02));
#19507 = DIRECTION('',(-0.,-0.,-1.));
#19508 = DIRECTION('',(-0.,-1.,0.));
#19509 = ADVANCED_FACE('',(#19510),#19521,.F.);
#19510 = FACE_BOUND('',#19511,.T.);
#19511 = EDGE_LOOP('',(#19512,#19513,#19519,#19520));
#19512 = ORIENTED_EDGE('',*,*,#5528,.T.);
#19513 = ORIENTED_EDGE('',*,*,#19514,.T.);
#19514 = EDGE_CURVE('',#5529,#11010,#19515,.T.);
#19515 = LINE('',#19516,#19517);
#19516 = CARTESIAN_POINT('',(354.5225,-122.55,-4.6E-02));
#19517 = VECTOR('',#19518,1.);
#19518 = DIRECTION('',(0.,0.,1.));
#19519 = ORIENTED_EDGE('',*,*,#11009,.F.);
#19520 = ORIENTED_EDGE('',*,*,#19514,.F.);
#19521 = CYLINDRICAL_SURFACE('',#19522,0.875);
#19522 = AXIS2_PLACEMENT_3D('',#19523,#19524,#19525);
#19523 = CARTESIAN_POINT('',(354.5225,-121.675,-4.6E-02));
#19524 = DIRECTION('',(-0.,-0.,-1.));
#19525 = DIRECTION('',(-0.,-1.,0.));
#19526 = ADVANCED_FACE('',(#19527),#19538,.F.);
#19527 = FACE_BOUND('',#19528,.T.);
#19528 = EDGE_LOOP('',(#19529,#19530,#19536,#19537));
#19529 = ORIENTED_EDGE('',*,*,#5539,.T.);
#19530 = ORIENTED_EDGE('',*,*,#19531,.T.);
#19531 = EDGE_CURVE('',#5540,#11021,#19532,.T.);
#19532 = LINE('',#19533,#19534);
#19533 = CARTESIAN_POINT('',(355.7925,-120.635,-4.6E-02));
#19534 = VECTOR('',#19535,1.);
#19535 = DIRECTION('',(0.,0.,1.));
#19536 = ORIENTED_EDGE('',*,*,#11020,.F.);
#19537 = ORIENTED_EDGE('',*,*,#19531,.F.);
#19538 = CYLINDRICAL_SURFACE('',#19539,1.5);
#19539 = AXIS2_PLACEMENT_3D('',#19540,#19541,#19542);
#19540 = CARTESIAN_POINT('',(355.7925,-119.135,-4.6E-02));
#19541 = DIRECTION('',(-0.,-0.,-1.));
#19542 = DIRECTION('',(-0.,-1.,0.));
#19543 = ADVANCED_FACE('',(#19544),#19555,.F.);
#19544 = FACE_BOUND('',#19545,.T.);
#19545 = EDGE_LOOP('',(#19546,#19547,#19553,#19554));
#19546 = ORIENTED_EDGE('',*,*,#5550,.T.);
#19547 = ORIENTED_EDGE('',*,*,#19548,.T.);
#19548 = EDGE_CURVE('',#5551,#11032,#19549,.T.);
#19549 = LINE('',#19550,#19551);
#19550 = CARTESIAN_POINT('',(375.7975,-122.865,-4.6E-02));
#19551 = VECTOR('',#19552,1.);
#19552 = DIRECTION('',(0.,0.,1.));
#19553 = ORIENTED_EDGE('',*,*,#11031,.F.);
#19554 = ORIENTED_EDGE('',*,*,#19548,.F.);
#19555 = CYLINDRICAL_SURFACE('',#19556,0.4);
#19556 = AXIS2_PLACEMENT_3D('',#19557,#19558,#19559);
#19557 = CARTESIAN_POINT('',(375.7975,-122.465,-4.6E-02));
#19558 = DIRECTION('',(-0.,-0.,-1.));
#19559 = DIRECTION('',(-0.,-1.,0.));
#19560 = ADVANCED_FACE('',(#19561),#19572,.F.);
#19561 = FACE_BOUND('',#19562,.T.);
#19562 = EDGE_LOOP('',(#19563,#19564,#19570,#19571));
#19563 = ORIENTED_EDGE('',*,*,#5561,.T.);
#19564 = ORIENTED_EDGE('',*,*,#19565,.T.);
#19565 = EDGE_CURVE('',#5562,#11043,#19566,.T.);
#19566 = LINE('',#19567,#19568);
#19567 = CARTESIAN_POINT('',(359.6025,-123.6689,-4.6E-02));
#19568 = VECTOR('',#19569,1.);
#19569 = DIRECTION('',(0.,0.,1.));
#19570 = ORIENTED_EDGE('',*,*,#11042,.F.);
#19571 = ORIENTED_EDGE('',*,*,#19565,.F.);
#19572 = CYLINDRICAL_SURFACE('',#19573,1.9939);
#19573 = AXIS2_PLACEMENT_3D('',#19574,#19575,#19576);
#19574 = CARTESIAN_POINT('',(359.6025,-121.675,-4.6E-02));
#19575 = DIRECTION('',(-0.,-0.,-1.));
#19576 = DIRECTION('',(-0.,-1.,0.));
#19577 = ADVANCED_FACE('',(#19578),#19589,.F.);
#19578 = FACE_BOUND('',#19579,.T.);
#19579 = EDGE_LOOP('',(#19580,#19581,#19587,#19588));
#19580 = ORIENTED_EDGE('',*,*,#5572,.T.);
#19581 = ORIENTED_EDGE('',*,*,#19582,.T.);
#19582 = EDGE_CURVE('',#5573,#11054,#19583,.T.);
#19583 = LINE('',#19584,#19585);
#19584 = CARTESIAN_POINT('',(364.6825,-122.55,-4.6E-02));
#19585 = VECTOR('',#19586,1.);
#19586 = DIRECTION('',(0.,0.,1.));
#19587 = ORIENTED_EDGE('',*,*,#11053,.F.);
#19588 = ORIENTED_EDGE('',*,*,#19582,.F.);
#19589 = CYLINDRICAL_SURFACE('',#19590,0.875);
#19590 = AXIS2_PLACEMENT_3D('',#19591,#19592,#19593);
#19591 = CARTESIAN_POINT('',(364.6825,-121.675,-4.6E-02));
#19592 = DIRECTION('',(-0.,-0.,-1.));
#19593 = DIRECTION('',(-0.,-1.,0.));
#19594 = ADVANCED_FACE('',(#19595),#19606,.F.);
#19595 = FACE_BOUND('',#19596,.T.);
#19596 = EDGE_LOOP('',(#19597,#19598,#19604,#19605));
#19597 = ORIENTED_EDGE('',*,*,#5583,.T.);
#19598 = ORIENTED_EDGE('',*,*,#19599,.T.);
#19599 = EDGE_CURVE('',#5584,#11065,#19600,.T.);
#19600 = LINE('',#19601,#19602);
#19601 = CARTESIAN_POINT('',(347.69625,-116.214,-4.6E-02));
#19602 = VECTOR('',#19603,1.);
#19603 = DIRECTION('',(0.,0.,1.));
#19604 = ORIENTED_EDGE('',*,*,#11064,.F.);
#19605 = ORIENTED_EDGE('',*,*,#19599,.F.);
#19606 = CYLINDRICAL_SURFACE('',#19607,1.524);
#19607 = AXIS2_PLACEMENT_3D('',#19608,#19609,#19610);
#19608 = CARTESIAN_POINT('',(347.69625,-114.69,-4.6E-02));
#19609 = DIRECTION('',(-0.,-0.,-1.));
#19610 = DIRECTION('',(-0.,-1.,0.));
#19611 = ADVANCED_FACE('',(#19612),#19623,.F.);
#19612 = FACE_BOUND('',#19613,.T.);
#19613 = EDGE_LOOP('',(#19614,#19615,#19621,#19622));
#19614 = ORIENTED_EDGE('',*,*,#5594,.T.);
#19615 = ORIENTED_EDGE('',*,*,#19616,.T.);
#19616 = EDGE_CURVE('',#5595,#11076,#19617,.T.);
#19617 = LINE('',#19618,#19619);
#19618 = CARTESIAN_POINT('',(362.1425,-118.095,-4.6E-02));
#19619 = VECTOR('',#19620,1.);
#19620 = DIRECTION('',(0.,0.,1.));
#19621 = ORIENTED_EDGE('',*,*,#11075,.F.);
#19622 = ORIENTED_EDGE('',*,*,#19616,.F.);
#19623 = CYLINDRICAL_SURFACE('',#19624,1.5);
#19624 = AXIS2_PLACEMENT_3D('',#19625,#19626,#19627);
#19625 = CARTESIAN_POINT('',(362.1425,-116.595,-4.6E-02));
#19626 = DIRECTION('',(-0.,-0.,-1.));
#19627 = DIRECTION('',(-0.,-1.,0.));
#19628 = ADVANCED_FACE('',(#19629),#19640,.F.);
#19629 = FACE_BOUND('',#19630,.T.);
#19630 = EDGE_LOOP('',(#19631,#19632,#19638,#19639));
#19631 = ORIENTED_EDGE('',*,*,#5605,.T.);
#19632 = ORIENTED_EDGE('',*,*,#19633,.T.);
#19633 = EDGE_CURVE('',#5606,#11087,#19634,.T.);
#19634 = LINE('',#19635,#19636);
#19635 = CARTESIAN_POINT('',(371.50875,-116.214,-4.6E-02));
#19636 = VECTOR('',#19637,1.);
#19637 = DIRECTION('',(0.,0.,1.));
#19638 = ORIENTED_EDGE('',*,*,#11086,.F.);
#19639 = ORIENTED_EDGE('',*,*,#19633,.F.);
#19640 = CYLINDRICAL_SURFACE('',#19641,1.524);
#19641 = AXIS2_PLACEMENT_3D('',#19642,#19643,#19644);
#19642 = CARTESIAN_POINT('',(371.50875,-114.69,-4.6E-02));
#19643 = DIRECTION('',(-0.,-0.,-1.));
#19644 = DIRECTION('',(-0.,-1.,0.));
#19645 = ( GEOMETRIC_REPRESENTATION_CONTEXT(3) 
GLOBAL_UNCERTAINTY_ASSIGNED_CONTEXT((#19649)) 
GLOBAL_UNIT_ASSIGNED_CONTEXT((#19646,#19647,#19648)) 
REPRESENTATION_CONTEXT('Context #1',
  '3D Context with UNIT and UNCERTAINTY') );
#19646 = ( LENGTH_UNIT() NAMED_UNIT(*) SI_UNIT(.MILLI.,.METRE.) );
#19647 = ( NAMED_UNIT(*) PLANE_ANGLE_UNIT() SI_UNIT($,.RADIAN.) );
#19648 = ( NAMED_UNIT(*) SI_UNIT($,.STERADIAN.) SOLID_ANGLE_UNIT() );
#19649 = UNCERTAINTY_MEASURE_WITH_UNIT(LENGTH_MEASURE(1.E-07),#19646,
  'distance_accuracy_value','confusion accuracy');
#19650 = CONTEXT_DEPENDENT_SHAPE_REPRESENTATION(#19651,#19653);
#19651 = ( REPRESENTATION_RELATIONSHIP('','',#32,#10) 
REPRESENTATION_RELATIONSHIP_WITH_TRANSFORMATION(#19652) 
SHAPE_REPRESENTATION_RELATIONSHIP() );
#19652 = ITEM_DEFINED_TRANSFORMATION('','',#11,#15);
#19653 = PRODUCT_DEFINITION_SHAPE('Placement','Placement of an item',
  #19654);
#19654 = NEXT_ASSEMBLY_USAGE_OCCURRENCE('1','=>[0:1:1:2]','',#5,#27,$);
#19655 = PRODUCT_RELATED_PRODUCT_CATEGORY('part',$,(#29));
#19656 = MECHANICAL_DESIGN_GEOMETRIC_PRESENTATION_REPRESENTATION('',(
    #19657),#19645);
#19657 = STYLED_ITEM('color',(#19658),#33);
#19658 = PRESENTATION_STYLE_ASSIGNMENT((#19659));
#19659 = SURFACE_STYLE_USAGE(.BOTH.,#19660);
#19660 = SURFACE_SIDE_STYLE('',(#19661));
#19661 = SURFACE_STYLE_FILL_AREA(#19662);
#19662 = FILL_AREA_STYLE('',(#19663));
#19663 = FILL_AREA_STYLE_COLOUR('',#19664);
#19664 = COLOUR_RGB('',0.313304153717,0.484529207832,0.410020903123);
ENDSEC;
END-ISO-10303-21;
